INSERT INTO `teacher` (`idTeacher`, `name`, `lastName`, `dui`, `password`, `email`, `birthdate`, `sex`, `profession`, `residence`, `phone`, `state`, `photo`) VALUES
('D2182', 'Josué Leonardo', 'Guevara Sanchez', '00005555-3', '55R2*49l2/10363/110133!10143?48e2/117213!111153-', 'yaton2020@gmail.com', '1990-09-29', 'M', 'Ing. Mecanico', 'San Salvador, Soyapango', '7002-2412', 1, 'photo.png'),
('D2414', 'Matilda Eleonor', 'Cruz Quintana', '12348174-5', '107103*9702?49l2/9922*49l2-85482!48e2/84472*', 'mat.cruz@gmail.com', '1980-04-09', 'F', 'Licenciada en Ciencias Naturales', 'Col. Los Ángeles', '65987421', 1, 'photo.png'),
('D3132', 'Vicentico Rodrigo', 'Bunbury Escalante', '09093311-1', '116203?113173*118223!109123*86492!86492*50a2!79422*', 'yaton2020@gmail.com', '1991-08-07', 'M', 'Ing. Químico', 'San Salvador, Soyapango', '7001-8001', 1, 'photo.png'),
('D4198', 'Valeria Ximena', 'Villafañe Sandoval', '00990099-3', '52A2/116203-53L2*10473!115193/116203-111153-55R2/', 'yaton2020@gmail.com', '1991-04-27', 'F', 'Ing. Industrial', 'San Salvador, Soyapango', '7271-1111', 1, 'photo.png'),
('D4994', 'Carlos Andres', 'Ayala Damasco', '00901234-4', '109123-111153?10033?120243/85482-86492!52A2!56o2*', 'yaton2020@gmail.com', '1981-01-31', 'M', 'Ing. Eléctrico', 'San Salvador, Soyapango', '7003-0005', 1, 'photo.png'),
('D5587', 'Camila Valentina', 'Sixtina Pinta', '00009993-8', '117213/109123?56o2/9812*81442*75372*65272!80432-', 'yaton2020@gmail.com', '1984-03-10', 'F', 'Ing. Sistema Informáticos', 'San Salvador, Soyapango', '7676-3434', 1, 'photo.png'),
('D5991', 'Isabel Juliana', 'Aguirre Suárez', '09022787-1', '110133?121253!9922/114183!49l2/79422!85482!72342!', 'yaton2020@gmail.com', '1990-10-20', 'F', 'Ing. Industrial', 'San Salvador, Ciudad Delgado', '7435-1100', 1, 'photo.png'),
('D6151', 'Kevin José', 'Aguilar Urquilla', '44440000-2', '9702/53L2/10143?49l2-10363-52A2/115193?10363*', 'yaton2020@gmail.com', '1998-04-11', 'M', 'Ing. Industrial', 'San Salvador, Soyapango', '7002-0001', 1, 'photo.png'),
('D6979', 'Ashley Agustina', 'Castro Rojas', '09098787-1', '10473?114183*56o2*9922?112163-57p2!55R2*113173?', 'yaton2020@gmail.com', '1982-01-15', 'F', 'Ing. Sistema Informáticos', 'San Salvador, Ciudad Delgado', '7878-1111', 1, 'photo.png'),
('D7647', 'Isabel Juliana', 'Aguirre Suárez', '33098787-1', '112163-114183!52A2/10583/72342!65272!65272?70322/68302!52A2/', 'yaton2020@gmail.com', '1988-06-25', 'F', 'Lic. Contaduría', 'San Salvador, Ciudad Delgado', '7778-7889', 1, 'photo.png'),
('D8495', 'Sara Victoria', 'Dulce Manzanar', '09123456-1', '49l2?120243!57p2/55R2/9702-110133!110133/10363/', 'yaton2020@gmail.com', '1988-03-19', 'F', 'Ing. Mecánica', 'San Salvador, Ciudad Delgado', '7801-1111', 1, 'photo.png'),
('D9292', 'Carla Vanessa', 'Silva Ortiz', '09038745-1', '108113-50a2?49l2/10253-113173?48e2/120243!10583!111153*', 'yaton2020@gmail.com', '1983-05-07', 'F', 'Ing. Mecánica', 'San Salvador, Ciudad Delgado', '7666-6789', 1, 'photo.png');

INSERT INTO `period` (`idPeriod`, `startDate`, `endDate`, `percentage`, `nthPeriod`) VALUES
(1, '2017-08-30', '2017-09-06', 20, 1);

INSERT INTO `specialty` (`idSpecialty`, `sName`) VALUES
(1, 'Electrónica'),
(2, 'Sistemas Informáticos'),
(3, 'Mantenimiento Automotriz'),
(4, 'Electromecánica'),
(5, 'Administración Contable'),
(6, 'Diseño Gráfico');


INSERT INTO `section` (`idSection`, `idLevel`, `idSpecialty`, `sectionIdentifier`, `sState`, `idTeacher`) VALUES
(1, 1, 1, 'A', 0, 'D1466'),
(2, 1, 2, 'B', 0, 'D3132'),
(3, 1, 3, 'C', 0, 'D6151'),
(4, 1, 4, 'D', 0, 'D2182'),
(5, 2, 2, 'A', 0, 'D4994'),
(6, 2, 1, 'B', 0, 'D5587'),
(7, 2, 3, 'C', 0, 'D8495'),
(8, 2, 4, 'D', 0, 'D4198'),
(9, 3, 2, 'A', 0, 'D6979'),
(10, 3, 1, 'B', 0, 'D7647'),
(11, 3, 3, 'C', 0, 'D5991'),
(12, 3, 4, 'D', 0, 'D9292');


CREATE TABLE `section_schedule_1` (
  `idRegister` int(15) NOT NULL,
  `idScheduleRegister` int(15) NOT NULL
) ENGINE=InnoDB DEFAULT CHARSET=utf8 COLLATE=utf8_spanish2_ci;

CREATE TABLE `section_schedule_2` (
  `idRegister` int(15) NOT NULL,
  `idScheduleRegister` int(15) NOT NULL
) ENGINE=InnoDB DEFAULT CHARSET=utf8 COLLATE=utf8_spanish2_ci;

CREATE TABLE `section_schedule_3` (
  `idRegister` int(15) NOT NULL,
  `idScheduleRegister` int(15) NOT NULL
) ENGINE=InnoDB DEFAULT CHARSET=utf8 COLLATE=utf8_spanish2_ci;

CREATE TABLE `section_schedule_4` (
  `idRegister` int(15) NOT NULL,
  `idScheduleRegister` int(15) NOT NULL
) ENGINE=InnoDB DEFAULT CHARSET=utf8 COLLATE=utf8_spanish2_ci;

CREATE TABLE `section_schedule_5` (
  `idRegister` int(15) NOT NULL,
  `idScheduleRegister` int(15) NOT NULL
) ENGINE=InnoDB DEFAULT CHARSET=utf8 COLLATE=utf8_spanish2_ci;

CREATE TABLE `section_schedule_6` (
  `idRegister` int(15) NOT NULL,
  `idScheduleRegister` int(15) NOT NULL
) ENGINE=InnoDB DEFAULT CHARSET=utf8 COLLATE=utf8_spanish2_ci;

CREATE TABLE `section_schedule_7` (
  `idRegister` int(15) NOT NULL,
  `idScheduleRegister` int(15) NOT NULL
) ENGINE=InnoDB DEFAULT CHARSET=utf8 COLLATE=utf8_spanish2_ci;

CREATE TABLE `section_schedule_8` (
  `idRegister` int(15) NOT NULL,
  `idScheduleRegister` int(15) NOT NULL
) ENGINE=InnoDB DEFAULT CHARSET=utf8 COLLATE=utf8_spanish2_ci;

CREATE TABLE `section_schedule_9` (
  `idRegister` int(15) NOT NULL,
  `idScheduleRegister` int(15) NOT NULL
) ENGINE=InnoDB DEFAULT CHARSET=utf8 COLLATE=utf8_spanish2_ci;

CREATE TABLE `section_schedule_10` (
  `idRegister` int(15) NOT NULL,
  `idScheduleRegister` int(15) NOT NULL
) ENGINE=InnoDB DEFAULT CHARSET=utf8 COLLATE=utf8_spanish2_ci;

CREATE TABLE `section_schedule_11` (
  `idRegister` int(15) NOT NULL,
  `idScheduleRegister` int(15) NOT NULL
) ENGINE=InnoDB DEFAULT CHARSET=utf8 COLLATE=utf8_spanish2_ci;

CREATE TABLE `section_schedule_12` (
  `idRegister` int(15) NOT NULL,
  `idScheduleRegister` int(15) NOT NULL
) ENGINE=InnoDB DEFAULT CHARSET=utf8 COLLATE=utf8_spanish2_ci;

ALTER TABLE `section_schedule_1`
  ADD PRIMARY KEY (`idRegister`),
  ADD KEY `idScheduleRegister` (`idScheduleRegister`);

ALTER TABLE `section_schedule_2`
  ADD PRIMARY KEY (`idRegister`),
  ADD KEY `idScheduleRegister` (`idScheduleRegister`);

ALTER TABLE `section_schedule_3`
  ADD PRIMARY KEY (`idRegister`),
  ADD KEY `idScheduleRegister` (`idScheduleRegister`);

ALTER TABLE `section_schedule_4`
  ADD PRIMARY KEY (`idRegister`),
  ADD KEY `idScheduleRegister` (`idScheduleRegister`);

ALTER TABLE `section_schedule_5`
  ADD PRIMARY KEY (`idRegister`),
  ADD KEY `idScheduleRegister` (`idScheduleRegister`);

ALTER TABLE `section_schedule_6`
  ADD PRIMARY KEY (`idRegister`),
  ADD KEY `idScheduleRegister` (`idScheduleRegister`);

ALTER TABLE `section_schedule_7`
  ADD PRIMARY KEY (`idRegister`),
  ADD KEY `idScheduleRegister` (`idScheduleRegister`);

ALTER TABLE `section_schedule_8`
  ADD PRIMARY KEY (`idRegister`),
  ADD KEY `idScheduleRegister` (`idScheduleRegister`);

ALTER TABLE `section_schedule_9`
  ADD PRIMARY KEY (`idRegister`),
  ADD KEY `idScheduleRegister` (`idScheduleRegister`);

ALTER TABLE `section_schedule_10`
  ADD PRIMARY KEY (`idRegister`),
  ADD KEY `idScheduleRegister` (`idScheduleRegister`);

ALTER TABLE `section_schedule_11`
  ADD PRIMARY KEY (`idRegister`),
  ADD KEY `idScheduleRegister` (`idScheduleRegister`);

ALTER TABLE `section_schedule_12`
  ADD PRIMARY KEY (`idRegister`),
  ADD KEY `idScheduleRegister` (`idScheduleRegister`);

ALTER TABLE `section_schedule_1`
  MODIFY `idRegister` int(15) NOT NULL AUTO_INCREMENT;

ALTER TABLE `section_schedule_2`
  MODIFY `idRegister` int(15) NOT NULL AUTO_INCREMENT;

ALTER TABLE `section_schedule_3`
  MODIFY `idRegister` int(15) NOT NULL AUTO_INCREMENT;

ALTER TABLE `section_schedule_4`
  MODIFY `idRegister` int(15) NOT NULL AUTO_INCREMENT;

ALTER TABLE `section_schedule_5`
  MODIFY `idRegister` int(15) NOT NULL AUTO_INCREMENT;

ALTER TABLE `section_schedule_6`
  MODIFY `idRegister` int(15) NOT NULL AUTO_INCREMENT;

ALTER TABLE `section_schedule_7`
  MODIFY `idRegister` int(15) NOT NULL AUTO_INCREMENT;

ALTER TABLE `section_schedule_8`
  MODIFY `idRegister` int(15) NOT NULL AUTO_INCREMENT;

ALTER TABLE `section_schedule_9`
  MODIFY `idRegister` int(15) NOT NULL AUTO_INCREMENT;

ALTER TABLE `section_schedule_10`
  MODIFY `idRegister` int(15) NOT NULL AUTO_INCREMENT;

ALTER TABLE `section_schedule_11`
  MODIFY `idRegister` int(15) NOT NULL AUTO_INCREMENT;

ALTER TABLE `section_schedule_12`
  MODIFY `idRegister` int(15) NOT NULL AUTO_INCREMENT;

ALTER TABLE `section_schedule_1`
  ADD CONSTRAINT `section_schedule_1_ibfk_1` FOREIGN KEY (`idScheduleRegister`) REFERENCES `schedule_register` (`idS_Register`);

ALTER TABLE `section_schedule_2`
  ADD CONSTRAINT `section_schedule_2_ibfk_1` FOREIGN KEY (`idScheduleRegister`) REFERENCES `schedule_register` (`idS_Register`);

ALTER TABLE `section_schedule_3`
  ADD CONSTRAINT `section_schedule_3_ibfk_1` FOREIGN KEY (`idScheduleRegister`) REFERENCES `schedule_register` (`idS_Register`);

ALTER TABLE `section_schedule_4`
  ADD CONSTRAINT `section_schedule_4_ibfk_1` FOREIGN KEY (`idScheduleRegister`) REFERENCES `schedule_register` (`idS_Register`);

ALTER TABLE `section_schedule_5`
  ADD CONSTRAINT `section_schedule_5_ibfk_1` FOREIGN KEY (`idScheduleRegister`) REFERENCES `schedule_register` (`idS_Register`);

ALTER TABLE `section_schedule_6`
  ADD CONSTRAINT `section_schedule_6_ibfk_1` FOREIGN KEY (`idScheduleRegister`) REFERENCES `schedule_register` (`idS_Register`);

ALTER TABLE `section_schedule_7`
  ADD CONSTRAINT `section_schedule_7_ibfk_1` FOREIGN KEY (`idScheduleRegister`) REFERENCES `schedule_register` (`idS_Register`);

ALTER TABLE `section_schedule_8`
  ADD CONSTRAINT `section_schedule_8_ibfk_1` FOREIGN KEY (`idScheduleRegister`) REFERENCES `schedule_register` (`idS_Register`);

ALTER TABLE `section_schedule_9`
  ADD CONSTRAINT `section_schedule_9_ibfk_1` FOREIGN KEY (`idScheduleRegister`) REFERENCES `schedule_register` (`idS_Register`);

ALTER TABLE `section_schedule_10`
  ADD CONSTRAINT `section_schedule_10_ibfk_1` FOREIGN KEY (`idScheduleRegister`) REFERENCES `schedule_register` (`idS_Register`);

ALTER TABLE `section_schedule_11`
  ADD CONSTRAINT `section_schedule_11_ibfk_1` FOREIGN KEY (`idScheduleRegister`) REFERENCES `schedule_register` (`idS_Register`);

ALTER TABLE `section_schedule_12`
  ADD CONSTRAINT `section_schedule_12_ibfk_1` FOREIGN KEY (`idScheduleRegister`) REFERENCES `schedule_register` (`idS_Register`);


INSERT INTO `subject` (`idSubject`, `nameSubject`, `idTeacher`, `acronym`, `description`) VALUES
(1, 'Estudios Sociales', 'D1754', 'SOC', 'El campo de los estudios sociales es un campo amplio y multidisciplinario que comprende las ciencias'),
(2, 'Lenguaje y Literatura', 'D1466', 'LN', 'El lenguaje y la literatura son los medios que la humanidad ha establecido para facilitar la comunic'),
(3, 'Metalurgia', 'D4198', 'MLA', 'Todos sobre los metales.'),
(4, 'Metalurgia II', 'D4198', 'MLA II', 'Procesos de Industrialización'),
(5, 'Lenguajes de Programación', 'D5587', 'LP', 'Bases de la programación'),
(6, 'Lenguajes de Programación II', 'D5587', 'LP II', 'Procesos de complejidad avanzados y manejo de datos estructurados.'),
(7, 'Automatización', 'D2182', 'AUT', 'Conceptos básicos de los procesos de automatización'),
(8, 'Automatización II', 'D2182', 'AUT II', 'Manejo de automatización de procesos a nivel industrial'),
(9, 'Circuitos Digitales', 'D4994', 'CD', 'Conceptos básicos sobre el desarrollo, composición y funcionalidad de los distintos componentes elec'),
(10, 'Circuitos Digitales II', 'D4994', 'CD II', 'Introducción a la programación de componentes electrónicos y circuitos integrados.'),
(11, 'Matemáticas', 'D3132', 'MAT', ' partir de axiomas y siguiendo razonamientos lógicos, las matemáticas analizan estructuras, magnitud'),
(12, 'Ciencias Físicas', 'D4994', 'CF', 'Entender la estructura de las leyes de la Física y tomar parte en el descubrimiento de nuevos fenóme'),
(13, 'Ciencias Biológicas', 'D2414', 'CB', 'Es la disciplina que tiene como foco de estudio a los organismos vivos y todo lo inherente a los mis'),
(14, 'Ciencias Químicas', 'D3132', 'CQ', 'Es la ciencia que estudia tanto la composición, la estructura y las propiedades de la materia como l'),
(15, 'Redes de Área Local', 'D1466', 'LAN', 'Introducción a las redes informáticas.'),
(16, 'Redes de Área Local II', 'D1466', 'LAN II', 'Composición de Redes locales y comunicación entre ellas.'),
(17, 'Redes de Área Amplia', 'D1754', 'WAN', 'Abstracción de redes y complexión de estas.'),
(18, 'Programación Orientada a Objetos', 'D6979', 'POO', 'Paradigma de programación POO'),
(19, 'Sistemas Digitales y Electrónicos', 'D9292', 'SDE', 'Estudio de los sistemas eléctricos y digitales que componen los automóviles.'),
(20, 'Lenguajes de Programación', 'D6151', 'LP', 'Programación avanzada de circuitos integrados.'),
(21, 'Automatización Avanzada', 'D4198', 'AUTA', 'Procesos avanzados y profesionales'),
(22, 'Estudios Sociales', 'D5991', 'SOC', 'El campo de los estudios sociales es un campo amplio y multidisciplinario que comprende las ciencias'),
(23, 'Lenguaje', 'D1466', 'LN', 'El lenguaje y la literatura son los medios que la humanidad ha establecido para facilitar la comunic'),
(24, 'Ciencias Biológicas', 'D2414', 'CB', 'Es la disciplina que tiene como foco de estudio a los organismos vivos y todo lo inherente a los mis'),
(25, 'Ciencias Físicas', 'D4994', 'CF', 'Entender la estructura de las leyes de la Física y tomar parte en el descubrimiento de nuevos fenóme'),
(26, 'Ciencias Químicas', 'D3132', 'CQ', 'Es la disciplina que tiene como foco de estudio a los organismos vivos y todo lo inherente a los mis'),
(27, 'Matemática', 'D3132', 'MAT', ' partir de axiomas y siguiendo razonamientos lógicos, las matemáticas analizan estructuras, magnitud');

INSERT INTO `register_subject` (`idRegisterSubject`, `idSubject`, `idSection`) VALUES
(1, 1, 1),
(2, 1, 2),
(3, 2, 1),
(4, 2, 2),
(5, 3, 1),
(6, 3, 3),
(7, 3, 4),
(8, 4, 6),
(9, 4, 7),
(10, 4, 8),
(11, 5, 2),
(12, 6, 5),
(13, 7, 3),
(14, 7, 4),
(15, 8, 7),
(16, 8, 8),
(17, 10, 6),
(18, 9, 1),
(19, 11, 1),
(20, 11, 2),
(21, 11, 3),
(22, 11, 4),
(23, 27, 5),
(24, 27, 6),
(25, 27, 7),
(26, 27, 8),
(27, 1, 3),
(28, 1, 4),
(29, 22, 5),
(30, 22, 6),
(31, 22, 7),
(32, 22, 8),
(33, 2, 3),
(34, 2, 4),
(35, 23, 5),
(36, 23, 6),
(37, 23, 7),
(38, 23, 8),
(39, 12, 2),
(40, 12, 3),
(41, 12, 4),
(42, 25, 5),
(43, 25, 6),
(44, 25, 7),
(45, 25, 8),
(46, 13, 2),
(47, 13, 3),
(48, 13, 4),
(49, 24, 5),
(50, 24, 6),
(51, 24, 7),
(52, 24, 8),
(53, 14, 2),
(54, 14, 3),
(55, 14, 4),
(56, 26, 5),
(57, 26, 6),
(58, 26, 7),
(59, 26, 8),
(60, 15, 2),
(61, 16, 5),
(62, 17, 9),
(63, 18, 9),
(64, 19, 11),
(65, 20, 10),
(66, 21, 12),
(67, 12, 1),
(68, 13, 1),
(69, 14, 1);


INSERT INTO `student` (`idStudent`, `name`, `lastName`, `password`, `email`, `birthdate`, `sex`, `residence`, `idSection`, `state`, `stateAcademic`, `photo`, `verified`) VALUES
('AA9176', 'Anthony Francisco', 'Acosta Sosa', '113173/57p2!51y2?48e2-51y2-78402!66282!84472?', 'yaton2020@gmail.com', '1988-02-22', 'M', 'Apopa', 11, 1, 'A', 'photo.png', 0),
('AC4113', 'Adrían Miguel Angel', 'Castro Vera', '56o2/110133-108113-120243?72342?67292-88512*52A2/', 'yaton2020@gmail.com', '1987-12-23', 'M', 'Ilopango', 12, 1, 'A', 'photo.png', 0),
('AC5563', 'Alexander Samuel', 'Castillo Ortiz', '121253-55R2-115193-52A2/73352-83462?86492/54F2-', 'yaton2020@gmail.com', '1989-02-02', 'M', 'Ciudad Delgado', 2, 1, 'A', 'photo.png', 0),
('AC5755', 'Axel Leonardo', 'Carrizo Juárez', '51y2-49l2?53L2*111153?114183-122263-10693/9702/', 'yaton2020@gmail.com', '1988-11-06', 'M', 'Apopa', 9, 1, 'A', 'photo.png', 0),
('AC8372', 'Agustin Oscar', 'Cabrera Vega', '10033-54F2-10143/115193-55R2/117213/115193!54F2-', 'yaton2020@gmail.com', '1987-02-17', 'M', 'Ciudad Delgado', 4, 1, 'A', 'photo.png', 0),
('AC9757', 'Agustin Miguel', 'Castillo Ramírez', '112163?56o2*10253/48e2*110133?120243?115193-114183-', 'yaton2020@gmail.com', '1989-10-26', 'M', 'Ciudad Delgado', 6, 1, 'A', 'photo.png', 0),
('AD8319', 'Alejandro Dylan', 'Díaz Flores', '114183*10363*56o2-112163!118223/118223-10363/114183?', 'yaton2020@gmail.com', '1987-02-16', 'M', 'Ciudad Delgado', 10, 1, 'A', 'photo.png', 0),
('AF6686', 'Antonio Leonardo', 'Fernández López', '51y2-113173-113173?121253?67292!82452!71332/57p2*', 'yaton2020@gmail.com', '1988-01-01', 'M', 'Soyanpango', 6, 1, 'A', 'photo.png', 0),
('AG3433', 'Alejandro Juan Manuel', 'Gómez Flores', '10693-49l2-112163!9812!88512/68302!54F2?71332*', 'yaton2020@gmail.com', '1987-11-07', 'M', 'Soyanpango', 5, 1, 'A', 'photo.png', 0),
('ÁG3889', 'Álvaro Jorge', 'Gutiérrez Ferreyra', '49l2!114183*52A2*10583?76382*80432!67292*80432/', 'yaton2020@gmail.com', '1989-12-06', 'M', 'Ilopango', 11, 1, 'A', 'photo.png', 0),
('AG4952', 'Aaron Cesar', 'Gómez Gómez', '122263-9922/52A2/56o2?57p2*57p2*119233!109123/', 'yaton2020@gmail.com', '1987-02-16', 'M', 'Apopa', 10, 1, 'A', 'photo.png', 0),
('AG5462', 'Aaron Mauricio', 'González Pérez', '49l2!118223-114183?10473?79422?87502/87502?67292*74362/76382-71332*', 'yaton2020@gmail.com', '1988-10-11', 'M', 'Apopa', 3, 1, 'A', 'photo.png', 0),
('AJ3557', 'Agustin Eduardo', 'Juárez Sánchez', '122263*108113?107103!53L2*9812*113173?111153*57p2/', 'yaton2020@gmail.com', '1987-02-05', 'M', 'Soyanpango', 8, 1, 'A', 'photo.png', 0),
('AL1951', 'Aaron Juan Manuel', 'López Álvarez', '53L2-107103-10253-120243?48e2!56o2-113173*10253-', 'yaton2020@gmail.com', '1989-01-01', 'M', 'Ilopango', 8, 1, 'A', 'photo.png', 0),
('AM1481', 'Alejandro Mathew', 'Muñoz González', '108113?10693*116203*10473/79422?76382/66282?85482-', 'yaton2020@gmail.com', '1987-06-14', 'M', 'Ilopango', 11, 1, 'A', 'photo.png', 0),
('AM1638', 'Alexander Alexander', 'Martínez Gómez', '48e2/117213*108113?110133/87502?70322-88512-70322-', 'yaton2020@gmail.com', '1989-02-02', 'M', 'Apopa', 2, 1, 'A', 'photo.png', 0),
('AM3292', 'Adrían Cristobal', 'Medina Ortiz', '50a2!108113!51y2!57p2-49l2*75372/57p2-57p2?66282*71332*75372!', 'yaton2020@gmail.com', '1988-02-19', 'M', 'Soyanpango', 12, 1, 'A', 'photo.png', 0),
('ÁN9224', 'Ángel Luca', 'Núñez Peralta', '57p2?10033?49l2/121253-68302*68302?90532?57p2*', 'yaton2020@gmail.com', '1989-02-02', 'M', 'Ciudad Delgado', 2, 1, 'A', 'photo.png', 0),
('AP7669', 'Aaron Marcos', 'Peralta Ortiz', '10583/118223*118223?112163!9812?112163-120243-109123*', 'yaton2020@gmail.com', '1988-10-11', 'M', 'Ilopango', 3, 1, 'A', 'photo.png', 0),
('AP9214', 'Axel Dylan', 'Peralta Pereyra', '107103!9702/48e2*122263!76382/82452-90532?86492!', 'yaton2020@gmail.com', '1988-02-22', 'M', 'Soyanpango', 11, 1, 'A', 'photo.png', 0),
('AR5325', 'Alejandro Alexander', 'Romero Gutiérrez', '109123*52A2-113173/111153?115193?9922*120243!110133?', 'yaton2020@gmail.com', '1987-03-04', 'M', 'Ciudad Delgado', 5, 1, 'A', 'photo.png', 0),
('ÁR5923', 'Álvaro Francisco', 'Ramírez Pereyra', '9922-119233?9702*108113?86492!84472/66282!75372?', 'yaton2020@gmail.com', '1989-02-02', 'M', 'Apopa', 2, 1, 'A', 'photo.png', 0),
('AR6451', 'Antonio Joshua', 'Rodríguez Silva', '122263?51y2!115193/50a2/86492?56o2!55R2*74362/', 'yaton2020@gmail.com', '1989-07-02', 'M', 'Ilopango', 10, 1, 'A', 'photo.png', 0),
('AR6454', 'Agustin Jeronimo', 'Ríos Gómez', '10033-55R2?54F2!50a2*10473-57p2*10033*114183*', 'yaton2020@gmail.com', '1988-02-19', 'M', 'Soyanpango', 12, 1, 'A', 'photo.png', 0),
('AR7259', 'Andrés Samuel', 'Rodríguez Benítez', '10253?107103?10583?49l2/56o2-122263*9812!9812-', 'yaton2020@gmail.com', '1989-02-02', 'M', 'Soyanpango', 2, 1, 'A', 'photo.png', 0),
('AS1983', 'Aaron Juan David', 'Sosa Torres', '54F2?112163?10143/108113*10363!9812*55R2?115193!', 'yaton2020@gmail.com', '1987-09-22', 'M', 'Soyanpango', 1, 1, 'A', 'photo.png', 0),
('AS7999', 'Aaron Joshua', 'Sosa Suárez', '111153!118223!112163/10693?82452*86492-86492?85482!', 'yaton2020@gmail.com', '1989-05-02', 'M', 'Ilopango', 9, 1, 'A', 'photo.png', 0),
('ÁT4399', 'Álvaro Juan Sebastian', 'Torres Ledesma', '10473-10583*10583!56o2?53L2-67292*76382*70322?', 'yaton2020@gmail.com', '1987-02-17', 'M', 'Ilopango', 4, 1, 'A', 'photo.png', 0),
('AT5162', 'Aaron Gabriel', 'Torres Núñez', '10143?9702*10583/10583?48e2!86492-50a2?72342*', 'yaton2020@gmail.com', '1987-02-05', 'M', 'Apopa', 8, 1, 'A', 'photo.png', 0),
('AT6834', 'Aaron Ricardo', 'Torres Benítez', '50a2?107103/10143-57p2?78402?52A2!57p2/71332*', 'yaton2020@gmail.com', '1987-12-23', 'M', 'Soyanpango', 12, 1, 'A', 'photo.png', 0),
('AV1432', 'Antonio Rodrigo', 'Vega Torres', '114183!52A2!120243?10693*109123*52A2*115193!9812!', 'yaton2020@gmail.com', '1989-02-27', 'M', 'Ilopango', 6, 1, 'A', 'photo.png', 0),
('AV2194', 'Andrés Juan Manuel', 'Vera Moreno', '49l2*57p2/9702?48e2*117213!10033*115193/53L2/', 'yaton2020@gmail.com', '1987-04-25', 'M', 'Soyanpango', 7, 1, 'A', 'photo.png', 0),
('AV5191', 'Aaron Leonardo', 'Vázquez Ortiz', '108113*10253?57p2!51y2*114183!122263!53L2/109123-', 'yaton2020@gmail.com', '1987-02-05', 'M', 'Apopa', 8, 1, 'A', 'photo.png', 0),
('AV9782', 'Aaron Miguel', 'Vega Ríos', '10033*113173*56o2?51y2-9702/108113-118223/10473!', 'yaton2020@gmail.com', '1987-04-25', 'M', 'Ilopango', 7, 1, 'A', 'photo.png', 0),
('BA3564', 'Bruno Fernando', 'Acosta Vera', '48e2*52A2!110133!112163!57p2/48e2*51y2-110133/', 'yaton2020@gmail.com', '1989-02-08', 'M', 'Ilopango', 9, 1, 'A', 'photo.png', 0),
('BC3517', 'Benjamin Felipe', 'Castro Peralta', '50a2?117213!9922/53L2/82452*55R2-90532-69312!89522?77392-', 'yaton2020@gmail.com', '1987-02-17', 'M', 'Soyanpango', 4, 1, 'A', 'photo.png', 0),
('BC4314', 'Benjamin Mario', 'Cabrera Vázquez', '112163-10693/48e2-114183*10143/111153?112163-110133!', 'yaton2020@gmail.com', '1989-07-02', 'M', 'Ilopango', 10, 1, 'A', 'photo.png', 0),
('BG9639', 'Benjamin Juan Pablo', 'Gómez Molina', '10473*49l2*109123/118223*10583!10143?50a2-9812*', 'yaton2020@gmail.com', '1987-07-03', 'M', 'Ciudad Delgado', 4, 1, 'A', 'photo.png', 0),
('BH5175', 'Bautista Emiliano', 'Herrera Ojeda', '109123?10253!9922?55R2*56o2!109123*9922?10473!', 'yaton2020@gmail.com', '1989-12-06', 'M', 'Ciudad Delgado', 11, 1, 'A', 'photo.png', 0),
('BL2957', 'Bruno Javier', 'Ledesma Ortiz', '51y2/10143/109123/10583?81442*73352?81442-71332*', 'yaton2020@gmail.com', '1989-01-01', 'M', 'Ciudad Delgado', 8, 1, 'A', 'photo.png', 0),
('BM7119', 'Bruno Alexander', 'Martínez Domínguez', '10143?51y2/110133?53L2!113173?112163!55R2*53L2-', 'yaton2020@gmail.com', '1988-11-06', 'M', 'Soyanpango', 9, 1, 'A', 'photo.png', 0),
('BN8146', 'Benjamin Marcos', 'Núñez Pereyra', '10033?10583*9812!113173/86492/69312-74362/55R2?', 'yaton2020@gmail.com', '1989-10-26', 'M', 'Apopa', 6, 1, 'A', 'photo.png', 0),
('BO2759', 'Benjamin Diego', 'Ojeda Gómez', '115193*9702!117213?119233*10363?9702?113173*109123/', 'yaton2020@gmail.com', '1989-01-01', 'M', 'Soyanpango', 8, 1, 'A', 'photo.png', 0),
('BQ2628', 'Benjamin Diego', 'Quiroga Peralta', '113173?10143/112163-122263/74362!57p2-49l2/86492*', 'yaton2020@gmail.com', '1988-02-20', 'M', 'Ilopango', 5, 1, 'A', 'photo.png', 0),
('BR6494', 'Bruno Leonardo', 'Ramírez Vera', '112163-122263/54F2-117213?51y2!57p2*67292?78402/', 'yaton2020@gmail.com', '1989-07-02', 'M', 'Soyanpango', 10, 1, 'A', 'photo.png', 0),
('BR9523', 'Bruno Mateo', 'Rodríguez Vera', '109123-110133*109123/10473/122263!49l2-108113-55R2/', 'yaton2020@gmail.com', '1989-07-02', 'M', 'Ciudad Delgado', 3, 1, 'A', 'photo.png', 0),
('BS8367', 'Bruno Felipe', 'Suárez Carrizo', '109123*10143!10473*109123?87502*49l2/75372-69312-', 'yaton2020@gmail.com', '1987-06-14', 'M', 'Ilopango', 11, 1, 'A', 'photo.png', 0),
('BS9588', 'Bautista Alejandro', 'Sánchez Carrizo', '10583/50a2/116203-10363?51y2/120243-108113*10253*', 'yaton2020@gmail.com', '1987-09-22', 'M', 'Apopa', 1, 1, 'A', 'photo.png', 0),
('CA5153', 'Cristian Jonathan', 'Aguirre Ledesma', '10143!121253*10253/10583-49l2!81442!66282!77392!', 'yaton2020@gmail.com', '1987-06-14', 'M', 'Apopa', 11, 1, 'A', 'photo.png', 0),
('CC2413', 'Cesar Valentín', 'Castillo Cabrera', '52A2/10583-49l2!112163/56o2-50a2-53L2-71332?', 'yaton2020@gmail.com', '1987-02-21', 'M', 'Soyanpango', 3, 1, 'A', 'photo.png', 0),
('CD8339', 'Cristopher Luis', 'Domínguez Ojeda', '121253/121253/51y2?118223/54F2-10033?10693-108113!', 'yaton2020@gmail.com', '1987-03-04', 'M', 'Ilopango', 5, 1, 'A', 'photo.png', 0),
('CF7283', 'Cristobal Pedro', 'Flores González', '53L2!50a2-10583*50a2*86492/52A2?85482/67292-', 'yaton2020@gmail.com', '1988-02-05', 'M', 'Apopa', 7, 1, 'A', 'photo.png', 0),
('CG3314', 'Carlos Santiago', 'González Martínez', '9922!10363-10253/10143-112163*53L2?10583-55R2!', 'yaton2020@gmail.com', '1987-07-03', 'M', 'Ciudad Delgado', 4, 1, 'A', 'photo.png', 0),
('CG6284', 'Carlos Cristian', 'Gutiérrez Díaz', '9922*9702!56o2-54F2*10143?121253?10693/107103-', 'yaton2020@gmail.com', '1989-10-26', 'M', 'Apopa', 6, 1, 'A', 'photo.png', 0),
('CG6862', 'Cesar Jorge', 'Gutiérrez Rojas', '108113-10693-119233-111153-116203*10693-10253!9812*', 'yaton2020@gmail.com', '1987-06-14', 'M', 'Ciudad Delgado', 11, 1, 'A', 'photo.png', 0),
('CG7763', 'Cristian Kevin', 'González Luna', '118223-10693?116203?10693/77392-80432!49l2-52A2!78402?87502!90532!', 'yaton2020@gmail.com', '1987-12-23', 'M', 'Ilopango', 12, 1, 'A', 'photo.png', 0),
('CG8874', 'Cristopher Ángel', 'García Juárez', '120243-53L2-107103-112163!56o2/52A2/112163*108113?', 'yaton2020@gmail.com', '1987-07-03', 'M', 'Apopa', 4, 1, 'A', 'photo.png', 0),
('CL7913', 'Cristian Valentín', 'López Díaz', '118223?50a2-10033/111153*10583*53L2-51y2!109123/', 'yaton2020@gmail.com', '1987-03-04', 'M', 'Soyanpango', 5, 1, 'A', 'photo.png', 0),
('CL9294', 'Cristian Isaac', 'Luna Peralta', '120243*10253?50a2*51y2/74362/76382-83462*80432-81442/82452-', 'yaton2020@gmail.com', '1989-02-08', 'M', 'Ilopango', 9, 1, 'A', 'photo.png', 0),
('CL9634', 'Cristian Mario', 'Ledesma Aguirre', '122263*54F2-57p2*53L2!53L2-54F2*10143?118223*', 'yaton2020@gmail.com', '1989-02-02', 'M', 'Apopa', 2, 1, 'A', 'photo.png', 0),
('CM1768', 'Cristobal Martín', 'Muñoz Sosa', '48e2*110133?54F2*110133?10693!112163-53L2*10253!54F2-121253/', 'yaton2020@gmail.com', '1989-02-27', 'M', 'Apopa', 6, 1, 'A', 'photo.png', 0),
('CM6312', 'Cristopher Leonardo', 'Moreno Carrizo', '9702*108113/49l2-10143*77392!70322!66282*85482!', 'yaton2020@gmail.com', '1989-05-01', 'M', 'Ilopango', 12, 1, 'A', 'photo.png', 0),
('CP2577', 'Cristian Thiago', 'Ponce Morales', '52A2!107103*112163!48e2/81442/83462*74362!66282/', 'yaton2020@gmail.com', '1989-10-26', 'M', 'Ilopango', 6, 1, 'A', 'photo.png', 0),
('CP7116', 'Cristobal Joshua', 'Peralta Ojeda', '119233!50a2!112163/10143*48e2/117213-109123*120243*', 'yaton2020@gmail.com', '1987-06-14', 'M', 'Ciudad Delgado', 11, 1, 'A', 'photo.png', 0),
('CP7186', 'Cesar Bruno', 'Peralta Pérez', '10693?109123?51y2-54F2!80432!79422!78402/84472?', 'yaton2020@gmail.com', '1989-05-02', 'M', 'Ciudad Delgado', 9, 1, 'A', 'photo.png', 0),
('CR3815', 'Cristian Juan David', 'Ruiz Sosa', '54F2-10143*113173*57p2/70322!89522-76382-57p2*', 'yaton2020@gmail.com', '1988-02-05', 'M', 'Apopa', 7, 1, 'A', 'photo.png', 0),
('CV1817', 'Cristian Juan Pablo', 'Vera Ponce', '53L2?118223?10363?52A2*118223*10033?48e2-118223-', 'yaton2020@gmail.com', '1988-01-01', 'M', 'Ilopango', 6, 1, 'A', 'photo.png', 0),
('CV8946', 'Cristopher Ignacio', 'Vega Vera', '109123-114183*119233!10033!50a2-122263-57p2-56o2-', 'yaton2020@gmail.com', '1987-06-14', 'M', 'Ciudad Delgado', 11, 1, 'A', 'photo.png', 0),
('DA6344', 'Dylan Esteban', 'Acosta Cabrera', '10693/54F2-112163*48e2!9702-10473-54F2!57p2?', 'yaton2020@gmail.com', '1988-02-05', 'M', 'Apopa', 7, 1, 'A', 'photo.png', 0),
('DB4645', 'Diego Jorge', 'Benítez Romero', '9922?109123/122263/49l2-56o2!10583!48e2?114183*', 'yaton2020@gmail.com', '0000-00-00', 'M', 'Soyanpango', 1, 1, 'A', 'photo.png', 0),
('DC2479', 'Diego Rafael', 'Castro Torres', '56o2?122263?112163-114183*53L2?55R2?50a2*79422*', 'yaton2020@gmail.com', '1989-05-01', 'M', 'Ilopango', 12, 1, 'A', 'photo.png', 0),
('DC7557', 'David Guillermo', 'Castro Cabrera', '52A2*121253-10583!107103/57p2/84472/48e2!65272*', 'yaton2020@gmail.com', '1989-11-06', 'M', 'Apopa', 7, 1, 'A', 'photo.png', 0),
('DJ1737', 'David Joshua', 'Juárez Rodríguez', '9812?119233?118223*9922-116203-112163!57p2?56o2-', 'yaton2020@gmail.com', '1989-02-02', 'M', 'Ciudad Delgado', 2, 1, 'A', 'photo.png', 0),
('DM4228', 'David Mateo', 'Molina Ferreyra', '110133/10693?49l2/119233-110133/122263?51y2/111153!', 'yaton2020@gmail.com', '1989-12-06', 'M', 'Apopa', 11, 1, 'A', 'photo.png', 0),
('DR7348', 'Diego Axel', 'Romero González', '107103!109123*119233-10363?118223/52A2/51y2/10473!', 'yaton2020@gmail.com', '1989-02-02', 'M', 'Apopa', 2, 1, 'A', 'photo.png', 0),
('DR7596', 'Diego Ricardo', 'Rodríguez Romero', '48e2*54F2*108113!118223!10143?10693-10473*56o2?', 'yaton2020@gmail.com', '1987-02-05', 'M', 'Ilopango', 8, 1, 'A', 'photo.png', 0),
('DR7987', 'Daniel Agustin', 'Romero Silva', '10473-10693?107103*10693?51y2-49l2?67292?78402?', 'yaton2020@gmail.com', '1989-05-02', 'M', 'Apopa', 9, 1, 'A', 'photo.png', 0),
('DR8694', 'Diego Samuel', 'Ríos Muñoz', '10143?121253?113173*48e2*72342*48e2*74362-74362/', 'yaton2020@gmail.com', '1987-11-03', 'M', 'Apopa', 8, 1, 'A', 'photo.png', 0),
('DS5899', 'David Samuel', 'Silva Flores', '10473/119233?55R2?113173?108113-10473-49l2*57p2/', 'yaton2020@gmail.com', '1989-05-02', 'M', 'Ilopango', 9, 1, 'A', 'photo.png', 0),
('DV2282', 'Dylan Samuel', 'Vázquez Acosta', '114183*9812?113173/107103-112163-49l2*114183!108113!', 'yaton2020@gmail.com', '1987-02-21', 'M', 'Apopa', 3, 1, 'A', 'photo.png', 0),
('DV6321', 'Daniel Vicente', 'Vázquez Gómez', '116203*115193*111153-118223?71332-53L2*73352?67292?', 'yaton2020@gmail.com', '1988-02-05', 'M', 'Apopa', 7, 1, 'A', 'photo.png', 0),
('DV9275', 'David Aaron', 'Vega Carrizo', '120243*10033-10363-10583-120243?10033-10143/52A2!109123-10473-', 'yaton2020@gmail.com', '1989-02-02', 'M', 'Ciudad Delgado', 2, 1, 'A', 'photo.png', 0),
('EA1458', 'Esteban Álvaro', 'Acosta Moreno', '120243!10473-49l2*108113*10253*51y2!10253-55R2?', 'yaton2020@gmail.com', '1989-07-02', 'M', 'Ciudad Delgado', 10, 1, 'A', 'photo.png', 0),
('EA3693', 'Emmanuel Sergio', 'Acosta Moreno', '48e2*120243-10143-113173!89522-56o2-68302*81442-54F2!83462/', 'yaton2020@gmail.com', '1988-02-22', 'M', 'Ciudad Delgado', 11, 1, 'A', 'photo.png', 0),
('EA4795', 'Erick Álvaro', 'Acosta Aguirre', '120243?51y2-110133!57p2*75372/82452?73352!51y2-', 'yaton2020@gmail.com', '1987-02-09', 'M', 'Ilopango', 2, 1, 'A', 'photo.png', 0),
('EA6948', 'Eduardo Santiago', 'Aguirre Cabrera', '122263/51y2*117213!10363-66282/84472/53L2*75372?', 'yaton2020@gmail.com', '1987-06-14', 'M', 'Ilopango', 11, 1, 'A', 'photo.png', 0),
('EF1291', 'Emiliano Santiago', 'Fernández Rojas', '122263/111153?9702?57p2*74362!51y2-66282?71332*', 'yaton2020@gmail.com', '1987-10-03', 'M', 'Apopa', 4, 1, 'A', 'photo.png', 0),
('EF2321', 'Esteban Ignacio', 'Ferreyra Domínguez', '9812?56o2!116203*111153!79422*74362*52A2*81442*', 'yaton2020@gmail.com', '1988-01-01', 'M', 'Apopa', 6, 1, 'A', 'photo.png', 0),
('EH6526', 'Esteban Nicolás', 'Herrera Ponce', '10033/109123/10693*10583-10143!50a2?114183*10143/', 'yaton2020@gmail.com', '1987-02-16', 'M', 'Ciudad Delgado', 10, 1, 'A', 'photo.png', 0),
('EJ1516', 'Emmanuel Bruno', 'Juárez Godoy', '57p2!116203?53L2!113173?77392?69312/55R2!88512?', 'yaton2020@gmail.com', '1987-02-16', 'M', 'Apopa', 10, 1, 'A', 'photo.png', 0),
('EJ7742', 'Esteban Rafael', 'Juárez Martínez', '10033!114183!120243/9702*69312*79422?90532*71332?', 'yaton2020@gmail.com', '1989-05-01', 'M', 'Ciudad Delgado', 12, 1, 'A', 'photo.png', 0),
('EJ8759', 'Emiliano Jorge', 'Juárez Ojeda', '9922!113173?9922*108113!10693-9922?10473!10693/', 'yaton2020@gmail.com', '1988-02-22', 'M', 'Soyanpango', 11, 1, 'A', 'photo.png', 0),
('EL4666', 'Emmanuel Gabriel', 'Ledesma Aguirre', '9922?119233-49l2?9922-118223!49l2*116203!10473*', 'yaton2020@gmail.com', '1988-02-05', 'M', 'Soyanpango', 7, 1, 'A', 'photo.png', 0),
('EM7732', 'Emiliano Andrés', 'Medina Díaz', '57p2?115193?51y2!10693*114183-10473!10143-113173*', 'yaton2020@gmail.com', '1989-07-02', 'M', 'Apopa', 10, 1, 'A', 'photo.png', 0),
('EM8842', 'Emmanuel Maximiliano', 'Muñoz Benítez', '111153/110133-55R2-54F2!55R2!51y2?70322/51y2?', 'yaton2020@gmail.com', '1987-11-03', 'M', 'Apopa', 8, 1, 'A', 'photo.png', 0),
('EP2846', 'Emiliano Martín', 'Ponce Ruiz', '110133/117213/112163*10473*9922!121253!111153?117213-', 'yaton2020@gmail.com', '1988-11-06', 'M', 'Ilopango', 9, 1, 'A', 'photo.png', 0),
('EP4352', 'Eduardo Kevin', 'Pérez Ponce', '54F2*10033?113173*109123!110133/56o2?111153?10363/', 'yaton2020@gmail.com', '1987-11-02', 'M', 'Soyanpango', 2, 1, 'A', 'photo.png', 0),
('EP9486', 'Emiliano Isaac', 'Pérez Juárez', '111153-10693-48e2!111153?54F2-83462*76382*57p2-', 'yaton2020@gmail.com', '1989-11-06', 'M', 'Ciudad Delgado', 7, 1, 'A', 'photo.png', 0),
('ER1325', 'Emilio Joaquin', 'Romero Torres', '115193*51y2!121253*10033*108113-119233*10363?10253*', 'yaton2020@gmail.com', '1987-10-03', 'M', 'Apopa', 4, 1, 'A', 'photo.png', 0),
('ER1971', 'Emmanuel Miguel Angel', 'Ruiz Silva', '110133?121253/9812-51y2-10253*10143-56o2-52A2-', 'yaton2020@gmail.com', '1987-11-07', 'M', 'Ilopango', 5, 1, 'A', 'photo.png', 0),
('ER2461', 'Emilio Antonio', 'Ríos Benítez', '52A2!111153*9812/121253!118223*115193-111153-9922-', 'yaton2020@gmail.com', '1989-11-06', 'M', 'Ilopango', 7, 1, 'A', 'photo.png', 0),
('ER4698', 'Erick Nicolás', 'Romero García', '10693-52A2?54F2/56o2?56o2-114183*107103/113173*', 'yaton2020@gmail.com', '1989-05-01', 'M', 'Ciudad Delgado', 12, 1, 'A', 'photo.png', 0),
('ER8335', 'Eduardo Eduardo', 'Rojas Juárez', '10363-121253!48e2!110133/55R2*75372*88512?67292-', 'yaton2020@gmail.com', '1988-10-01', 'M', 'Soyanpango', 1, 1, 'A', 'photo.png', 0),
('ER8677', 'Erick Guillermo', 'Romero Molina', '49l2/120243?55R2!9812*10143!122263!10363*121253/', 'yaton2020@gmail.com', '1988-02-20', 'M', 'Ciudad Delgado', 5, 1, 'A', 'photo.png', 0),
('ES3336', 'Esteban Adrían', 'Sosa Pérez', '48e2!54F2-52A2!50a2?70322?72342!89522-81442-', 'yaton2020@gmail.com', '1987-02-21', 'M', 'Ilopango', 3, 1, 'A', 'photo.png', 0),
('ES9328', 'Eduardo Oscar', 'Sánchez Ferreyra', '121253?118223?117213-48e2*120243?118223!10693/10033!113173!114183-10363!', 'yaton2020@gmail.com', '1989-02-02', 'M', 'Apopa', 2, 1, 'A', 'photo.png', 0),
('ET6197', 'Eduardo Eduardo', 'Torres Vega', '109123?121253*120243/113173?78402*83462!75372!70322*', 'yaton2020@gmail.com', '1987-11-07', 'M', 'Ciudad Delgado', 5, 1, 'A', 'photo.png', 0),
('FB7737', 'Francisco Lucas', 'Benítez Vázquez', '122263!118223?48e2?52A2-10583-56o2!9702-107103!', 'yaton2020@gmail.com', '1988-02-20', 'M', 'Soyanpango', 5, 1, 'A', 'photo.png', 0),
('FC1423', 'Francisco Guillermo', 'Cabrera López', '107103/10253/107103/50a2-88512/54F2!66282*80432/', 'yaton2020@gmail.com', '1987-11-02', 'M', 'Ilopango', 2, 1, 'A', 'photo.png', 0),
('FD6561', 'Francisco Thiago', 'Díaz Cabrera', '121253?119233!10693*10033*57p2!107103-116203?114183!', 'yaton2020@gmail.com', '1987-12-23', 'M', 'Apopa', 12, 1, 'A', 'photo.png', 0),
('FL3514', 'Felipe Matías', 'López Molina', '54F2!122263*9922-108113!54F2!84472?67292?72342!', 'yaton2020@gmail.com', '1987-10-03', 'M', 'Soyanpango', 4, 1, 'A', 'photo.png', 0),
('FM6585', 'Fernando Pablo', 'Martínez Aguirre', '119233!57p2-54F2*109123?113173*55R2!119233!10363!', 'yaton2020@gmail.com', '1987-04-25', 'M', 'Soyanpango', 7, 1, 'A', 'photo.png', 0),
('FN9269', 'Francisco Valentín', 'Núñez López', '49l2/10363?108113?10033?72342-79422*79422-77392?77392-', 'yaton2020@gmail.com', '1989-10-26', 'M', 'Apopa', 6, 1, 'A', 'photo.png', 0),
('FP2126', 'Fernando Esteban', 'Peralta Pereyra', '10033*10253/118223-55R2?49l2/119233-56o2/107103?', 'yaton2020@gmail.com', '1987-02-17', 'M', 'Ilopango', 4, 1, 'A', 'photo.png', 0),
('FP9513', 'Francisco Luis', 'Peralta Acosta', '114183-9922?118223*49l2!10253?54F2*57p2-10363-', 'yaton2020@gmail.com', '1989-12-06', 'M', 'Apopa', 11, 1, 'A', 'photo.png', 0),
('FR8934', 'Francisco Diego', 'Rodríguez Luna', '119233-10363-53L2!115193!55R2/71332/75372/78402?', 'yaton2020@gmail.com', '1989-11-06', 'M', 'Ciudad Delgado', 7, 1, 'A', 'photo.png', 0),
('FT1489', 'Francisco Ángel', 'Torres Gómez', '10363-116203/48e2/118223-54F2!54F2*111153*116203/', 'yaton2020@gmail.com', '1988-02-05', 'M', 'Ilopango', 7, 1, 'A', 'photo.png', 0),
('FT9543', 'Fernando Jonathan', 'Torres Castro', '10693!120243?122263!57p2!50a2!72342!50a2*70322/71332!79422*', 'yaton2020@gmail.com', '0000-00-00', 'M', 'Ciudad Delgado', 1, 1, 'A', 'photo.png', 0),
('FV5372', 'Fernando Miguel', 'Vázquez Vázquez', '50a2?115193?113173?9922-87502*75372!57p2-74362*', 'yaton2020@gmail.com', '1989-02-08', 'M', 'Apopa', 9, 1, 'A', 'photo.png', 0),
('FV5729', 'Felipe Sergio', 'Vázquez Godoy', '10253-119233!56o2-51y2!109123-10033!10363*10583/', 'yaton2020@gmail.com', '1989-11-06', 'M', 'Soyanpango', 7, 1, 'A', 'photo.png', 0),
('GÁ5585', 'Gabriel Bruno', 'Álvarez Luna', '10253?119233!10033-53L2?113173*114183/120243-52A2?', 'yaton2020@gmail.com', '1988-02-19', 'M', 'Ilopango', 12, 1, 'A', 'photo.png', 0),
('GF9739', 'Guillermo Miguel Angel', 'Ferreyra Rojas', '110133-49l2!112163!54F2/76382?66282/87502*82452?', 'yaton2020@gmail.com', '1987-07-03', 'M', 'Ciudad Delgado', 4, 1, 'A', 'photo.png', 0),
('GG2548', 'Guillermo Simón', 'García Sosa', '49l2/10143/112163!108113/116203*9922!121253?53L2!', 'yaton2020@gmail.com', '1989-07-02', 'M', 'Ciudad Delgado', 10, 1, 'A', 'photo.png', 0),
('GG3259', 'Guillermo Andrés', 'García Rodríguez', '111153!112163?49l2/110133*9702!55R2?9702*56o2?', 'yaton2020@gmail.com', '1987-02-09', 'M', 'Soyanpango', 2, 1, 'A', 'photo.png', 0),
('GG5559', 'Gael Benjamin', 'Godoy González', '114183*10693/53L2*10253?109123*114183!10473*10143-', 'yaton2020@gmail.com', '1988-10-01', 'M', 'Ilopango', 1, 1, 'A', 'photo.png', 0),
('GL3842', 'Guillermo Maximiliano', 'López Díaz', '9702/9812-10583!10253?49l2*9922?48e2!120243-', 'yaton2020@gmail.com', '1988-02-20', 'M', 'Ciudad Delgado', 5, 1, 'A', 'photo.png', 0),
('GM2229', 'Gael Jeronimo', 'Muñoz García', '120243!10143/50a2*116203-10143*110133-10473/109123!', 'yaton2020@gmail.com', '1987-11-03', 'M', 'Ciudad Delgado', 8, 1, 'A', 'photo.png', 0),
('GM2599', 'Gael Cristopher', 'Martínez Fernández', '111153?49l2/10473?9702*54F2-9702/121253-110133!', 'yaton2020@gmail.com', '1988-10-11', 'M', 'Ciudad Delgado', 3, 1, 'A', 'photo.png', 0),
('GM3695', 'Gael Emiliano', 'Martínez Martínez', '54F2!48e2!116203/49l2-51y2*56o2*10143*56o2!', 'yaton2020@gmail.com', '1989-11-06', 'M', 'Ilopango', 7, 1, 'A', 'photo.png', 0),
('GR7387', 'Gabriel Agustin', 'Ríos Domínguez', '121253!10473?10253/117213/10473!107103/10253-9702/9702?57p2?9702?', 'yaton2020@gmail.com', '1987-02-21', 'M', 'Ciudad Delgado', 3, 1, 'A', 'photo.png', 0),
('GR8383', 'Gabriel Manuel', 'Ramírez Ledesma', '53L2-9812-9922?50a2?52A2?87502-75372/84472*', 'yaton2020@gmail.com', '1987-06-14', 'M', 'Soyanpango', 11, 1, 'A', 'photo.png', 0),
('GR8429', 'Gabriel Eduardo', 'Rojas Gutiérrez', '120243!119233*114183*48e2?50a2!9922!9922*10473/', 'yaton2020@gmail.com', '1987-06-14', 'M', 'Soyanpango', 11, 1, 'A', 'photo.png', 0),
('GR9232', 'Gabriel Isaac', 'Rojas Ferreyra', '112163?55R2?54F2*54F2*76382!86492?87502-79422*', 'yaton2020@gmail.com', '1989-02-08', 'M', 'Soyanpango', 9, 1, 'A', 'photo.png', 0),
('GR9663', 'Gael Lucas', 'Rodríguez Ruiz', '10253/119233?122263!57p2*10033*111153-53L2!107103*', 'yaton2020@gmail.com', '1987-06-14', 'M', 'Soyanpango', 11, 1, 'A', 'photo.png', 0),
('GV2633', 'Gabriel Santiago', 'Vega Benítez', '110133/10693?120243-56o2/107103!109123-116203!9922*', 'yaton2020@gmail.com', '1987-02-05', 'M', 'Ciudad Delgado', 8, 1, 'A', 'photo.png', 0),
('HP7681', 'Hugo Santiago', 'Peralta López', '107103*10253/10363/113173/52A2*68302?88512-72342*', 'yaton2020@gmail.com', '1989-02-02', 'M', 'Ilopango', 2, 1, 'A', 'photo.png', 0),
('IA3668', 'Iván Felipe', 'Aguirre Ramírez', '10253?54F2!55R2!113173-107103-9702?10473!10473!', 'yaton2020@gmail.com', '1988-10-01', 'M', 'Ciudad Delgado', 1, 1, 'A', 'photo.png', 0),
('IA8993', 'Iván Juan Sebastian', 'Aguirre Juárez', '10253?120243-56o2-114183*55R2/65272-52A2?84472/', 'yaton2020@gmail.com', '1987-11-07', 'M', 'Soyanpango', 5, 1, 'A', 'photo.png', 0),
('IB1332', 'Ignacio Simón', 'Benítez Díaz', '9922*114183*109123!51y2!79422!85482-76382/82452/', 'yaton2020@gmail.com', '1987-02-05', 'M', 'Apopa', 8, 1, 'A', 'photo.png', 0),
('IC9111', 'Isaac Juan Jose', 'Castillo Suárez', '10583/48e2/113173*10143?9812-52A2!10583/10363-', 'yaton2020@gmail.com', '1987-10-20', 'M', 'Soyanpango', 10, 1, 'A', 'photo.png', 0),
('IH1539', 'Iván Joshua', 'Herrera Cabrera', '109123*51y2-50a2/110133?118223!10363!54F2/120243*', 'yaton2020@gmail.com', '1989-05-01', 'M', 'Ilopango', 12, 1, 'A', 'photo.png', 0),
('IH4598', 'Isaac Gael', 'Herrera Ponce', '119233!52A2?10583?49l2*84472-74362?87502*67292!', 'yaton2020@gmail.com', '1989-05-01', 'M', 'Ilopango', 12, 1, 'A', 'photo.png', 0),
('IJ1129', 'Iván Samuel', 'Juárez Flores', '48e2*48e2?50a2!117213?10253-121253?108113!10033*', 'yaton2020@gmail.com', '1988-02-19', 'M', 'Soyanpango', 12, 1, 'A', 'photo.png', 0),
('IJ2434', 'Isaac Ángel', 'Juárez Carrizo', '114183?50a2/49l2*55R2*75372/54F2/88512*50a2!', 'yaton2020@gmail.com', '1989-02-08', 'M', 'Ciudad Delgado', 9, 1, 'A', 'photo.png', 0),
('IM4233', 'Ignacio Juan', 'Moreno Ojeda', '10583-109123/110133/10033/117213?49l2/50a2?116203/', 'yaton2020@gmail.com', '1989-05-01', 'M', 'Soyanpango', 12, 1, 'A', 'photo.png', 0),
('IP1554', 'Ignacio Luis', 'Pereyra Romero', '54F2?121253?117213-114183-49l2-80432/69312*52A2!', 'yaton2020@gmail.com', '1987-07-03', 'M', 'Soyanpango', 4, 1, 'A', 'photo.png', 0),
('IP4186', 'Ignacio Iván', 'Pereyra Rojas', '113173?54F2-114183?51y2?53L2?79422/49l2-67292-', 'yaton2020@gmail.com', '1988-10-11', 'M', 'Apopa', 3, 1, 'A', 'photo.png', 0),
('IP9464', 'Ignacio Agustin', 'Peralta Pérez', '120243!10693*109123!51y2/49l2-50a2-48e2*10363-', 'yaton2020@gmail.com', '1989-10-26', 'M', 'Soyanpango', 6, 1, 'A', 'photo.png', 0),
('IP9558', 'Isaac Luis', 'Pereyra Muñoz', '55R2*114183!10473-10033?85482*49l2-65272/53L2!', 'yaton2020@gmail.com', '1987-02-05', 'M', 'Ilopango', 8, 1, 'A', 'photo.png', 0),
('IQ8729', 'Iván Eduardo', 'Quiroga Molina', '54F2/55R2/118223!118223!52A2/53L2-120243/111153!', 'yaton2020@gmail.com', '1987-11-07', 'M', 'Soyanpango', 5, 1, 'A', 'photo.png', 0),
('IV6296', 'Ignacio Mathew', 'Vázquez Medina', '56o2!117213*54F2!10253!53L2-10363-10583?120243!', 'yaton2020@gmail.com', '1987-10-03', 'M', 'Apopa', 4, 1, 'A', 'photo.png', 0),
('IV9459', 'Ignacio Cesar', 'Vázquez Vera', '120243?110133?50a2/52A2!48e2-48e2!116203!111153/', 'yaton2020@gmail.com', '1987-07-03', 'M', 'Ciudad Delgado', 4, 1, 'A', 'photo.png', 0),
('JÁ1787', 'Juan David Mateo', 'Álvarez Núñez', '118223?119233?10583?9922*73352*82452/48e2/83462?', 'yaton2020@gmail.com', '1989-10-26', 'M', 'Soyanpango', 6, 1, 'A', 'photo.png', 0),
('JA2924', 'Juan David Thiago', 'Acosta Torres', '109123*122263-10473!54F2*109123-49l2!10693-111153/57p2?', 'yaton2020@gmail.com', '1989-02-02', 'M', 'Soyanpango', 2, 1, 'A', 'photo.png', 0),
('JA3561', 'Joaquin Oscar', 'Aguirre Acosta', '9922/9702!111153/49l2!112163/49l2-10253*113173/', 'yaton2020@gmail.com', '1989-02-02', 'M', 'Apopa', 2, 1, 'A', 'photo.png', 0),
('JA6681', 'Jonathan Julían', 'Acosta Suárez', '121253/118223!52A2!49l2/117213-114183/118223!10363?', 'yaton2020@gmail.com', '1988-10-01', 'M', 'Ciudad Delgado', 1, 1, 'A', 'photo.png', 0),
('JA6979', 'Juan Pablo Juan Pablo', 'Acosta Ponce', '10143?57p2-53L2/116203/50a2?51y2?56o2!115193!10583!9812-114183!', 'yaton2020@gmail.com', '1988-01-01', 'M', 'Apopa', 6, 1, 'A', 'photo.png', 0),
('JÁ7773', 'Juan Vicente', 'Álvarez Sosa', '109123*10143?114183-10693-122263/10253*10143-10473*', 'yaton2020@gmail.com', '1987-02-05', 'M', 'Ilopango', 8, 1, 'A', 'photo.png', 0),
('JA9221', 'Jorge Jeronimo', 'Aguirre Herrera', '112163/10363?53L2!109123!120243/113173?10473-10473/', 'yaton2020@gmail.com', '1987-02-16', 'M', 'Ciudad Delgado', 10, 1, 'A', 'photo.png', 0),
('JB7154', 'Juan Manuel', 'Benítez Gómez', '110133*10253*57p2!56o2?82452-53L2!88512!81442!', 'yaton2020@gmail.com', '1989-01-01', 'M', 'Apopa', 8, 1, 'A', 'photo.png', 0),
('JC1912', 'Juan Manuel Vicente', 'Carrizo Moreno', '10473-48e2-122263!56o2!55R2*52A2?55R2!116203-', 'yaton2020@gmail.com', '1987-02-17', 'M', 'Ilopango', 4, 1, 'A', 'photo.png', 0),
('JC7138', 'Juan David Oscar', 'Castillo Cabrera', '121253!51y2-10363/9922!9702/10693-56o2?9812!', 'yaton2020@gmail.com', '1987-06-14', 'M', 'Apopa', 11, 1, 'A', 'photo.png', 0),
('JC8281', 'Juan Sebastian Samuel', 'Cabrera Silva', '108113?10363-118223!9812?69312?67292-86492-82452*', 'yaton2020@gmail.com', '1987-11-03', 'M', 'Soyanpango', 8, 1, 'A', 'photo.png', 0),
('JF4522', 'Jonathan Pedro', 'Ferreyra Peralta', '10253/50a2/110133*114183?66282?86492/89522!80432/', 'yaton2020@gmail.com', '1988-02-19', 'M', 'Apopa', 12, 1, 'A', 'photo.png', 0),
('JF6695', 'Juan Sebastian David', 'Ferreyra Silva', '116203-50a2*50a2?119233*54F2*51y2*55R2?110133*', 'yaton2020@gmail.com', '1989-02-08', 'M', 'Ilopango', 9, 1, 'A', 'photo.png', 0),
('JF6817', 'Joaquin Juan Manuel', 'Fernández Morales', '121253/56o2*9812*114183-10033?122263?117213-10363-', 'yaton2020@gmail.com', '1988-10-11', 'M', 'Apopa', 3, 1, 'A', 'photo.png', 0),
('JF6956', 'Jonathan Ignacio', 'Flores Díaz', '118223/53L2-107103-117213-89522/50a2*72342*82452?', 'yaton2020@gmail.com', '1988-01-01', 'M', 'Ciudad Delgado', 6, 1, 'A', 'photo.png', 0),
('JF8851', 'Juan Jose Jorge', 'Fernández Vera', '117213?56o2/49l2*48e2!54F2?114183-55R2-114183/', 'yaton2020@gmail.com', '1987-02-16', 'M', 'Apopa', 10, 1, 'A', 'photo.png', 0),
('JF9166', 'Joshua Mathew', 'Flores Aguirre', '119233/116203*119233/55R2?68302!57p2*79422*72342*82452!', 'yaton2020@gmail.com', '1988-01-01', 'M', 'Ciudad Delgado', 6, 1, 'A', 'photo.png', 0),
('JG4856', 'Jesús Ignacio', 'Godoy Peralta', '48e2*118223*10253/10473!66282/70322!89522/77392!', 'yaton2020@gmail.com', '1987-06-14', 'M', 'Soyanpango', 11, 1, 'A', 'photo.png', 0),
('JG7323', 'Jose Emmanuel', 'Gómez Vega', '10693?112163?108113-53L2!77392*78402?49l2/70322?', 'yaton2020@gmail.com', '1987-02-09', 'M', 'Soyanpango', 2, 1, 'A', 'photo.png', 0),
('JG7617', 'Juan David Cristopher', 'García Moreno', '112163*9922/112163/121253*85482!49l2?68302-72342-', 'yaton2020@gmail.com', '1987-10-20', 'M', 'Ciudad Delgado', 10, 1, 'A', 'photo.png', 0),
('JG8253', 'Jose Agustin', 'García Benítez', '10143-10583*113173*10473/49l2*55R2-83462*70322*', 'yaton2020@gmail.com', '1989-02-08', 'M', 'Ciudad Delgado', 9, 1, 'A', 'photo.png', 0),
('JG8296', 'Juan Manuel Alejandro', 'Godoy López', '51y2-108113?10143!10363?48e2?9702!10143/121253-57p2!', 'yaton2020@gmail.com', '1987-02-09', 'M', 'Ciudad Delgado', 2, 1, 'A', 'photo.png', 0),
('JG8863', 'Joshua Cristian', 'Gutiérrez Vera', '57p2?10363?113173-122263*55R2?113173?114183-10473-', 'yaton2020@gmail.com', '1989-01-01', 'M', 'Ilopango', 8, 1, 'A', 'photo.png', 0),
('JH1242', 'Jonathan Agustin', 'Herrera Ruiz', '10583*107103-114183-9812-10583?118223!55R2*51y2?', 'yaton2020@gmail.com', '1988-11-06', 'M', 'Apopa', 9, 1, 'A', 'photo.png', 0),
('JJ2182', 'Jesús Francisco', 'Juárez Gómez', '110133!110133!107103!51y2-85482*77392-84472*70322!', 'yaton2020@gmail.com', '1987-03-04', 'M', 'Soyanpango', 5, 1, 'A', 'photo.png', 0),
('JJ5873', 'Juan Nicolás', 'Juárez Gutiérrez', '121253!117213!10693*114183*10363?108113!9812?107103/', 'yaton2020@gmail.com', '1987-12-23', 'M', 'Apopa', 12, 1, 'A', 'photo.png', 0),
('JJ8389', 'Julían Jesús', 'Juárez Carrizo', '10363/54F2!119233-10253-57p2*10143-112163!115193?', 'yaton2020@gmail.com', '1987-02-17', 'M', 'Ilopango', 4, 1, 'A', 'photo.png', 0),
('JL5461', 'Jonathan Bautista', 'Luna Sosa', '112163*121253/121253*10033*115193/111153*109123!111153/51y2*10363?114183*', 'yaton2020@gmail.com', '1988-02-05', 'M', 'Apopa', 7, 1, 'A', 'photo.png', 0),
('JL7274', 'Joshua Daniel', 'López Juárez', '50a2?10253?112163!108113/49l2*56o2-83462/85482*', 'yaton2020@gmail.com', '1988-10-01', 'M', 'Ilopango', 1, 1, 'A', 'photo.png', 0),
('JM1958', 'Juan David Valentín', 'Medina Vázquez', '118223/118223!107103/9922-51y2-66282*73352*66282*', 'yaton2020@gmail.com', '1987-03-04', 'M', 'Apopa', 5, 1, 'A', 'photo.png', 0),
('JM2892', 'Jeronimo Cesar', 'Medina Álvarez', '9702!9812-114183-10583!116203*55R2?52A2?111153?', 'yaton2020@gmail.com', '1987-11-07', 'M', 'Soyanpango', 5, 1, 'A', 'photo.png', 0),
('JM3769', 'Jesús Valentín', 'Medina Ríos', '107103/10363*52A2/10583!57p2-57p2*119233?119233-', 'yaton2020@gmail.com', '1988-02-19', 'M', 'Apopa', 12, 1, 'A', 'photo.png', 0),
('JM4873', 'Juan Manuel Ignacio', 'Martínez Ortiz', '116203/121253?120243*49l2*48e2?108113!108113*119233/', 'yaton2020@gmail.com', '1988-02-05', 'M', 'Ilopango', 7, 1, 'A', 'photo.png', 0),
('JM5279', 'Javier Mario', 'Martínez Cabrera', '10363/109123!116203*56o2/112163/52A2/108113?10253?', 'yaton2020@gmail.com', '1989-05-02', 'M', 'Ciudad Delgado', 9, 1, 'A', 'photo.png', 0),
('JM6166', 'Juan Pablo Alexander', 'Molina Torres', '120243*116203*57p2-114183-9922!49l2!110133-9702?', 'yaton2020@gmail.com', '1988-01-01', 'M', 'Ciudad Delgado', 6, 1, 'A', 'photo.png', 0),
('JM7153', 'Joshua Juan Manuel', 'Molina Gutiérrez', '9922/57p2!55R2!107103?108113*53L2!122263?113173*', 'yaton2020@gmail.com', '1987-02-09', 'M', 'Ilopango', 2, 1, 'A', 'photo.png', 0),
('JM9226', 'Juan Jose Ricardo', 'Medina López', '56o2?55R2*53L2!10033*54F2-9702!107103-121253-108113/111153-', 'yaton2020@gmail.com', '1987-07-03', 'M', 'Apopa', 4, 1, 'A', 'photo.png', 0),
('JO5431', 'Julían Luis', 'Ortiz Rodríguez', '10253?54F2/50a2!55R2-76382*75372?86492!57p2?', 'yaton2020@gmail.com', '1987-02-21', 'M', 'Apopa', 3, 1, 'A', 'photo.png', 0),
('JP1338', 'Juan Jose Mateo', 'Pereyra González', '108113-53L2?121253-112163?52A2*57p2-49l2*81442*', 'yaton2020@gmail.com', '1989-10-26', 'M', 'Ciudad Delgado', 6, 1, 'A', 'photo.png', 0),
('JP6494', 'Jonathan Pedro', 'Pérez Álvarez', '56o2?110133/111153!109123/54F2!10363-108113*113173?', 'yaton2020@gmail.com', '1987-02-05', 'M', 'Soyanpango', 8, 1, 'A', 'photo.png', 0),
('JP9542', 'Jesús Rafael', 'Pérez Flores', '107103-116203?49l2*10253-86492/49l2-87502*71332?85482/67292!55R2?', 'yaton2020@gmail.com', '1989-02-27', 'M', 'Soyanpango', 6, 1, 'A', 'photo.png', 0),
('JQ8827', 'Jeronimo Jorge', 'Quiroga Pérez', '10253-115193/57p2-51y2?85482!86492?87502-48e2-52A2/68302-70322?', 'yaton2020@gmail.com', '1989-02-02', 'M', 'Ciudad Delgado', 2, 1, 'A', 'photo.png', 0),
('JQ9587', 'Juan Jose Mathew', 'Quiroga López', '10143-120243*112163?113173/82452!74362!51y2/54F2-56o2/76382-', 'yaton2020@gmail.com', '1987-02-05', 'M', 'Soyanpango', 8, 1, 'A', 'photo.png', 0),
('JR2253', 'Jesús Vicente', 'Rojas Moreno', '107103*113173!118223/113173?73352-68302/74362?77392-', 'yaton2020@gmail.com', '1987-02-09', 'M', 'Apopa', 2, 1, 'A', 'photo.png', 0),
('JR2828', 'Julían Andrés', 'Rojas Pereyra', '122263?10033/10143?114183/67292!85482?48e2-70322-', 'yaton2020@gmail.com', '1988-02-22', 'M', 'Ciudad Delgado', 11, 1, 'A', 'photo.png', 0),
('JR3327', 'Jeronimo Alexander', 'Ríos Gutiérrez', '119233/10693/10693-109123*55R2-109123?109123!119233/', 'yaton2020@gmail.com', '1988-02-05', 'M', 'Ilopango', 7, 1, 'A', 'photo.png', 0),
('JR5157', 'Jorge Leonardo', 'Ruiz Benítez', '111153!51y2?113173!56o2*51y2-115193/121253!56o2/', 'yaton2020@gmail.com', '1989-07-02', 'M', 'Ciudad Delgado', 10, 1, 'A', 'photo.png', 0),
('JR6265', 'Juan Pablo Cristian', 'Romero Ramírez', '108113*10143?9702*9812?114183*9702*54F2/110133!', 'yaton2020@gmail.com', '1987-06-14', 'M', 'Apopa', 11, 1, 'A', 'photo.png', 0),
('JR7361', 'Joaquin Samuel', 'Ruiz Ponce', '112163-118223/122263?121253-116203!118223?48e2-51y2!', 'yaton2020@gmail.com', '1989-07-02', 'M', 'Ilopango', 10, 1, 'A', 'photo.png', 0),
('JR7753', 'Juan Sebastian Juan Jose', 'Ríos Ponce', '10033?10033/50a2-109123!109123!9922*57p2*114183*', 'yaton2020@gmail.com', '1988-02-19', 'M', 'Apopa', 12, 1, 'A', 'photo.png', 0),
('JR8381', 'Jose Ángel', 'Ruiz Domínguez', '119233*10363/10033/54F2*76382/75372*53L2/81442*', 'yaton2020@gmail.com', '1987-02-21', 'M', 'Soyanpango', 3, 1, 'A', 'photo.png', 0),
('JR8687', 'Juan Jose Simón', 'Ríos López', '54F2*119233/56o2*10473/111153/10583*10033?10363/', 'yaton2020@gmail.com', '1988-02-22', 'M', 'Ciudad Delgado', 11, 1, 'A', 'photo.png', 0),
('JR9444', 'Joshua Emiliano', 'Romero Torres', '55R2*114183?51y2!108113*83462/88512/67292-74362!', 'yaton2020@gmail.com', '1989-07-02', 'M', 'Apopa', 10, 1, 'A', 'photo.png', 0),
('JS1311', 'Juan Manuel Cristian', 'Suárez Morales', '107103*49l2!10143?10143*80432*53L2*78402!70322/', 'yaton2020@gmail.com', '1989-02-02', 'M', 'Soyanpango', 2, 1, 'A', 'photo.png', 0),
('JS1631', 'Jesús Juan Sebastian', 'Suárez Rojas', '113173?120243!116203*10253/79422!89522/56o2/87502!', 'yaton2020@gmail.com', '1988-01-01', 'M', 'Soyanpango', 6, 1, 'A', 'photo.png', 0),
('JS5228', 'Juan Matías', 'Sánchez Sosa', '10033-118223/109123?49l2*54F2/68302?87502*69312?', 'yaton2020@gmail.com', '1989-02-27', 'M', 'Ciudad Delgado', 6, 1, 'A', 'photo.png', 0),
('JS5299', 'Juan David Felipe', 'Sosa Pérez', '110133*110133!119233/10033!48e2*66282*74362?49l2-', 'yaton2020@gmail.com', '1988-11-06', 'M', 'Ilopango', 9, 1, 'A', 'photo.png', 0),
('JS7314', 'Javier Jorge', 'Sosa Molina', '53L2/113173*116203/9812/55R2?75372/56o2?56o2?', 'yaton2020@gmail.com', '1987-10-20', 'M', 'Soyanpango', 10, 1, 'A', 'photo.png', 0),
('JS9711', 'Juan Juan David', 'Silva Ponce', '9812/120243-10473?10363-111153-10473?119233-112163-10473!', 'yaton2020@gmail.com', '1988-02-19', 'M', 'Apopa', 12, 1, 'A', 'photo.png', 0),
('JT3175', 'Juan Jose Emmanuel', 'Torres Ramírez', '107103!108113/10143!114183/76382!57p2/79422/74362*', 'yaton2020@gmail.com', '1989-02-02', 'M', 'Apopa', 2, 1, 'A', 'photo.png', 0),
('JV1362', 'Javier Simón', 'Vera Fernández', '10143?57p2?54F2!56o2?73352/52A2/75372?69312!', 'yaton2020@gmail.com', '1989-05-01', 'M', 'Ciudad Delgado', 12, 1, 'A', 'photo.png', 0),
('JV6346', 'Julían Marcos', 'Vázquez López', '114183/10583-111153?48e2*108113?9922-10363?108113!', 'yaton2020@gmail.com', '1988-02-22', 'M', 'Ciudad Delgado', 11, 1, 'A', 'photo.png', 0),
('JV6732', 'Jorge Joaquin', 'Vera Domínguez', '121253-9922/9922*121253-50a2?71332!86492-55R2*72342/', 'yaton2020@gmail.com', '1987-10-20', 'M', 'Soyanpango', 10, 1, 'A', 'photo.png', 0),
('JV9236', 'Joshua Mateo', 'Vega Pérez', '51y2?109123*10693*57p2-81442/70322!72342-80432/87502*', 'yaton2020@gmail.com', '1987-02-21', 'M', 'Apopa', 3, 1, 'A', 'photo.png', 0),
('KÁ4733', 'Kevin Mathew', 'Álvarez Castillo', '10693?120243/10143-51y2-82452-82452!53L2?81442/', 'yaton2020@gmail.com', '0000-00-00', 'M', 'Ilopango', 1, 1, 'A', 'photo.png', 0),
('KL8952', 'Kevin Mateo', 'Luna Suárez', '9702!119233/51y2?115193-75372-52A2-72342*55R2?', 'yaton2020@gmail.com', '1987-04-25', 'M', 'Soyanpango', 7, 1, 'A', 'photo.png', 0),
('KM6618', 'Kevin Adrían', 'Moreno Fernández', '10033!53L2-49l2-114183*53L2/54F2!79422/66282*', 'yaton2020@gmail.com', '1988-10-11', 'M', 'Ciudad Delgado', 3, 1, 'A', 'photo.png', 0),
('KO6831', 'Kevin Lucas', 'Ortiz Ojeda', '10253*50a2?50a2!107103/70322-89522!49l2*83462!87502/81442?', 'yaton2020@gmail.com', '1987-02-05', 'M', 'Ilopango', 8, 1, 'A', 'photo.png', 0),
('LA2352', 'Luis Fernando', 'Aguirre Gómez', '118223-48e2/53L2/120243/71332/49l2!84472?81442/', 'yaton2020@gmail.com', '1987-04-25', 'M', 'Soyanpango', 7, 1, 'A', 'photo.png', 0),
('LB9832', 'Luis Mario', 'Benítez Ríos', '120243*10363?10583!114183-51y2?52A2-113173/56o2?', 'yaton2020@gmail.com', '1989-05-01', 'M', 'Soyanpango', 12, 1, 'A', 'photo.png', 0),
('LC2335', 'Leonardo Adrían', 'Carrizo Fernández', '122263?119233!113173*121253-79422?53L2/89522!87502/', 'yaton2020@gmail.com', '1989-02-08', 'M', 'Ilopango', 9, 1, 'A', 'photo.png', 0),
('LC4825', 'Lucas Marcos', 'Castro Aguirre', '10693!49l2*57p2?122263*10583!109123?53L2/10473-', 'yaton2020@gmail.com', '1987-02-21', 'M', 'Soyanpango', 3, 1, 'A', 'photo.png', 0),
('LC8432', 'Leonardo Mathew', 'Castillo Castillo', '115193/117213!115193/57p2*10143!110133?48e2/113173/', 'yaton2020@gmail.com', '1989-01-01', 'M', 'Soyanpango', 8, 1, 'A', 'photo.png', 0),
('LG3866', 'Luca Emilio', 'González García', '118223?114183!50a2!10253-50a2?120243-112163/114183/', 'yaton2020@gmail.com', '1988-01-01', 'M', 'Apopa', 6, 1, 'A', 'photo.png', 0),
('LM5852', 'Luis Mateo', 'Medina González', '9702?108113?9702*10143*74362?78402!51y2/73352?', 'yaton2020@gmail.com', '1987-09-22', 'M', 'Soyanpango', 1, 1, 'A', 'photo.png', 0),
('LM7791', 'Lucas Esteban', 'Muñoz Luna', '53L2-120243?118223-108113!121253*107103?114183?9702*', 'yaton2020@gmail.com', '1989-07-02', 'M', 'Ilopango', 3, 1, 'A', 'photo.png', 0),
('LM8535', 'Lucas Luis', 'Moreno Sánchez', '10583-109123?122263!10253?116203*57p2?10693/112163/', 'yaton2020@gmail.com', '1988-11-06', 'M', 'Apopa', 9, 1, 'A', 'photo.png', 0),
('LO5959', 'Lucas Agustin', 'Ortiz Martínez', '10693?53L2*10363-51y2?52A2*69312-90532-83462-', 'yaton2020@gmail.com', '1989-07-02', 'M', 'Ilopango', 3, 1, 'A', 'photo.png', 0),
('LP3696', 'Leonardo Ignacio', 'Ponce Molina', '120243*10143?118223!54F2*9812-113173/119233/10143-', 'yaton2020@gmail.com', '1989-02-02', 'M', 'Ciudad Delgado', 2, 1, 'A', 'photo.png', 0),
('LP6885', 'Luca Joaquin', 'Pereyra Ruiz', '10363!109123/114183!114183?119233/119233?119233/110133*', 'yaton2020@gmail.com', '1989-02-02', 'M', 'Ciudad Delgado', 2, 1, 'A', 'photo.png', 0),
('LP9455', 'Luis Carlos', 'Peralta Gómez', '52A2*115193?10693*56o2/118223-113173!10253!107103-', 'yaton2020@gmail.com', '1987-10-03', 'M', 'Ilopango', 4, 1, 'A', 'photo.png', 0),
('LQ3145', 'Lucas Guillermo', 'Quiroga Moreno', '114183/118223!117213!111153!112163?119233-118223-57p2/', 'yaton2020@gmail.com', '1987-02-05', 'M', 'Ciudad Delgado', 8, 1, 'A', 'photo.png', 0),
('LR3335', 'Luis Cristian', 'Rojas Silva', '119233-116203?9922/9812*116203/109123/9922-116203*10583?112163-', 'yaton2020@gmail.com', '1988-10-01', 'M', 'Apopa', 1, 1, 'A', 'photo.png', 0),
('LR6137', 'Leonardo Juan Manuel', 'Rodríguez Vega', '10363/117213-113173?9922!86492!57p2-50a2!68302?', 'yaton2020@gmail.com', '1987-11-07', 'M', 'Ilopango', 5, 1, 'A', 'photo.png', 0),
('LS1267', 'Leonardo Rodrigo', 'Silva Sosa', '10473/9922?10033/118223/10693/113173!118223*10693-', 'yaton2020@gmail.com', '1987-04-25', 'M', 'Ciudad Delgado', 7, 1, 'A', 'photo.png', 0),
('MA1436', 'Miguel Angel Isaac', 'Aguirre Cabrera', '121253?120243*10143-51y2!116203*9922?9812*57p2!', 'yaton2020@gmail.com', '1988-02-19', 'M', 'Apopa', 12, 1, 'A', 'photo.png', 0),
('MÁ5258', 'Mauricio Luca', 'Álvarez Pérez', '54F2?51y2-48e2/10143-54F2?85482*66282/53L2*', 'yaton2020@gmail.com', '1988-02-05', 'M', 'Ciudad Delgado', 7, 1, 'A', 'photo.png', 0),
('MA9567', 'Matías Anthony', 'Acosta Herrera', '112163?107103-120243!108113*77392-48e2?85482/83462!', 'yaton2020@gmail.com', '1987-02-21', 'M', 'Apopa', 3, 1, 'A', 'photo.png', 0),
('MA9739', 'Mauricio Juan', 'Acosta Rojas', '122263?121253-109123-10253-10143/50a2*107103/10363/', 'yaton2020@gmail.com', '1988-02-05', 'M', 'Ilopango', 7, 1, 'A', 'photo.png', 0),
('MC4456', 'Mario Juan Sebastian', 'Castro Sánchez', '10473/10693!108113/9922*10363?9812-116203!112163/', 'yaton2020@gmail.com', '1987-02-17', 'M', 'Apopa', 4, 1, 'A', 'photo.png', 0),
('MC8646', 'Mauricio Nicolás', 'Cabrera González', '108113/120243!53L2?114183!9702*9922*10473*10143/', 'yaton2020@gmail.com', '1987-11-02', 'M', 'Soyanpango', 2, 1, 'A', 'photo.png', 0),
('MD4436', 'Martín Lucas', 'Díaz Peralta', '116203/109123?9702?117213?89522?77392/57p2!80432*', 'yaton2020@gmail.com', '1988-10-01', 'M', 'Ciudad Delgado', 1, 1, 'A', 'photo.png', 0),
('MD9555', 'Miguel Angel Emiliano', 'Domínguez García', '107103/57p2-112163-117213!108113?54F2/10253?114183/', 'yaton2020@gmail.com', '1989-07-02', 'M', 'Ciudad Delgado', 3, 1, 'A', 'photo.png', 0),
('MF1821', 'Manuel Manuel', 'Ferreyra Rojas', '114183*112163-114183/10143?86492-66282-70322!79422-', 'yaton2020@gmail.com', '1987-11-03', 'M', 'Soyanpango', 8, 1, 'A', 'photo.png', 0),
('MF8216', 'Mathew Valentín', 'Ferreyra Luna', '10143*56o2*53L2/115193-67292?72342-83462/87502/', 'yaton2020@gmail.com', '1989-05-01', 'M', 'Ilopango', 12, 1, 'A', 'photo.png', 0),
('MG5738', 'Martín Juan Pablo', 'Gómez Martínez', '54F2!10473!118223*10583*53L2-48e2-114183*109123?', 'yaton2020@gmail.com', '1989-02-27', 'M', 'Apopa', 6, 1, 'A', 'photo.png', 0),
('MH6433', 'Matías Vicente', 'Herrera Ramírez', '120243!55R2-114183/116203-116203?108113?53L2?9922/', 'yaton2020@gmail.com', '1987-11-07', 'M', 'Apopa', 5, 1, 'A', 'photo.png', 0),
('MJ6199', 'Miguel Guillermo', 'Juárez Quiroga', '50a2/110133*116203!10253*80432/89522-86492?67292/', 'yaton2020@gmail.com', '1988-02-22', 'M', 'Apopa', 11, 1, 'A', 'photo.png', 0),
('ML9342', 'Martín Juan Sebastian', 'Luna Benítez', '108113!51y2!114183!57p2/10143?49l2!57p2-117213/', 'yaton2020@gmail.com', '1987-02-09', 'M', 'Ciudad Delgado', 2, 1, 'A', 'photo.png', 0),
('MM4383', 'Maximiliano Jorge', 'Medina Romero', '118223-10143/52A2*9922!54F2?66282/51y2*56o2*', 'yaton2020@gmail.com', '1987-11-07', 'M', 'Ilopango', 5, 1, 'A', 'photo.png', 0),
('MM4716', 'Mateo Axel', 'Morales Godoy', '116203*10363-109123*107103*54F2-56o2?57p2*49l2/111153-115193*', 'yaton2020@gmail.com', '1988-10-11', 'M', 'Ciudad Delgado', 3, 1, 'A', 'photo.png', 0),
('MM4921', 'Marcos Emiliano', 'Morales Ríos', '48e2*52A2/49l2*9812?86492!82452?68302/66282-', 'yaton2020@gmail.com', '0000-00-00', 'M', 'Ilopango', 1, 1, 'A', 'photo.png', 0),
('MN2956', 'Miguel Angel Miguel Angel', 'Núñez González', '117213-10033!119233*121253*119233-53L2*51y2?118223?', 'yaton2020@gmail.com', '1987-11-03', 'M', 'Ilopango', 8, 1, 'A', 'photo.png', 0),
('MO3283', 'Martín Juan', 'Ortiz Ojeda', '10473/53L2?10143!57p2!56o2!82452/89522-85482!', 'yaton2020@gmail.com', '1987-10-03', 'M', 'Ciudad Delgado', 4, 1, 'A', 'photo.png', 0),
('MP3665', 'Manuel Alexander', 'Pereyra Cabrera', '57p2*113173/10693/49l2?48e2?50a2*112163-53L2*', 'yaton2020@gmail.com', '1987-03-04', 'M', 'Apopa', 5, 1, 'A', 'photo.png', 0),
('MQ5455', 'Miguel Angel Jesús', 'Quiroga Castro', '121253*110133/50a2/10033!54F2!115193-10033/111153*', 'yaton2020@gmail.com', '1987-11-03', 'M', 'Ilopango', 8, 1, 'A', 'photo.png', 0),
('MR3799', 'Maximiliano Juan David', 'Rodríguez Ruiz', '119233?10253!10583-51y2!57p2/116203-116203-10363*', 'yaton2020@gmail.com', '1989-01-01', 'M', 'Apopa', 8, 1, 'A', 'photo.png', 0),
('MR6432', 'Miguel Angel Iván', 'Ramírez Castillo', '56o2*10033?119233-52A2?54F2/48e2!83462/71332/', 'yaton2020@gmail.com', '1987-06-14', 'M', 'Ciudad Delgado', 11, 1, 'A', 'photo.png', 0),
('MR6891', 'Matías Carlos', 'Ramírez Vázquez', '9812?120243/10143/112163!10143-10693?55R2/109123-', 'yaton2020@gmail.com', '0000-00-00', 'M', 'Ciudad Delgado', 1, 1, 'A', 'photo.png', 0),
('MR9215', 'Manuel Bruno', 'Ríos Cabrera', '122263!10033/48e2?122263*110133-10363*9922?56o2*115193-50a2!114183-', 'yaton2020@gmail.com', '1988-02-22', 'M', 'Ilopango', 11, 1, 'A', 'photo.png', 0),
('MS4199', 'Mateo Pablo', 'Sánchez Muñoz', '56o2-56o2*117213!117213/80432!74362*51y2!51y2?', 'yaton2020@gmail.com', '1987-07-03', 'M', 'Soyanpango', 4, 1, 'A', 'photo.png', 0),
('MS5346', 'Mathew Jesús', 'Sánchez Rojas', '117213?107103/119233!48e2-10363?114183!120243/10473?', 'yaton2020@gmail.com', '1988-02-19', 'M', 'Apopa', 12, 1, 'A', 'photo.png', 0),
('MS6856', 'Miguel David', 'Silva Ojeda', '54F2/122263/110133*50a2*121253?52A2*121253/110133?', 'yaton2020@gmail.com', '1987-10-20', 'M', 'Ilopango', 10, 1, 'A', 'photo.png', 0),
('MS8242', 'Matías Manuel', 'Sánchez Vega', '48e2!114183?107103*56o2?87502*81442!52A2/90532!', 'yaton2020@gmail.com', '0000-00-00', 'M', 'Soyanpango', 1, 1, 'A', 'photo.png', 0),
('MT4823', 'Matías Juan Pablo', 'Torres Gutiérrez', '49l2*50a2/113173-10363/51y2?119233!49l2/10033?', 'yaton2020@gmail.com', '1989-02-27', 'M', 'Ilopango', 6, 1, 'A', 'photo.png', 0),
('MV1492', 'Martín Juan Jose', 'Vega Quiroga', '10033!56o2?121253!10473-115193*114183-117213*112163/', 'yaton2020@gmail.com', '1988-02-19', 'M', 'Ciudad Delgado', 12, 1, 'A', 'photo.png', 0),
('MV3491', 'Matías Jonathan', 'Vázquez Pereyra', '111153-112163*51y2!113173*51y2/80432/84472-86492-', 'yaton2020@gmail.com', '1987-09-22', 'M', 'Ilopango', 1, 1, 'A', 'photo.png', 0),
('MV4899', 'Matías Alejandro', 'Vega Godoy', '120243-51y2?9922-120243-118223-55R2!56o2*110133/', 'yaton2020@gmail.com', '1987-12-23', 'M', 'Soyanpango', 12, 1, 'A', 'photo.png', 0),
('MV6472', 'Maximiliano Mateo', 'Vázquez Rojas', '121253*55R2?10363*111153?57p2?52A2/55R2*111153/9702/10033?108113/', 'yaton2020@gmail.com', '0000-00-00', 'M', 'Soyanpango', 1, 1, 'A', 'photo.png', 0),
('NL7389', 'Nicolás Jose', 'López Martínez', '51y2/121253/55R2!111153?119233!49l2!116203/52A2?', 'yaton2020@gmail.com', '1989-10-26', 'M', 'Soyanpango', 6, 1, 'A', 'photo.png', 0),
('NR2346', 'Nicolás Joaquin', 'Ríos Sánchez', '55R2?9702?57p2?112163?117213?10693*49l2/49l2!', 'yaton2020@gmail.com', '1988-10-11', 'M', 'Ciudad Delgado', 3, 1, 'A', 'photo.png', 0);
INSERT INTO `student` (`idStudent`, `name`, `lastName`, `password`, `email`, `birthdate`, `sex`, `residence`, `idSection`, `state`, `stateAcademic`, `photo`, `verified`) VALUES
('NR5288', 'Nicolás Thiago', 'Ruiz Luna', '122263!54F2!10473-50a2?56o2?117213-48e2?10693/', 'yaton2020@gmail.com', '1987-11-07', 'M', 'Apopa', 5, 1, 'A', 'photo.png', 0),
('OD7389', 'Oscar Jesús', 'Díaz Pérez', '51y2/49l2!122263!54F2?89522*80432-68302-66282-', 'yaton2020@gmail.com', '1987-03-04', 'M', 'Apopa', 5, 1, 'A', 'photo.png', 0),
('OO1499', 'Oscar Anthony', 'Ojeda Acosta', '108113*112163!116203!116203*49l2-120243?48e2-50a2-', 'yaton2020@gmail.com', '1989-07-02', 'M', 'Ciudad Delgado', 10, 1, 'A', 'photo.png', 0),
('OP9186', 'Oscar Joshua', 'Pereyra Ortiz', '10363!57p2*10253?119233*55R2?109123*9922/118223*', 'yaton2020@gmail.com', '1987-04-25', 'M', 'Ilopango', 7, 1, 'A', 'photo.png', 0),
('OR5469', 'Oscar Cristobal', 'Rojas Herrera', '10363/120243*50a2!53L2*73352/68302?71332-82452!', 'yaton2020@gmail.com', '1988-02-05', 'M', 'Ciudad Delgado', 7, 1, 'A', 'photo.png', 0),
('PÁ9139', 'Pablo Iván', 'Álvarez Gutiérrez', '56o2/54F2/116203*114183*90532/57p2!53L2!83462!', 'yaton2020@gmail.com', '1987-02-17', 'M', 'Ciudad Delgado', 4, 1, 'A', 'photo.png', 0),
('PC6556', 'Pablo Gael', 'Cabrera Sosa', '121253/9702!121253-112163!75372?68302-85482?74362-', 'yaton2020@gmail.com', '1989-07-02', 'M', 'Ilopango', 3, 1, 'A', 'photo.png', 0),
('PF2525', 'Pablo Lucas', 'Ferreyra Suárez', '119233?120243/108113-10693!56o2*72342*54F2!71332?', 'yaton2020@gmail.com', '1987-10-20', 'M', 'Ilopango', 10, 1, 'A', 'photo.png', 0),
('PG4466', 'Pedro Eduardo', 'Gutiérrez Romero', '54F2?113173!112163?50a2!89522/85482!69312!67292/', 'yaton2020@gmail.com', '1988-10-11', 'M', 'Ilopango', 3, 1, 'A', 'photo.png', 0),
('PJ6839', 'Pablo Lucas', 'Juárez Cabrera', '107103?10363-122263-114183/75372-57p2-72342!79422-', 'yaton2020@gmail.com', '1989-07-02', 'M', 'Ciudad Delgado', 10, 1, 'A', 'photo.png', 0),
('PO7218', 'Pedro Guillermo', 'Ojeda Sosa', '107103?10363/49l2?10583-51y2-72342*71332*57p2-', 'yaton2020@gmail.com', '0000-00-00', 'M', 'Soyanpango', 1, 1, 'A', 'photo.png', 0),
('PQ1759', 'Pedro Julían', 'Quiroga Herrera', '110133!117213/114183!111153?10693-49l2-57p2*9702*', 'yaton2020@gmail.com', '1989-05-01', 'M', 'Apopa', 12, 1, 'A', 'photo.png', 0),
('PV2487', 'Pedro Benjamin', 'Vega Domínguez', '118223!56o2-52A2*116203?79422?54F2-48e2!72342/', 'yaton2020@gmail.com', '1987-04-25', 'M', 'Ciudad Delgado', 7, 1, 'A', 'photo.png', 0),
('RA5176', 'Rafael Emmanuel', 'Aguirre Vera', '9922?113173!9922/10363!75372-69312*55R2?77392*', 'yaton2020@gmail.com', '1988-10-11', 'M', 'Ciudad Delgado', 3, 1, 'A', 'photo.png', 0),
('RD2532', 'Rodrigo Gael', 'Díaz Gómez', '116203?108113*53L2-119233-55R2!73352*48e2?78402!', 'yaton2020@gmail.com', '1987-04-25', 'M', 'Soyanpango', 7, 1, 'A', 'photo.png', 0),
('RG8592', 'Rafael Cristopher', 'Gutiérrez Ferreyra', '48e2/10253/110133!9922-86492*53L2!89522/53L2/', 'yaton2020@gmail.com', '1989-02-02', 'M', 'Ilopango', 2, 1, 'A', 'photo.png', 0),
('RH4492', 'Ricardo Dylan', 'Herrera Acosta', '110133!119233*110133-118223?65272/89522!72342-78402-', 'yaton2020@gmail.com', '1987-10-20', 'M', 'Ciudad Delgado', 10, 1, 'A', 'photo.png', 0),
('RL8513', 'Rodrigo Carlos', 'López Vega', '10143?52A2-122263-119233!54F2/10253/54F2!107103/', 'yaton2020@gmail.com', '1987-02-17', 'M', 'Soyanpango', 4, 1, 'A', 'photo.png', 0),
('RS9179', 'Ricardo Emmanuel', 'Suárez Ortiz', '122263-115193?10583/10253*51y2!10693-10363-114183*', 'yaton2020@gmail.com', '1989-02-02', 'M', 'Apopa', 2, 1, 'A', 'photo.png', 0),
('RV4421', 'Rafael Rodrigo', 'Vega Rojas', '117213?109123*53L2-122263-120243!108113*122263?10253/', 'yaton2020@gmail.com', '1989-07-02', 'M', 'Ciudad Delgado', 3, 1, 'A', 'photo.png', 0),
('RV4986', 'Rodrigo Erick', 'Vega Castro', '122263-53L2*9702*48e2?54F2!79422?78402?68302!', 'yaton2020@gmail.com', '1988-02-05', 'M', 'Apopa', 7, 1, 'A', 'photo.png', 0),
('RV5182', 'Rodrigo Nicolás', 'Vera Suárez', '51y2/110133*54F2*52A2!55R2*72342/78402!80432/', 'yaton2020@gmail.com', '1989-07-02', 'M', 'Soyanpango', 3, 1, 'A', 'photo.png', 0),
('SA1975', 'Santiago Matías', 'Acosta Díaz', '9812?55R2/10253/10473-52A2?77392?65272/54F2?', 'yaton2020@gmail.com', '1987-03-04', 'M', 'Ilopango', 5, 1, 'A', 'photo.png', 0),
('SA3991', 'Santiago Santiago', 'Acosta Díaz', '109123!111153-112163!10033?76382!83462?90532!66282/', 'yaton2020@gmail.com', '1988-02-05', 'M', 'Ilopango', 7, 1, 'A', 'photo.png', 0),
('SA9292', 'Santiago Agustin', 'Aguirre González', '111153-49l2*52A2?48e2!71332*51y2-81442?81442-', 'yaton2020@gmail.com', '1989-01-01', 'M', 'Ciudad Delgado', 8, 1, 'A', 'photo.png', 0),
('SC3163', 'Santiago Cesar', 'Carrizo Quiroga', '112163/54F2/112163!10033/49l2*107103*51y2*57p2/', 'yaton2020@gmail.com', '1989-11-06', 'M', 'Apopa', 7, 1, 'A', 'photo.png', 0),
('SC6342', 'Samuel Vicente', 'Castro Silva', '10253?9702!48e2!10253?82452!86492/67292*84472*', 'yaton2020@gmail.com', '1987-11-02', 'M', 'Ciudad Delgado', 2, 1, 'A', 'photo.png', 0),
('SF6611', 'Sergio Ángel', 'Ferreyra Ledesma', '110133?9702!116203?10473!76382?83462-80432!54F2*', 'yaton2020@gmail.com', '1987-10-03', 'M', 'Soyanpango', 4, 1, 'A', 'photo.png', 0),
('SF9413', 'Santiago Francisco', 'Ferreyra Juárez', '109123*54F2-10693?57p2/107103-108113-121253/113173/', 'yaton2020@gmail.com', '1989-02-27', 'M', 'Apopa', 6, 1, 'A', 'photo.png', 0),
('SG2151', 'Simón Antonio', 'García Muñoz', '117213!119233/109123/110133-79422!88512-76382-65272*', 'yaton2020@gmail.com', '1988-10-11', 'M', 'Apopa', 3, 1, 'A', 'photo.png', 0),
('SG3697', 'Santiago Ángel', 'García Ramírez', '10363*117213-10693*56o2/49l2!110133?116203/9812/', 'yaton2020@gmail.com', '1988-02-19', 'M', 'Apopa', 12, 1, 'A', 'photo.png', 0),
('SM2988', 'Santiago Daniel', 'Morales Luna', '56o2*114183-10693*111153*122263!107103*117213*118223-', 'yaton2020@gmail.com', '1987-02-21', 'M', 'Soyanpango', 3, 1, 'A', 'photo.png', 0),
('SM5922', 'Samuel Agustin', 'Morales Rodríguez', '48e2?10693!10143-119233-82452*89522-86492*78402!', 'yaton2020@gmail.com', '1987-10-03', 'M', 'Soyanpango', 4, 1, 'A', 'photo.png', 0),
('SN1921', 'Santiago Emmanuel', 'Núñez Godoy', '107103/113173/55R2!110133!51y2!70322!65272*67292?', 'yaton2020@gmail.com', '1987-09-22', 'M', 'Apopa', 1, 1, 'A', 'photo.png', 0),
('SN5436', 'Samuel Cesar', 'Núñez Gutiérrez', '114183-114183-115193*10253-107103-10363*53L2-116203!', 'yaton2020@gmail.com', '1987-02-09', 'M', 'Soyanpango', 2, 1, 'A', 'photo.png', 0),
('SP1535', 'Sergio Mario', 'Peralta Ruiz', '54F2-116203/122263*53L2!51y2!54F2/85482*52A2!', 'yaton2020@gmail.com', '1989-02-08', 'M', 'Soyanpango', 9, 1, 'A', 'photo.png', 0),
('SP6718', 'Santiago Jeronimo', 'Ponce Gómez', '117213!122263*112163?56o2/113173-109123?111153/122263!', 'yaton2020@gmail.com', '1988-10-11', 'M', 'Soyanpango', 3, 1, 'A', 'photo.png', 0),
('SR9236', 'Samuel Andrés', 'Rojas Castillo', '122263/118223*56o2-117213-54F2?116203*54F2?9922/', 'yaton2020@gmail.com', '1987-06-14', 'M', 'Ilopango', 11, 1, 'A', 'photo.png', 0),
('SS6823', 'Simón Benjamin', 'Sosa Gómez', '56o2-107103-56o2!108113/50a2?122263/9702?55R2!', 'yaton2020@gmail.com', '1989-05-02', 'M', 'Apopa', 9, 1, 'A', 'photo.png', 0),
('ST7337', 'Samuel Pedro', 'Torres Díaz', '108113/55R2!115193/111153-49l2-111153*55R2/10253-', 'yaton2020@gmail.com', '1988-02-22', 'M', 'Ilopango', 11, 1, 'A', 'photo.png', 0),
('TC8337', 'Tomás Juan', 'Castillo Sosa', '51y2-10473!52A2?112163?79422-56o2/50a2*57p2!', 'yaton2020@gmail.com', '1987-11-07', 'M', 'Soyanpango', 5, 1, 'A', 'photo.png', 0),
('TD6176', 'Tomás Rafael', 'Díaz Ortiz', '10143?119233?116203-114183/86492/66282!89522?75372?75372!', 'yaton2020@gmail.com', '1989-02-08', 'M', 'Ciudad Delgado', 9, 1, 'A', 'photo.png', 0),
('TF4321', 'Tomás Marcos', 'Ferreyra Castillo', '52A2-48e2/50a2!49l2-109123!10583*9922/9812-', 'yaton2020@gmail.com', '1989-02-02', 'M', 'Ciudad Delgado', 2, 1, 'A', 'photo.png', 0),
('TG6519', 'Thiago Álvaro', 'González Gutiérrez', '9702?10693-108113*120243?54F2*82452-88512/79422?', 'yaton2020@gmail.com', '1987-11-07', 'M', 'Ciudad Delgado', 5, 1, 'A', 'photo.png', 0),
('TM4163', 'Thiago Simón', 'Molina Pereyra', '50a2-57p2/114183-121253/82452-54F2*55R2/88512!', 'yaton2020@gmail.com', '1989-02-08', 'M', 'Ciudad Delgado', 9, 1, 'A', 'photo.png', 0),
('TM7295', 'Thiago Iván', 'Muñoz Silva', '57p2/120243*9922!10363/51y2?51y2*67292-83462/', 'yaton2020@gmail.com', '1989-02-08', 'M', 'Ciudad Delgado', 9, 1, 'A', 'photo.png', 0),
('TO1216', 'Tomás Oscar', 'Ojeda González', '9922!51y2!53L2?52A2!116203!112163?117213*10363-', 'yaton2020@gmail.com', '1989-02-02', 'M', 'Soyanpango', 2, 1, 'A', 'photo.png', 0),
('TP7975', 'Tomás Cristobal', 'Pérez Morales', '10693!10253-119233/57p2-9702?49l2-52A2!111153?', 'yaton2020@gmail.com', '1989-02-02', 'M', 'Ilopango', 2, 1, 'A', 'photo.png', 0),
('TR1521', 'Thiago Ricardo', 'Ramírez Torres', '108113*116203*119233-117213-87502/89522/55R2-71332?', 'yaton2020@gmail.com', '1987-03-04', 'M', 'Apopa', 5, 1, 'A', 'photo.png', 0),
('TS6665', 'Tomás Mathew', 'Sosa Gutiérrez', '109123?113173-114183!10363?74362-67292?71332*69312?', 'yaton2020@gmail.com', '1987-02-05', 'M', 'Ciudad Delgado', 8, 1, 'A', 'photo.png', 0),
('TV3337', 'Thiago Juan David', 'Vázquez Muñoz', '107103/120243-111153?112163!79422/76382-55R2?78402/', 'yaton2020@gmail.com', '1987-02-21', 'M', 'Ilopango', 3, 1, 'A', 'photo.png', 0),
('TV5391', 'Thiago Anthony', 'Vázquez Ortiz', '108113!121253/10583/10363!74362/73352/87502?57p2*', 'yaton2020@gmail.com', '1989-12-06', 'M', 'Apopa', 11, 1, 'A', 'photo.png', 0),
('TV6434', 'Thiago Álvaro', 'Vázquez Moreno', '55R2*50a2/122263-114183*54F2!48e2*71332!69312/', 'yaton2020@gmail.com', '1987-02-16', 'M', 'Ciudad Delgado', 10, 1, 'A', 'photo.png', 0),
('VM3416', 'Vicente Felipe', 'Moreno Ponce', '120243-9702-110133!50a2/10583-115193-52A2*109123/', 'yaton2020@gmail.com', '1987-11-03', 'M', 'Ilopango', 8, 1, 'A', 'photo.png', 0),
('VM5322', 'Vicente Bautista', 'Moreno Acosta', '120243?49l2-122263!117213-10033*9922/48e2/10363-', 'yaton2020@gmail.com', '1988-11-06', 'M', 'Ilopango', 9, 1, 'A', 'photo.png', 0),
('VP7753', 'Vicente Juan Sebastian', 'Pereyra Castro', '119233*48e2-107103*50a2/78402?88512*71332?69312*', 'yaton2020@gmail.com', '1989-05-01', 'M', 'Apopa', 12, 1, 'A', 'photo.png', 0),
('VV4812', 'Valentín Julían', 'Vera Ferreyra', '53L2*109123-120243?118223?78402?80432/87502-66282/', 'yaton2020@gmail.com', '1989-01-01', 'M', 'Ilopango', 8, 1, 'A', 'photo.png', 0);






