-- phpMyAdmin SQL Dump
-- version 4.6.5.2
-- https://www.phpmyadmin.net/
--
-- Servidor: 127.0.0.1
-- Tiempo de generación: 01-09-2017 a las 12:08:55
-- Versión del servidor: 10.1.21-MariaDB
-- Versión de PHP: 5.6.30

SET SQL_MODE = "NO_AUTO_VALUE_ON_ZERO";
SET time_zone = "+00:00";


/*!40101 SET @OLD_CHARACTER_SET_CLIENT=@@CHARACTER_SET_CLIENT */;
/*!40101 SET @OLD_CHARACTER_SET_RESULTS=@@CHARACTER_SET_RESULTS */;
/*!40101 SET @OLD_COLLATION_CONNECTION=@@COLLATION_CONNECTION */;
/*!40101 SET NAMES utf8mb4 */;

--
-- Base de datos: `ezic`
--

-- --------------------------------------------------------

--
-- Estructura de tabla para la tabla `accumulated_note`
--

CREATE TABLE `accumulated_note` (
  `idAccumulated` int(15) NOT NULL,
  `idSubject` int(15) NOT NULL,
  `idStudent` varchar(15) COLLATE utf8_spanish2_ci NOT NULL,
  `acc` float NOT NULL,
  `approved` varchar(1) COLLATE utf8_spanish2_ci NOT NULL
) ENGINE=InnoDB DEFAULT CHARSET=utf8 COLLATE=utf8_spanish2_ci;

--
-- Volcado de datos para la tabla `accumulated_note`
--

INSERT INTO `accumulated_note` (`idAccumulated`, `idSubject`, `idStudent`, `acc`, `approved`) VALUES
(1, 2, 'AS1983', 3.94, '0'),
(2, 2, 'BS9588', 3.94, '0'),
(3, 2, 'DB4645', 3.94, '0'),
(4, 2, 'ER8335', 3.94, '0'),
(5, 2, 'FT9543', 3.94, '0'),
(6, 2, 'GG5559', 3.94, '0'),
(7, 2, 'IA3668', 3.94, '0'),
(8, 2, 'JA6681', 3.94, '0'),
(9, 2, 'JL7274', 3.94, '0'),
(10, 2, 'KÁ4733', 3.94, '0'),
(11, 2, 'LM5852', 3.94, '0'),
(12, 2, 'LR3335', 3.94, '0'),
(13, 2, 'MD4436', 3.94, '0'),
(14, 2, 'MM4921', 3.94, '0'),
(15, 2, 'MR6891', 3.94, '0'),
(16, 2, 'MS8242', 3.94, '0'),
(17, 2, 'AC5563', 4.03, '0'),
(18, 2, 'AM1638', 4.03, '0'),
(19, 2, 'ÁN9224', 4.03, '0'),
(20, 2, 'ÁR5923', 4.03, '0'),
(21, 2, 'AR7259', 4.03, '0'),
(22, 2, 'CL9634', 4.03, '0'),
(23, 2, 'DJ1737', 4.03, '0'),
(24, 2, 'DR7348', 4.03, '0'),
(25, 2, 'DV9275', 4.03, '0'),
(26, 2, 'EA4795', 4.03, '0'),
(27, 2, 'EP4352', 4.03, '0'),
(28, 2, 'ES9328', 4.03, '0'),
(29, 2, 'FC1423', 4.03, '0'),
(30, 2, 'GG3259', 4.03, '0'),
(31, 2, 'HP7681', 4.03, '0'),
(32, 2, 'JA2924', 4.03, '0'),
(33, 2, 'JA3561', 4.03, '0'),
(34, 2, 'JG7323', 4.03, '0'),
(35, 2, 'JG8296', 4.03, '0'),
(36, 2, 'JM7153', 4.03, '0'),
(37, 2, 'JQ8827', 4.03, '0'),
(38, 2, 'JR2253', 4.03, '0'),
(39, 2, 'JS1311', 4.03, '0'),
(40, 2, 'JT3175', 4.03, '0'),
(41, 2, 'LP3696', 4.03, '0'),
(42, 2, 'LP6885', 4.03, '0'),
(43, 2, 'MC8646', 4.03, '0'),
(44, 2, 'ML9342', 4.03, '0'),
(45, 2, 'RG8592', 4.03, '0'),
(46, 2, 'RS9179', 4.03, '0'),
(47, 2, 'SC6342', 4.03, '0'),
(48, 2, 'AG5462', 3.85, '0'),
(49, 2, 'AP7669', 3.85, '0'),
(50, 2, 'BR9523', 3.85, '0'),
(51, 2, 'CC2413', 3.85, '0'),
(52, 2, 'DV2282', 3.85, '0'),
(53, 2, 'ES3336', 3.85, '0'),
(54, 2, 'GM2599', 3.85, '0'),
(55, 2, 'GR7387', 3.85, '0'),
(56, 2, 'IP4186', 3.85, '0'),
(57, 2, 'JF6817', 3.85, '0'),
(58, 2, 'JO5431', 3.85, '0'),
(59, 2, 'JR8381', 3.85, '0'),
(60, 2, 'JV9236', 3.85, '0'),
(61, 2, 'KM6618', 3.85, '0'),
(62, 2, 'LC4825', 3.85, '0'),
(63, 2, 'LM7791', 3.85, '0'),
(64, 2, 'LO5959', 3.85, '0'),
(65, 2, 'MA9567', 3.85, '0'),
(66, 2, 'MD9555', 3.85, '0'),
(67, 2, 'MM4716', 3.85, '0'),
(68, 2, 'NR2346', 3.85, '0'),
(69, 2, 'PC6556', 3.85, '0'),
(70, 2, 'PG4466', 3.85, '0'),
(71, 2, 'RA5176', 3.85, '0'),
(72, 2, 'RV4421', 3.85, '0'),
(73, 2, 'RV5182', 3.85, '0'),
(74, 2, 'AC8372', 4.03, '0'),
(75, 2, 'ÁT4399', 4.03, '0'),
(76, 2, 'BC3517', 4.03, '0'),
(77, 2, 'BG9639', 4.03, '0'),
(78, 2, 'CG3314', 4.03, '0'),
(79, 2, 'CG8874', 4.03, '0'),
(80, 2, 'EF1291', 4.03, '0'),
(81, 2, 'ER1325', 4.03, '0'),
(82, 2, 'FL3514', 4.03, '0'),
(83, 2, 'FP2126', 4.03, '0'),
(84, 2, 'GF9739', 4.03, '0'),
(85, 2, 'IP1554', 4.03, '0'),
(86, 2, 'IV6296', 4.03, '0'),
(87, 2, 'IV9459', 4.03, '0'),
(88, 2, 'JC1912', 4.03, '0'),
(89, 2, 'JJ8389', 4.03, '0'),
(90, 2, 'JM9226', 4.03, '0'),
(91, 2, 'LP9455', 4.03, '0'),
(92, 2, 'MC4456', 4.03, '0'),
(93, 2, 'MO3283', 4.03, '0'),
(94, 2, 'MS4199', 4.03, '0'),
(95, 15, 'AC5563', 3.94, '0'),
(96, 15, 'AM1638', 4.03, '0'),
(97, 15, 'ÁN9224', 4.03, '0'),
(98, 15, 'ÁR5923', 4.03, '0'),
(99, 15, 'AR7259', 4.03, '0'),
(100, 15, 'CL9634', 4.03, '0'),
(101, 15, 'DJ1737', 4.03, '0'),
(102, 15, 'DR7348', 4.03, '0'),
(103, 15, 'DV9275', 4.03, '0'),
(104, 15, 'EA4795', 4.03, '0'),
(105, 15, 'EP4352', 4.03, '0'),
(106, 15, 'ES9328', 4.03, '0'),
(107, 15, 'FC1423', 4.03, '0'),
(108, 15, 'GG3259', 4.03, '0'),
(109, 15, 'HP7681', 4.03, '0'),
(110, 15, 'JA2924', 4.03, '0'),
(111, 15, 'JA3561', 4.03, '0'),
(112, 15, 'JG7323', 4.03, '0'),
(113, 15, 'JG8296', 4.03, '0'),
(114, 15, 'JM7153', 4.03, '0'),
(115, 15, 'JQ8827', 4.03, '0'),
(116, 15, 'JR2253', 4.03, '0'),
(117, 15, 'JS1311', 4.03, '0'),
(118, 15, 'JT3175', 4.03, '0'),
(119, 15, 'LP3696', 4.03, '0'),
(120, 15, 'LP6885', 4.03, '0'),
(121, 15, 'MC8646', 4.03, '0'),
(122, 15, 'ML9342', 4.03, '0'),
(123, 15, 'RG8592', 4.03, '0'),
(124, 15, 'RS9179', 4.03, '0'),
(125, 15, 'SC6342', 4.03, '0'),
(126, 16, 'AG3433', 4.03, '0'),
(127, 16, 'AR5325', 4.03, '0'),
(128, 16, 'BQ2628', 4.03, '0'),
(129, 16, 'CD8339', 4.03, '0'),
(130, 16, 'CL7913', 4.03, '0'),
(131, 16, 'ER1971', 4.03, '0'),
(132, 16, 'ER8677', 4.03, '0'),
(133, 16, 'ET6197', 4.03, '0'),
(134, 16, 'FB7737', 4.03, '0'),
(135, 16, 'GL3842', 4.03, '0'),
(136, 16, 'IA8993', 4.03, '0'),
(137, 16, 'IQ8729', 4.03, '0'),
(138, 16, 'JJ2182', 4.03, '0'),
(139, 16, 'JM1958', 4.03, '0'),
(140, 16, 'JM2892', 4.03, '0'),
(141, 16, 'LR6137', 4.03, '0'),
(142, 16, 'MH6433', 4.03, '0'),
(143, 16, 'MM4383', 4.03, '0'),
(144, 16, 'MP3665', 4.03, '0'),
(145, 16, 'NR5288', 4.03, '0'),
(146, 16, 'OD7389', 4.03, '0'),
(147, 23, 'AG3433', 3.85, '0'),
(148, 23, 'AR5325', 3.85, '0'),
(149, 23, 'BQ2628', 3.85, '0'),
(150, 23, 'CD8339', 3.85, '0'),
(151, 23, 'CL7913', 3.85, '0'),
(152, 23, 'ER1971', 3.85, '0'),
(153, 23, 'ER8677', 3.94, '0'),
(154, 23, 'ET6197', 4.03, '0'),
(155, 23, 'FB7737', 4.03, '0'),
(156, 23, 'GL3842', 4.03, '0'),
(157, 23, 'IA8993', 4.03, '0'),
(158, 23, 'IQ8729', 4.03, '0'),
(159, 23, 'JJ2182', 4.03, '0'),
(160, 23, 'JM1958', 4.03, '0'),
(161, 23, 'JM2892', 4.03, '0'),
(162, 23, 'LR6137', 4.03, '0'),
(163, 23, 'MH6433', 4.03, '0'),
(164, 23, 'MM4383', 4.03, '0'),
(165, 23, 'MP3665', 4.03, '0'),
(166, 23, 'NR5288', 4.03, '0'),
(167, 23, 'OD7389', 4.03, '0'),
(168, 23, 'AC9757', 3.85, '0'),
(169, 23, 'AF6686', 3.85, '0'),
(170, 23, 'AV1432', 3.85, '0'),
(171, 23, 'BN8146', 3.85, '0'),
(172, 23, 'CG6284', 3.85, '0'),
(173, 23, 'CM1768', 3.85, '0'),
(174, 23, 'CP2577', 3.85, '0'),
(175, 23, 'CV1817', 3.85, '0'),
(176, 23, 'EF2321', 3.85, '0'),
(177, 23, 'FN9269', 3.85, '0'),
(178, 23, 'IP9464', 3.85, '0'),
(179, 23, 'JÁ1787', 3.85, '0'),
(180, 23, 'JA6979', 3.85, '0'),
(181, 23, 'JF6956', 3.85, '0'),
(182, 23, 'JF9166', 3.85, '0'),
(183, 23, 'JM6166', 3.85, '0'),
(184, 23, 'JP1338', 3.85, '0'),
(185, 23, 'JP9542', 3.85, '0'),
(186, 23, 'JS1631', 3.85, '0'),
(187, 23, 'JS5228', 3.85, '0'),
(188, 23, 'LG3866', 3.85, '0'),
(189, 23, 'AV2194', 3.85, '0'),
(190, 23, 'AV9782', 3.85, '0'),
(191, 23, 'CF7283', 3.85, '0'),
(192, 23, 'CR3815', 3.85, '0'),
(193, 23, 'DA6344', 3.85, '0'),
(194, 23, 'DC7557', 3.85, '0'),
(195, 23, 'DV6321', 3.94, '0'),
(196, 23, 'EL4666', 4.03, '0'),
(197, 23, 'EP9486', 4.03, '0'),
(198, 23, 'ER2461', 4.03, '0'),
(199, 23, 'FM6585', 4.03, '0'),
(200, 23, 'FR8934', 4.03, '0'),
(201, 23, 'FT1489', 4.03, '0'),
(202, 23, 'FV5729', 4.03, '0'),
(203, 23, 'GM3695', 4.03, '0'),
(204, 23, 'JL5461', 4.03, '0'),
(205, 23, 'JM4873', 4.03, '0'),
(206, 23, 'JR3327', 4.03, '0'),
(207, 23, 'KL8952', 4.03, '0'),
(208, 23, 'LA2352', 4.03, '0'),
(209, 23, 'LS1267', 4.03, '0'),
(210, 23, 'MÁ5258', 4.03, '0'),
(211, 23, 'MA9739', 4.03, '0'),
(212, 23, 'OP9186', 4.03, '0'),
(213, 23, 'OR5469', 4.03, '0'),
(214, 23, 'PV2487', 4.03, '0'),
(215, 23, 'AJ3557', 3.94, '0'),
(216, 23, 'AL1951', 3.94, '0'),
(217, 23, 'AT5162', 3.94, '0'),
(218, 23, 'AV5191', 3.94, '0'),
(219, 23, 'BL2957', 3.94, '0'),
(220, 23, 'BO2759', 3.94, '0'),
(221, 23, 'DR7596', 3.94, '0'),
(222, 23, 'DR8694', 3.94, '0'),
(223, 23, 'EM8842', 3.94, '0'),
(224, 23, 'GM2229', 3.94, '0'),
(225, 23, 'GV2633', 3.94, '0'),
(226, 23, 'IB1332', 3.94, '0'),
(227, 23, 'IP9558', 3.94, '0'),
(228, 23, 'JÁ7773', 3.94, '0'),
(229, 23, 'JB7154', 3.94, '0'),
(230, 23, 'JC8281', 3.94, '0'),
(231, 23, 'JG8863', 3.94, '0'),
(232, 23, 'JP6494', 3.94, '0'),
(233, 23, 'JQ9587', 3.94, '0'),
(234, 23, 'KO6831', 3.94, '0'),
(235, 23, 'LC8432', 3.94, '0'),
(236, 23, 'LQ3145', 3.94, '0'),
(237, 23, 'MF1821', 3.94, '0'),
(238, 23, 'MN2956', 3.94, '0'),
(239, 23, 'MQ5455', 4.03, '0'),
(240, 23, 'MR3799', 3.94, '0'),
(241, 1, 'AS1983', 3.94, '0'),
(242, 1, 'BS9588', 3.94, '0'),
(243, 1, 'DB4645', 3.94, '0'),
(244, 1, 'ER8335', 3.94, '0'),
(245, 1, 'FT9543', 3.94, '0'),
(246, 1, 'GG5559', 3.94, '0'),
(247, 1, 'IA3668', 3.94, '0'),
(248, 1, 'JA6681', 3.94, '0'),
(249, 1, 'JL7274', 4.03, '0'),
(250, 1, 'KÁ4733', 4.03, '0'),
(251, 1, 'LM5852', 4.03, '0'),
(252, 1, 'LR3335', 4.03, '0'),
(253, 1, 'MD4436', 4.03, '0'),
(254, 1, 'MM4921', 4.03, '0'),
(255, 1, 'MR6891', 4.03, '0'),
(256, 1, 'MS8242', 4.03, '0'),
(257, 1, 'AC5563', 3.94, '0'),
(258, 1, 'AM1638', 3.94, '0'),
(259, 1, 'ÁN9224', 3.94, '0'),
(260, 1, 'ÁR5923', 3.94, '0'),
(261, 1, 'AR7259', 3.94, '0'),
(262, 1, 'CL9634', 3.94, '0'),
(263, 1, 'DJ1737', 3.94, '0'),
(264, 1, 'DR7348', 3.94, '0'),
(265, 1, 'DV9275', 3.94, '0'),
(266, 1, 'EA4795', 3.94, '0'),
(267, 1, 'EP4352', 3.94, '0'),
(268, 1, 'ES9328', 3.94, '0'),
(269, 1, 'FC1423', 3.94, '0'),
(270, 1, 'GG3259', 3.94, '0'),
(271, 1, 'HP7681', 3.94, '0'),
(272, 1, 'JA2924', 3.94, '0'),
(273, 1, 'JA3561', 3.94, '0'),
(274, 1, 'JG7323', 3.94, '0'),
(275, 1, 'JG8296', 3.94, '0'),
(276, 1, 'JM7153', 3.94, '0'),
(277, 1, 'JQ8827', 3.94, '0'),
(278, 1, 'JR2253', 3.94, '0'),
(279, 1, 'JS1311', 3.94, '0'),
(280, 1, 'JT3175', 3.94, '0'),
(281, 1, 'LP3696', 3.94, '0'),
(282, 1, 'LP6885', 3.94, '0'),
(283, 1, 'MC8646', 3.94, '0'),
(284, 1, 'ML9342', 3.94, '0'),
(285, 1, 'RG8592', 3.94, '0'),
(286, 1, 'RS9179', 3.94, '0'),
(287, 1, 'SC6342', 3.94, '0'),
(288, 1, 'AG5462', 4.03, '0'),
(289, 1, 'AP7669', 4.03, '0'),
(290, 1, 'BR9523', 4.03, '0'),
(291, 1, 'CC2413', 4.03, '0'),
(292, 1, 'DV2282', 4.03, '0'),
(293, 1, 'ES3336', 4.03, '0'),
(294, 1, 'GM2599', 4.03, '0'),
(295, 1, 'GR7387', 4.03, '0'),
(296, 1, 'IP4186', 4.03, '0'),
(297, 1, 'JF6817', 4.03, '0'),
(298, 1, 'JO5431', 4.03, '0'),
(299, 1, 'JR8381', 4.03, '0'),
(300, 1, 'JV9236', 4.03, '0'),
(301, 1, 'KM6618', 4.03, '0'),
(302, 1, 'LC4825', 4.03, '0'),
(303, 1, 'LM7791', 4.03, '0'),
(304, 1, 'LO5959', 4.03, '0'),
(305, 1, 'MA9567', 4.03, '0'),
(306, 1, 'MD9555', 4.03, '0'),
(307, 1, 'MM4716', 4.03, '0'),
(308, 1, 'NR2346', 4.03, '0'),
(309, 1, 'PC6556', 4.03, '0'),
(310, 1, 'PG4466', 4.03, '0'),
(311, 1, 'RA5176', 4.03, '0'),
(312, 1, 'RV4421', 4.03, '0'),
(313, 1, 'RV5182', 4.03, '0'),
(314, 1, 'AC8372', 3.74, '0'),
(315, 1, 'ÁT4399', 3.74, '0'),
(316, 1, 'BC3517', 3.74, '0'),
(317, 1, 'BG9639', 3.82, '0'),
(318, 1, 'CG3314', 3.82, '0'),
(319, 1, 'CG8874', 3.82, '0'),
(320, 1, 'EF1291', 3.82, '0'),
(321, 1, 'ER1325', 3.82, '0'),
(322, 1, 'FL3514', 3.91, '0'),
(323, 1, 'FP2126', 3.91, '0'),
(324, 1, 'GF9739', 3.91, '0'),
(325, 1, 'IP1554', 3.99, '0'),
(326, 1, 'IV6296', 3.99, '0'),
(327, 1, 'IV9459', 3.99, '0'),
(328, 1, 'JC1912', 3.99, '0'),
(329, 1, 'JJ8389', 3.99, '0'),
(330, 1, 'JM9226', 3.99, '0'),
(331, 1, 'LP9455', 3.99, '0'),
(332, 1, 'MC4456', 3.99, '0'),
(333, 1, 'MO3283', 3.99, '0'),
(334, 1, 'MS4199', 3.99, '0'),
(335, 17, 'AC5755', 3.94, '0'),
(336, 17, 'AS7999', 3.94, '0'),
(337, 17, 'BA3564', 4.03, '0'),
(338, 17, 'BM7119', 4.03, '0'),
(339, 17, 'CL9294', 4.03, '0'),
(340, 17, 'CP7186', 4.03, '0'),
(341, 17, 'DR7987', 4.03, '0'),
(342, 17, 'DS5899', 4.03, '0'),
(343, 17, 'EP2846', 4.03, '0'),
(344, 17, 'FV5372', 4.03, '0'),
(345, 17, 'GR9232', 4.03, '0'),
(346, 17, 'IJ2434', 4.03, '0'),
(347, 17, 'JF6695', 4.03, '0'),
(348, 17, 'JG8253', 4.03, '0'),
(349, 17, 'JH1242', 4.03, '0'),
(350, 17, 'JM5279', 4.03, '0'),
(351, 17, 'JS5299', 4.03, '0'),
(352, 17, 'LC2335', 4.03, '0'),
(353, 17, 'LM8535', 4.03, '0'),
(354, 17, 'SP1535', 4.03, '0'),
(355, 17, 'SS6823', 4.03, '0'),
(356, 7, 'AG5462', 4.03, '0'),
(357, 7, 'AP7669', 4.03, '0'),
(358, 7, 'BR9523', 4.03, '0'),
(359, 7, 'CC2413', 4.03, '0'),
(360, 7, 'DV2282', 4.03, '0'),
(361, 7, 'ES3336', 4.03, '0'),
(362, 7, 'GM2599', 4.03, '0'),
(363, 7, 'GR7387', 4.03, '0'),
(364, 7, 'IP4186', 4.03, '0'),
(365, 7, 'JF6817', 4.03, '0'),
(366, 7, 'JO5431', 4.03, '0'),
(367, 7, 'JR8381', 4.03, '0'),
(368, 7, 'JV9236', 4.03, '0'),
(369, 7, 'KM6618', 4.03, '0'),
(370, 7, 'LC4825', 4.03, '0'),
(371, 7, 'LM7791', 4.03, '0'),
(372, 7, 'LO5959', 4.03, '0'),
(373, 7, 'MA9567', 4.03, '0'),
(374, 7, 'MD9555', 4.03, '0'),
(375, 7, 'MM4716', 4.03, '0'),
(376, 7, 'NR2346', 4.03, '0'),
(377, 7, 'PC6556', 4.03, '0'),
(378, 7, 'PG4466', 4.03, '0'),
(379, 7, 'RA5176', 4.03, '0'),
(380, 7, 'RV4421', 4.03, '0'),
(381, 7, 'RV5182', 4.03, '0'),
(382, 7, 'AC8372', 3.94, '0'),
(383, 7, 'ÁT4399', 3.94, '0'),
(384, 7, 'BC3517', 3.94, '0'),
(385, 7, 'BG9639', 3.94, '0'),
(386, 7, 'CG3314', 3.94, '0'),
(387, 7, 'CG8874', 3.94, '0'),
(388, 7, 'EF1291', 3.94, '0'),
(389, 7, 'ER1325', 3.94, '0'),
(390, 7, 'FL3514', 3.94, '0'),
(391, 7, 'FP2126', 3.94, '0'),
(392, 7, 'GF9739', 3.94, '0'),
(393, 7, 'IP1554', 3.94, '0'),
(394, 7, 'IV6296', 3.94, '0'),
(395, 7, 'IV9459', 3.94, '0'),
(396, 7, 'JC1912', 3.94, '0'),
(397, 7, 'JJ8389', 3.94, '0'),
(398, 7, 'JM9226', 3.94, '0'),
(399, 7, 'LP9455', 3.94, '0'),
(400, 7, 'MC4456', 3.94, '0'),
(401, 7, 'MO3283', 3.94, '0'),
(402, 7, 'MS4199', 3.94, '0'),
(403, 8, 'AV2194', 3.85, '0'),
(404, 8, 'AV9782', 3.85, '0'),
(405, 8, 'CF7283', 3.85, '0'),
(406, 8, 'CR3815', 3.85, '0'),
(407, 8, 'DA6344', 3.85, '0'),
(408, 8, 'DC7557', 3.85, '0'),
(409, 8, 'DV6321', 3.85, '0'),
(410, 8, 'EL4666', 3.85, '0'),
(411, 8, 'EP9486', 3.85, '0'),
(412, 8, 'ER2461', 3.85, '0'),
(413, 8, 'FM6585', 3.85, '0'),
(414, 8, 'FR8934', 3.94, '0'),
(415, 8, 'FT1489', 3.94, '0'),
(416, 8, 'FV5729', 3.94, '0'),
(417, 8, 'GM3695', 3.94, '0'),
(418, 8, 'JL5461', 3.94, '0'),
(419, 8, 'JM4873', 3.94, '0'),
(420, 8, 'JR3327', 3.94, '0'),
(421, 8, 'KL8952', 3.94, '0'),
(422, 8, 'LA2352', 3.94, '0'),
(423, 8, 'LS1267', 3.94, '0'),
(424, 8, 'MÁ5258', 3.94, '0'),
(425, 8, 'MA9739', 3.94, '0'),
(426, 8, 'OP9186', 3.94, '0'),
(427, 8, 'OR5469', 3.85, '0'),
(428, 8, 'PV2487', 3.94, '0'),
(429, 8, 'AJ3557', 3.92, '0'),
(430, 8, 'AL1951', 3.92, '0'),
(431, 8, 'AT5162', 3.92, '0'),
(432, 8, 'AV5191', 3.92, '0'),
(433, 8, 'BL2957', 3.92, '0'),
(434, 8, 'BO2759', 3.92, '0'),
(435, 8, 'DR7596', 3.92, '0'),
(436, 8, 'DR8694', 3.92, '0'),
(437, 8, 'EM8842', 3.92, '0'),
(438, 8, 'GM2229', 3.92, '0'),
(439, 8, 'GV2633', 3.92, '0'),
(440, 8, 'IB1332', 3.92, '0'),
(441, 8, 'IP9558', 3.92, '0'),
(442, 8, 'JÁ7773', 3.92, '0'),
(443, 8, 'JB7154', 3.92, '0'),
(444, 8, 'JC8281', 3.92, '0'),
(445, 8, 'JG8863', 3.92, '0'),
(446, 8, 'JP6494', 3.92, '0'),
(447, 8, 'JQ9587', 3.92, '0'),
(448, 8, 'KO6831', 3.92, '0'),
(449, 8, 'LC8432', 3.92, '0'),
(450, 8, 'LQ3145', 3.92, '0'),
(451, 8, 'MF1821', 3.92, '0'),
(452, 8, 'MN2956', 3.92, '0'),
(453, 8, 'MQ5455', 3.92, '0'),
(454, 8, 'MR3799', 3.92, '0'),
(455, 11, 'AS1983', 4.03, '0'),
(456, 11, 'BS9588', 4.03, '0'),
(457, 11, 'DB4645', 4.03, '0'),
(458, 11, 'ER8335', 4.03, '0'),
(459, 11, 'FT9543', 4.03, '0'),
(460, 11, 'GG5559', 4.03, '0'),
(461, 11, 'IA3668', 4.03, '0'),
(462, 11, 'JA6681', 4.02, '0'),
(463, 11, 'JL7274', 4.03, '0'),
(464, 11, 'KÁ4733', 4.03, '0'),
(465, 11, 'LM5852', 4.03, '0'),
(466, 11, 'LR3335', 4.03, '0'),
(467, 11, 'MD4436', 4.03, '0'),
(468, 11, 'MM4921', 4.03, '0'),
(469, 11, 'MR6891', 4.03, '0'),
(470, 11, 'MS8242', 4.03, '0'),
(471, 11, 'AC5563', 4.03, '0'),
(472, 11, 'AM1638', 4.03, '0'),
(473, 11, 'ÁN9224', 4.03, '0'),
(474, 11, 'ÁR5923', 4.03, '0'),
(475, 11, 'AR7259', 4.03, '0'),
(476, 11, 'CL9634', 4.03, '0'),
(477, 11, 'DJ1737', 4.03, '0'),
(478, 11, 'DR7348', 4.03, '0'),
(479, 11, 'DV9275', 4.03, '0'),
(480, 11, 'EA4795', 4.03, '0'),
(481, 11, 'EP4352', 4.03, '0'),
(482, 11, 'ES9328', 4.03, '0'),
(483, 11, 'FC1423', 3.94, '0'),
(484, 11, 'GG3259', 3.94, '0'),
(485, 11, 'HP7681', 3.94, '0'),
(486, 11, 'JA2924', 3.94, '0'),
(487, 11, 'JA3561', 3.94, '0'),
(488, 11, 'JG7323', 3.94, '0'),
(489, 11, 'JG8296', 3.94, '0'),
(490, 11, 'JM7153', 3.85, '0'),
(491, 11, 'JQ8827', 3.85, '0'),
(492, 11, 'JR2253', 3.85, '0'),
(493, 11, 'JS1311', 3.85, '0'),
(494, 11, 'JT3175', 3.85, '0'),
(495, 11, 'LP3696', 3.85, '0'),
(496, 11, 'LP6885', 3.85, '0'),
(497, 11, 'MC8646', 3.85, '0'),
(498, 11, 'ML9342', 3.85, '0'),
(499, 11, 'RG8592', 3.85, '0'),
(500, 11, 'RS9179', 3.85, '0'),
(501, 11, 'SC6342', 3.85, '0'),
(502, 11, 'AG5462', 4.03, '0'),
(503, 11, 'AP7669', 4.03, '0'),
(504, 11, 'BR9523', 4.03, '0'),
(505, 11, 'CC2413', 4.03, '0'),
(506, 11, 'DV2282', 4.03, '0'),
(507, 11, 'ES3336', 4.03, '0'),
(508, 11, 'GM2599', 4.03, '0'),
(509, 11, 'GR7387', 4.03, '0'),
(510, 11, 'IP4186', 4.03, '0'),
(511, 11, 'JF6817', 4.03, '0'),
(512, 11, 'JO5431', 4.03, '0'),
(513, 11, 'JR8381', 4.03, '0'),
(514, 11, 'JV9236', 4.03, '0'),
(515, 11, 'KM6618', 4.03, '0'),
(516, 11, 'LC4825', 4.03, '0'),
(517, 11, 'LM7791', 4.03, '0'),
(518, 11, 'LO5959', 4.03, '0'),
(519, 11, 'MA9567', 4.03, '0'),
(520, 11, 'MD9555', 4.03, '0'),
(521, 11, 'MM4716', 4.03, '0'),
(522, 11, 'NR2346', 4.03, '0'),
(523, 11, 'PC6556', 4.03, '0'),
(524, 11, 'PG4466', 4.03, '0'),
(525, 11, 'RA5176', 4.03, '0'),
(526, 11, 'RV4421', 4.03, '0'),
(527, 11, 'RV5182', 4.03, '0'),
(528, 11, 'AC8372', 3.82, '0'),
(529, 11, 'ÁT4399', 3.82, '0'),
(530, 11, 'BC3517', 3.82, '0'),
(531, 11, 'BG9639', 3.82, '0'),
(532, 11, 'CG3314', 3.82, '0'),
(533, 11, 'CG8874', 3.82, '0'),
(534, 11, 'EF1291', 3.82, '0'),
(535, 11, 'ER1325', 3.82, '0'),
(536, 11, 'FL3514', 3.82, '0'),
(537, 11, 'FP2126', 3.82, '0'),
(538, 11, 'GF9739', 3.82, '0'),
(539, 11, 'IP1554', 3.82, '0'),
(540, 11, 'IV6296', 3.82, '0'),
(541, 11, 'IV9459', 3.82, '0'),
(542, 11, 'JC1912', 3.82, '0'),
(543, 11, 'JJ8389', 3.82, '0'),
(544, 11, 'JM9226', 3.82, '0'),
(545, 11, 'LP9455', 3.82, '0'),
(546, 11, 'MC4456', 3.82, '0'),
(547, 11, 'MO3283', 3.82, '0'),
(548, 11, 'MS4199', 3.82, '0'),
(549, 14, 'AS1983', 4.03, '0'),
(550, 14, 'BS9588', 4.03, '0'),
(551, 14, 'DB4645', 4.03, '0'),
(552, 14, 'ER8335', 4.03, '0'),
(553, 14, 'FT9543', 4.03, '0'),
(554, 14, 'GG5559', 4.03, '0'),
(555, 14, 'IA3668', 4.03, '0'),
(556, 14, 'JA6681', 4.03, '0'),
(557, 14, 'JL7274', 4.03, '0'),
(558, 14, 'KÁ4733', 4.03, '0'),
(559, 14, 'LM5852', 4.03, '0'),
(560, 14, 'LR3335', 4.03, '0'),
(561, 14, 'MD4436', 4.03, '0'),
(562, 14, 'MM4921', 4.03, '0'),
(563, 14, 'MR6891', 4.03, '0'),
(564, 14, 'MS8242', 4.03, '0'),
(565, 14, 'AC5563', 4.03, '0'),
(566, 14, 'AM1638', 4.03, '0'),
(567, 14, 'ÁN9224', 4.03, '0'),
(568, 14, 'ÁR5923', 4.03, '0'),
(569, 14, 'AR7259', 4.03, '0'),
(570, 14, 'CL9634', 4.03, '0'),
(571, 14, 'DJ1737', 4.03, '0'),
(572, 14, 'DR7348', 4.03, '0'),
(573, 14, 'DV9275', 4.03, '0'),
(574, 14, 'EA4795', 4.03, '0'),
(575, 14, 'EP4352', 4.03, '0'),
(576, 14, 'ES9328', 4.03, '0'),
(577, 14, 'FC1423', 4.03, '0'),
(578, 14, 'GG3259', 4.03, '0'),
(579, 14, 'HP7681', 4.03, '0'),
(580, 14, 'JA2924', 4.03, '0'),
(581, 14, 'JA3561', 4.03, '0'),
(582, 14, 'JG7323', 4.03, '0'),
(583, 14, 'JG8296', 4.03, '0'),
(584, 14, 'JM7153', 4.03, '0'),
(585, 14, 'JQ8827', 4.03, '0'),
(586, 14, 'JR2253', 4.03, '0'),
(587, 14, 'JS1311', 4.03, '0'),
(588, 14, 'JT3175', 4.03, '0'),
(589, 14, 'LP3696', 4.03, '0'),
(590, 14, 'LP6885', 4.03, '0'),
(591, 14, 'MC8646', 4.03, '0'),
(592, 14, 'ML9342', 4.03, '0'),
(593, 14, 'RG8592', 4.03, '0'),
(594, 14, 'RS9179', 4.03, '0'),
(595, 14, 'SC6342', 4.03, '0'),
(596, 14, 'AG5462', 3.94, '0'),
(597, 14, 'AP7669', 3.94, '0'),
(598, 14, 'BR9523', 3.94, '0'),
(599, 14, 'CC2413', 3.94, '0'),
(600, 14, 'DV2282', 3.94, '0'),
(601, 14, 'ES3336', 3.94, '0'),
(602, 14, 'GM2599', 3.94, '0'),
(603, 14, 'GR7387', 3.94, '0'),
(604, 14, 'IP4186', 3.94, '0'),
(605, 14, 'JF6817', 4.02, '0'),
(606, 14, 'JO5431', 3.94, '0'),
(607, 14, 'JR8381', 3.94, '0'),
(608, 14, 'JV9236', 3.94, '0'),
(609, 14, 'KM6618', 3.94, '0'),
(610, 14, 'LC4825', 3.94, '0'),
(611, 14, 'LM7791', 3.94, '0'),
(612, 14, 'LO5959', 3.94, '0'),
(613, 14, 'MA9567', 3.94, '0'),
(614, 14, 'MD9555', 3.94, '0'),
(615, 14, 'MM4716', 3.94, '0'),
(616, 14, 'NR2346', 3.94, '0'),
(617, 14, 'PC6556', 3.94, '0'),
(618, 14, 'PG4466', 3.94, '0'),
(619, 14, 'RA5176', 3.94, '0'),
(620, 14, 'RV4421', 3.94, '0'),
(621, 14, 'RV5182', 3.94, '0'),
(622, 14, 'AC8372', 4.03, '0'),
(623, 14, 'ÁT4399', 4.03, '0'),
(624, 14, 'BC3517', 4.03, '0'),
(625, 14, 'BG9639', 4.03, '0'),
(626, 14, 'CG3314', 4.03, '0'),
(627, 14, 'CG8874', 4.03, '0'),
(628, 14, 'EF1291', 4.03, '0'),
(629, 14, 'ER1325', 4.03, '0'),
(630, 14, 'FL3514', 4.03, '0'),
(631, 14, 'FP2126', 4.03, '0'),
(632, 14, 'GF9739', 4.03, '0'),
(633, 14, 'IP1554', 4.03, '0'),
(634, 14, 'IV6296', 4.03, '0'),
(635, 14, 'IV9459', 4.03, '0'),
(636, 14, 'JC1912', 4.03, '0'),
(637, 14, 'JJ8389', 4.03, '0'),
(638, 14, 'JM9226', 4.03, '0'),
(639, 14, 'LP9455', 4.03, '0'),
(640, 14, 'MC4456', 4.03, '0'),
(641, 14, 'MO3283', 4.03, '0'),
(642, 14, 'MS4199', 4.03, '0'),
(643, 26, 'AG3433', 4.03, '0'),
(644, 26, 'AR5325', 4.03, '0'),
(645, 26, 'BQ2628', 4.03, '0'),
(646, 26, 'CD8339', 4.03, '0'),
(647, 26, 'CL7913', 4.03, '0'),
(648, 26, 'ER1971', 4.03, '0'),
(649, 26, 'ER8677', 4.03, '0'),
(650, 26, 'ET6197', 4.03, '0'),
(651, 26, 'FB7737', 4.03, '0'),
(652, 26, 'GL3842', 4.03, '0'),
(653, 26, 'IA8993', 4.03, '0'),
(654, 26, 'IQ8729', 4.03, '0'),
(655, 26, 'JJ2182', 4.03, '0'),
(656, 26, 'JM1958', 4.03, '0'),
(657, 26, 'JM2892', 4.03, '0'),
(658, 26, 'LR6137', 4.03, '0'),
(659, 26, 'MH6433', 4.03, '0'),
(660, 26, 'MM4383', 4.03, '0'),
(661, 26, 'MP3665', 4.03, '0'),
(662, 26, 'NR5288', 4.03, '0'),
(663, 26, 'OD7389', 4.03, '0'),
(664, 26, 'AC9757', 3.85, '0'),
(665, 26, 'AF6686', 3.94, '0'),
(666, 26, 'AV1432', 3.94, '0'),
(667, 26, 'BN8146', 3.94, '0'),
(668, 26, 'CG6284', 3.94, '0'),
(669, 26, 'CM1768', 3.94, '0'),
(670, 26, 'CP2577', 3.94, '0'),
(671, 26, 'CV1817', 3.94, '0'),
(672, 26, 'EF2321', 3.94, '0'),
(673, 26, 'FN9269', 3.94, '0'),
(674, 26, 'IP9464', 3.94, '0'),
(675, 26, 'JÁ1787', 3.94, '0'),
(676, 26, 'JA6979', 3.94, '0'),
(677, 26, 'JF6956', 3.94, '0'),
(678, 26, 'JF9166', 3.94, '0'),
(679, 26, 'JM6166', 3.94, '0'),
(680, 26, 'JP1338', 3.94, '0'),
(681, 26, 'JP9542', 3.94, '0'),
(682, 26, 'JS1631', 3.94, '0'),
(683, 26, 'JS5228', 3.94, '0'),
(684, 26, 'LG3866', 3.94, '0'),
(685, 26, 'AV2194', 3.94, '0'),
(686, 26, 'AV9782', 3.94, '0'),
(687, 26, 'CF7283', 3.94, '0'),
(688, 26, 'CR3815', 3.94, '0'),
(689, 26, 'DA6344', 3.94, '0'),
(690, 26, 'DC7557', 3.94, '0'),
(691, 26, 'DV6321', 3.94, '0'),
(692, 26, 'EL4666', 3.94, '0'),
(693, 26, 'EP9486', 3.94, '0'),
(694, 26, 'ER2461', 3.94, '0'),
(695, 26, 'FM6585', 3.94, '0'),
(696, 26, 'FR8934', 3.94, '0'),
(697, 26, 'FT1489', 3.94, '0'),
(698, 26, 'FV5729', 3.94, '0'),
(699, 26, 'GM3695', 3.94, '0'),
(700, 26, 'JL5461', 3.94, '0'),
(701, 26, 'JM4873', 3.94, '0'),
(702, 26, 'JR3327', 3.94, '0'),
(703, 26, 'KL8952', 3.94, '0'),
(704, 26, 'LA2352', 3.94, '0'),
(705, 26, 'LS1267', 3.94, '0'),
(706, 26, 'MÁ5258', 3.94, '0'),
(707, 26, 'MA9739', 3.94, '0'),
(708, 26, 'OP9186', 3.94, '0'),
(709, 26, 'OR5469', 3.94, '0'),
(710, 26, 'PV2487', 3.94, '0'),
(711, 26, 'AJ3557', 4.03, '0'),
(712, 26, 'AL1951', 4.03, '0'),
(713, 26, 'AT5162', 4.03, '0'),
(714, 26, 'AV5191', 4.03, '0'),
(715, 26, 'BL2957', 4.03, '0'),
(716, 26, 'BO2759', 4.03, '0'),
(717, 26, 'DR7596', 4.03, '0'),
(718, 26, 'DR8694', 4.03, '0'),
(719, 26, 'EM8842', 4.03, '0'),
(720, 26, 'GM2229', 4.03, '0'),
(721, 26, 'GV2633', 4.03, '0'),
(722, 26, 'IB1332', 4.03, '0'),
(723, 26, 'IP9558', 4.03, '0'),
(724, 26, 'JÁ7773', 4.03, '0'),
(725, 26, 'JB7154', 4.03, '0'),
(726, 26, 'JC8281', 4.03, '0'),
(727, 26, 'JG8863', 4.02, '0'),
(728, 26, 'JP6494', 4.03, '0'),
(729, 26, 'JQ9587', 4.03, '0'),
(730, 26, 'KO6831', 4.03, '0'),
(731, 26, 'LC8432', 4.03, '0'),
(732, 26, 'LQ3145', 4.03, '0'),
(733, 26, 'MF1821', 4.03, '0'),
(734, 26, 'MN2956', 4.03, '0'),
(735, 26, 'MQ5455', 4.03, '0'),
(736, 26, 'MR3799', 4.03, '0'),
(737, 27, 'AG3433', 4.03, '0'),
(738, 27, 'AR5325', 4.03, '0'),
(739, 27, 'BQ2628', 4.03, '0'),
(740, 27, 'CD8339', 4.03, '0'),
(741, 27, 'CL7913', 4.03, '0'),
(742, 27, 'ER1971', 4.03, '0'),
(743, 27, 'ER8677', 4.03, '0'),
(744, 27, 'ET6197', 4.03, '0'),
(745, 27, 'FB7737', 4.03, '0'),
(746, 27, 'GL3842', 4.03, '0'),
(747, 27, 'IA8993', 4.03, '0'),
(748, 27, 'IQ8729', 4.03, '0'),
(749, 27, 'JJ2182', 4.03, '0'),
(750, 27, 'JM1958', 4.03, '0'),
(751, 27, 'JM2892', 4.03, '0'),
(752, 27, 'LR6137', 4.03, '0'),
(753, 27, 'MH6433', 4.03, '0'),
(754, 27, 'MM4383', 4.03, '0'),
(755, 27, 'MP3665', 4.03, '0'),
(756, 27, 'NR5288', 4.03, '0'),
(757, 27, 'OD7389', 4.03, '0'),
(758, 27, 'AC9757', 3.85, '0'),
(759, 27, 'AF6686', 3.85, '0'),
(760, 27, 'AV1432', 3.85, '0'),
(761, 27, 'BN8146', 3.85, '0'),
(762, 27, 'CG6284', 3.85, '0'),
(763, 27, 'CM1768', 3.85, '0'),
(764, 27, 'CP2577', 3.85, '0'),
(765, 27, 'CV1817', 3.92, '0'),
(766, 27, 'EF2321', 3.92, '0'),
(767, 27, 'FN9269', 3.92, '0'),
(768, 27, 'IP9464', 3.92, '0'),
(769, 27, 'JÁ1787', 3.92, '0'),
(770, 27, 'JA6979', 3.92, '0'),
(771, 27, 'JF6956', 3.92, '0'),
(772, 27, 'JF9166', 3.92, '0'),
(773, 27, 'JM6166', 3.92, '0'),
(774, 27, 'JP1338', 3.92, '0'),
(775, 27, 'JP9542', 3.92, '0'),
(776, 27, 'JS1631', 3.92, '0'),
(777, 27, 'JS5228', 3.92, '0'),
(778, 27, 'LG3866', 3.92, '0'),
(779, 27, 'AV2194', 4.03, '0'),
(780, 27, 'AV9782', 4.03, '0'),
(781, 27, 'CF7283', 4.03, '0'),
(782, 27, 'CR3815', 4.03, '0'),
(783, 27, 'DA6344', 4.03, '0'),
(784, 27, 'DC7557', 4.03, '0'),
(785, 27, 'DV6321', 4.03, '0'),
(786, 27, 'EL4666', 4.03, '0'),
(787, 27, 'EP9486', 4.03, '0'),
(788, 27, 'ER2461', 4.03, '0'),
(789, 27, 'FM6585', 4.03, '0'),
(790, 27, 'FR8934', 4.03, '0'),
(791, 27, 'FT1489', 4.03, '0'),
(792, 27, 'FV5729', 4.03, '0'),
(793, 27, 'GM3695', 4.03, '0'),
(794, 27, 'JL5461', 4.03, '0'),
(795, 27, 'JM4873', 4.03, '0'),
(796, 27, 'JR3327', 4.03, '0'),
(797, 27, 'KL8952', 4.03, '0'),
(798, 27, 'LA2352', 4.03, '0'),
(799, 27, 'LS1267', 4.03, '0'),
(800, 27, 'MÁ5258', 4.03, '0'),
(801, 27, 'MA9739', 4.03, '0'),
(802, 27, 'OP9186', 4.03, '0'),
(803, 27, 'OR5469', 4.03, '0'),
(804, 27, 'PV2487', 4.03, '0'),
(805, 27, 'AJ3557', 3.76, '0'),
(806, 27, 'AL1951', 3.76, '0'),
(807, 27, 'AT5162', 3.76, '0'),
(808, 27, 'AV5191', 3.76, '0'),
(809, 27, 'BL2957', 3.76, '0'),
(810, 27, 'BO2759', 3.85, '0'),
(811, 27, 'DR7596', 3.85, '0'),
(812, 27, 'DR8694', 3.85, '0'),
(813, 27, 'EM8842', 3.85, '0'),
(814, 27, 'GM2229', 3.85, '0'),
(815, 27, 'GV2633', 3.85, '0'),
(816, 27, 'IB1332', 3.85, '0'),
(817, 27, 'IP9558', 3.85, '0'),
(818, 27, 'JÁ7773', 3.85, '0'),
(819, 27, 'JB7154', 3.85, '0'),
(820, 27, 'JC8281', 3.85, '0'),
(821, 27, 'JG8863', 3.85, '0'),
(822, 27, 'JP6494', 3.85, '0'),
(823, 27, 'JQ9587', 3.85, '0'),
(824, 27, 'KO6831', 3.85, '0'),
(825, 27, 'LC8432', 3.85, '0'),
(826, 27, 'LQ3145', 3.85, '0'),
(827, 27, 'MF1821', 3.85, '0'),
(828, 27, 'MN2956', 3.85, '0'),
(829, 27, 'MQ5455', 3.85, '0'),
(830, 27, 'MR3799', 3.85, '0'),
(831, 3, 'AS1983', 3.85, '0'),
(832, 3, 'BS9588', 3.85, '0'),
(833, 3, 'DB4645', 3.85, '0'),
(834, 3, 'ER8335', 3.85, '0'),
(835, 3, 'FT9543', 3.85, '0'),
(836, 3, 'GG5559', 3.94, '0'),
(837, 3, 'IA3668', 4.03, '0'),
(838, 3, 'JA6681', 4.03, '0'),
(839, 3, 'JL7274', 4.03, '0'),
(840, 3, 'KÁ4733', 4.03, '0'),
(841, 3, 'LM5852', 4.03, '0'),
(842, 3, 'LR3335', 4.03, '0'),
(843, 3, 'MD4436', 4.03, '0'),
(844, 3, 'MM4921', 4.03, '0'),
(845, 3, 'MR6891', 4.03, '0'),
(846, 3, 'MS8242', 4.03, '0'),
(847, 3, 'AG5462', 4.09, '0'),
(848, 3, 'AP7669', 4.09, '0'),
(849, 3, 'BR9523', 4.09, '0'),
(850, 3, 'CC2413', 4.09, '0'),
(851, 3, 'DV2282', 4.09, '0'),
(852, 3, 'ES3336', 4.09, '0'),
(853, 3, 'GM2599', 4.09, '0'),
(854, 3, 'GR7387', 4.09, '0'),
(855, 3, 'IP4186', 4.09, '0'),
(856, 3, 'JF6817', 4.09, '0'),
(857, 3, 'JO5431', 4.09, '0'),
(858, 3, 'JR8381', 4.09, '0'),
(859, 3, 'JV9236', 4.09, '0'),
(860, 3, 'KM6618', 4.09, '0'),
(861, 3, 'LC4825', 4.09, '0'),
(862, 3, 'LM7791', 4.09, '0'),
(863, 3, 'LO5959', 4.09, '0'),
(864, 3, 'MA9567', 4.09, '0'),
(865, 3, 'MD9555', 4.09, '0'),
(866, 3, 'MM4716', 4.09, '0'),
(867, 3, 'NR2346', 4.09, '0'),
(868, 3, 'PC6556', 4.09, '0'),
(869, 3, 'PG4466', 4.09, '0'),
(870, 3, 'RA5176', 4.09, '0'),
(871, 3, 'RV4421', 4.09, '0'),
(872, 3, 'RV5182', 4.09, '0'),
(873, 3, 'AC8372', 3.85, '0'),
(874, 3, 'ÁT4399', 3.85, '0'),
(875, 3, 'BC3517', 3.85, '0'),
(876, 3, 'BG9639', 3.85, '0'),
(877, 3, 'CG3314', 3.85, '0'),
(878, 3, 'CG8874', 3.85, '0'),
(879, 3, 'EF1291', 3.85, '0'),
(880, 3, 'ER1325', 3.94, '0'),
(881, 3, 'FL3514', 3.94, '0'),
(882, 3, 'FP2126', 3.94, '0'),
(883, 3, 'GF9739', 3.94, '0'),
(884, 3, 'IP1554', 3.94, '0'),
(885, 3, 'IV6296', 3.94, '0'),
(886, 3, 'IV9459', 3.94, '0'),
(887, 3, 'JC1912', 3.94, '0'),
(888, 3, 'JJ8389', 3.94, '0'),
(889, 3, 'JM9226', 3.94, '0'),
(890, 3, 'LP9455', 3.94, '0'),
(891, 3, 'MC4456', 3.94, '0'),
(892, 3, 'MO3283', 3.94, '0'),
(893, 3, 'MS4199', 3.93, '0'),
(894, 4, 'AC9757', 3.85, '0'),
(895, 4, 'AF6686', 3.85, '0'),
(896, 4, 'AV1432', 3.85, '0'),
(897, 4, 'BN8146', 3.85, '0'),
(898, 4, 'CG6284', 3.85, '0'),
(899, 4, 'CM1768', 3.85, '0'),
(900, 4, 'CP2577', 3.85, '0'),
(901, 4, 'CV1817', 3.94, '0'),
(902, 4, 'EF2321', 3.94, '0'),
(903, 4, 'FN9269', 3.94, '0'),
(904, 4, 'IP9464', 3.94, '0'),
(905, 4, 'JÁ1787', 3.94, '0'),
(906, 4, 'JA6979', 3.94, '0'),
(907, 4, 'JF6956', 3.94, '0'),
(908, 4, 'JF9166', 3.94, '0'),
(909, 4, 'JM6166', 3.94, '0'),
(910, 4, 'JP1338', 3.94, '0'),
(911, 4, 'JP9542', 3.94, '0'),
(912, 4, 'JS1631', 3.94, '0'),
(913, 4, 'JS5228', 3.94, '0'),
(914, 4, 'LG3866', 3.94, '0'),
(915, 4, 'AV2194', 4.15, '0'),
(916, 4, 'AV9782', 4.15, '0'),
(917, 4, 'CF7283', 4.15, '0'),
(918, 4, 'CR3815', 4.15, '0'),
(919, 4, 'DA6344', 4.15, '0'),
(920, 4, 'DC7557', 4.15, '0'),
(921, 4, 'DV6321', 4.15, '0'),
(922, 4, 'EL4666', 4.15, '0'),
(923, 4, 'EP9486', 4.15, '0'),
(924, 4, 'ER2461', 4.15, '0'),
(925, 4, 'FM6585', 4.15, '0'),
(926, 4, 'FR8934', 4.15, '0'),
(927, 4, 'FT1489', 4.15, '0'),
(928, 4, 'FV5729', 4.15, '0'),
(929, 4, 'GM3695', 4.15, '0'),
(930, 4, 'JL5461', 4.15, '0'),
(931, 4, 'JM4873', 4.15, '0'),
(932, 4, 'JR3327', 4.15, '0'),
(933, 4, 'KL8952', 4.15, '0'),
(934, 4, 'LA2352', 4.15, '0'),
(935, 4, 'LS1267', 4.15, '0'),
(936, 4, 'MÁ5258', 4.15, '0'),
(937, 4, 'MA9739', 4.15, '0'),
(938, 4, 'OP9186', 4.15, '0'),
(939, 4, 'OR5469', 4.15, '0'),
(940, 4, 'PV2487', 4.15, '0'),
(941, 4, 'AJ3557', 3.85, '0'),
(942, 4, 'AL1951', 3.85, '0'),
(943, 4, 'AT5162', 3.85, '0'),
(944, 4, 'AV5191', 3.85, '0'),
(945, 4, 'BL2957', 3.85, '0'),
(946, 4, 'BO2759', 3.85, '0'),
(947, 4, 'DR7596', 3.85, '0'),
(948, 4, 'DR8694', 3.85, '0'),
(949, 4, 'EM8842', 4.03, '0'),
(950, 4, 'GM2229', 4.03, '0'),
(951, 4, 'GV2633', 4.03, '0'),
(952, 4, 'IB1332', 4.03, '0'),
(953, 4, 'IP9558', 4.03, '0'),
(954, 4, 'JÁ7773', 4.03, '0'),
(955, 4, 'JB7154', 4.03, '0'),
(956, 4, 'JC8281', 4.03, '0'),
(957, 4, 'JG8863', 4.03, '0'),
(958, 4, 'JP6494', 4.03, '0'),
(959, 4, 'JQ9587', 4.03, '0'),
(960, 4, 'KO6831', 4.03, '0'),
(961, 4, 'LC8432', 4.03, '0'),
(962, 4, 'LQ3145', 4.03, '0'),
(963, 4, 'MF1821', 4.03, '0'),
(964, 4, 'MN2956', 4.03, '0'),
(965, 4, 'MQ5455', 4.03, '0'),
(966, 4, 'MR3799', 4.03, '0'),
(967, 21, 'AC4113', 4.03, '0'),
(968, 21, 'AM3292', 4.03, '0'),
(969, 21, 'AR6454', 4.03, '0'),
(970, 21, 'AT6834', 4.03, '0'),
(971, 21, 'CG7763', 4.03, '0'),
(972, 21, 'CM6312', 4.03, '0'),
(973, 21, 'DC2479', 4.03, '0'),
(974, 21, 'EJ7742', 4.03, '0'),
(975, 21, 'ER4698', 4.03, '0'),
(976, 21, 'FD6561', 4.03, '0'),
(977, 21, 'GÁ5585', 4.03, '0'),
(978, 21, 'IH1539', 4.03, '0'),
(979, 21, 'IH4598', 4.03, '0'),
(980, 21, 'IJ1129', 4.03, '0'),
(981, 21, 'IM4233', 4.03, '0'),
(982, 21, 'JF4522', 4.03, '0'),
(983, 21, 'JJ5873', 4.03, '0'),
(984, 21, 'JM3769', 4.03, '0'),
(985, 21, 'JR7753', 4.03, '0'),
(986, 21, 'JS9711', 4.03, '0'),
(987, 21, 'JV1362', 4.03, '0'),
(988, 21, 'LB9832', 4.03, '0'),
(989, 21, 'MA1436', 4.03, '0'),
(990, 21, 'MF8216', 4.03, '0'),
(991, 21, 'MS5346', 4.03, '0'),
(992, 21, 'MV1492', 4.03, '0'),
(993, 9, 'AS1983', 3.85, '0'),
(994, 9, 'BS9588', 3.85, '0'),
(995, 9, 'DB4645', 3.85, '0'),
(996, 9, 'ER8335', 3.85, '0'),
(997, 9, 'FT9543', 3.85, '0'),
(998, 9, 'GG5559', 3.85, '0'),
(999, 9, 'IA3668', 3.85, '0'),
(1000, 9, 'JA6681', 3.85, '0'),
(1001, 9, 'JL7274', 3.85, '0'),
(1002, 9, 'KÁ4733', 3.85, '0'),
(1003, 9, 'LM5852', 3.85, '0'),
(1004, 9, 'LR3335', 3.85, '0'),
(1005, 9, 'MD4436', 3.85, '0'),
(1006, 9, 'MM4921', 3.85, '0'),
(1007, 9, 'MR6891', 3.85, '0'),
(1008, 9, 'MS8242', 3.85, '0'),
(1009, 10, 'AC9757', 3.84, '0'),
(1010, 10, 'AF6686', 3.84, '0'),
(1011, 10, 'AV1432', 3.93, '0'),
(1012, 10, 'BN8146', 3.93, '0'),
(1013, 10, 'CG6284', 4.01, '0'),
(1014, 10, 'CM1768', 4.01, '0'),
(1015, 10, 'CP2577', 4.01, '0'),
(1016, 10, 'CV1817', 4.01, '0'),
(1017, 10, 'EF2321', 4.01, '0'),
(1018, 10, 'FN9269', 4.01, '0'),
(1019, 10, 'IP9464', 4.01, '0'),
(1020, 10, 'JÁ1787', 4.01, '0'),
(1021, 10, 'JA6979', 4.01, '0'),
(1022, 10, 'JF6956', 4.01, '0'),
(1023, 10, 'JF9166', 4.01, '0'),
(1024, 10, 'JM6166', 4.01, '0'),
(1025, 10, 'JP1338', 4.01, '0'),
(1026, 10, 'JP9542', 4.01, '0'),
(1027, 10, 'JS1631', 4.01, '0'),
(1028, 10, 'JS5228', 4.01, '0'),
(1029, 10, 'LG3866', 4.01, '0'),
(1030, 12, 'AS1983', 3.94, '0'),
(1031, 12, 'BS9588', 3.94, '0'),
(1032, 12, 'DB4645', 3.94, '0'),
(1033, 12, 'ER8335', 3.94, '0'),
(1034, 12, 'FT9543', 3.94, '0'),
(1035, 12, 'GG5559', 3.94, '0'),
(1036, 12, 'IA3668', 3.94, '0'),
(1037, 12, 'JA6681', 3.94, '0'),
(1038, 12, 'JL7274', 3.94, '0'),
(1039, 12, 'KÁ4733', 3.94, '0'),
(1040, 12, 'LM5852', 3.94, '0'),
(1041, 12, 'LR3335', 3.94, '0'),
(1042, 12, 'MD4436', 3.94, '0'),
(1043, 12, 'MM4921', 3.94, '0'),
(1044, 12, 'MR6891', 3.94, '0'),
(1045, 12, 'MS8242', 3.94, '0'),
(1046, 12, 'AC5563', 4.03, '0'),
(1047, 12, 'AM1638', 4.03, '0'),
(1048, 12, 'ÁN9224', 4.03, '0'),
(1049, 12, 'ÁR5923', 4.03, '0'),
(1050, 12, 'AR7259', 4.03, '0'),
(1051, 12, 'CL9634', 4.03, '0'),
(1052, 12, 'DJ1737', 4.03, '0'),
(1053, 12, 'DR7348', 4.03, '0'),
(1054, 12, 'DV9275', 4.03, '0'),
(1055, 12, 'EA4795', 4.03, '0'),
(1056, 12, 'EP4352', 4.03, '0'),
(1057, 12, 'ES9328', 4.03, '0'),
(1058, 12, 'FC1423', 4.03, '0'),
(1059, 12, 'GG3259', 4.03, '0'),
(1060, 12, 'HP7681', 4.03, '0'),
(1061, 12, 'JA2924', 4.03, '0'),
(1062, 12, 'JA3561', 4.03, '0'),
(1063, 12, 'JG7323', 4.03, '0'),
(1064, 12, 'JG8296', 4.03, '0'),
(1065, 12, 'JM7153', 4.03, '0'),
(1066, 12, 'JQ8827', 4.03, '0'),
(1067, 12, 'JR2253', 4.03, '0'),
(1068, 12, 'JS1311', 4.03, '0'),
(1069, 12, 'JT3175', 4.03, '0'),
(1070, 12, 'LP3696', 4.03, '0'),
(1071, 12, 'LP6885', 4.03, '0'),
(1072, 12, 'MC8646', 4.03, '0'),
(1073, 12, 'ML9342', 4.03, '0'),
(1074, 12, 'RG8592', 4.03, '0'),
(1075, 12, 'RS9179', 4.03, '0'),
(1076, 12, 'SC6342', 4.03, '0'),
(1077, 12, 'AG5462', 4.03, '0'),
(1078, 12, 'AP7669', 4.03, '0'),
(1079, 12, 'BR9523', 4.03, '0'),
(1080, 12, 'CC2413', 4.03, '0'),
(1081, 12, 'DV2282', 4.03, '0'),
(1082, 12, 'ES3336', 4.03, '0'),
(1083, 12, 'GM2599', 4.03, '0'),
(1084, 12, 'GR7387', 4.03, '0'),
(1085, 12, 'IP4186', 4.03, '0'),
(1086, 12, 'JF6817', 4.03, '0'),
(1087, 12, 'JO5431', 4.03, '0'),
(1088, 12, 'JR8381', 4.03, '0'),
(1089, 12, 'JV9236', 4.03, '0'),
(1090, 12, 'KM6618', 4.03, '0'),
(1091, 12, 'LC4825', 4.03, '0'),
(1092, 12, 'LM7791', 4.03, '0'),
(1093, 12, 'LO5959', 4.03, '0'),
(1094, 12, 'MA9567', 4.03, '0'),
(1095, 12, 'MD9555', 4.03, '0'),
(1096, 12, 'MM4716', 4.03, '0'),
(1097, 12, 'NR2346', 4.03, '0'),
(1098, 12, 'PC6556', 4.03, '0'),
(1099, 12, 'PG4466', 4.03, '0'),
(1100, 12, 'RA5176', 4.03, '0'),
(1101, 12, 'RV4421', 4.03, '0'),
(1102, 12, 'RV5182', 4.03, '0'),
(1103, 12, 'AC8372', 4.03, '0'),
(1104, 12, 'ÁT4399', 4.03, '0'),
(1105, 12, 'BC3517', 4.03, '0'),
(1106, 12, 'BG9639', 4.03, '0'),
(1107, 12, 'CG3314', 4.03, '0'),
(1108, 12, 'CG8874', 4.03, '0'),
(1109, 12, 'EF1291', 4.03, '0'),
(1110, 12, 'ER1325', 4.03, '0'),
(1111, 12, 'FL3514', 4.03, '0'),
(1112, 12, 'FP2126', 4.03, '0'),
(1113, 12, 'GF9739', 4.03, '0'),
(1114, 12, 'IP1554', 4.03, '0'),
(1115, 12, 'IV6296', 4.03, '0'),
(1116, 12, 'IV9459', 4.03, '0'),
(1117, 12, 'JC1912', 4.03, '0'),
(1118, 12, 'JJ8389', 4.03, '0'),
(1119, 12, 'JM9226', 4.03, '0'),
(1120, 12, 'LP9455', 4.03, '0'),
(1121, 12, 'MC4456', 4.03, '0'),
(1122, 12, 'MO3283', 4.02, '0'),
(1123, 12, 'MS4199', 4.03, '0'),
(1124, 25, 'AG3433', 3.94, '0'),
(1125, 25, 'AR5325', 3.94, '0'),
(1126, 25, 'BQ2628', 3.94, '0'),
(1127, 25, 'CD8339', 3.94, '0'),
(1128, 25, 'CL7913', 3.94, '0'),
(1129, 25, 'ER1971', 3.94, '0'),
(1130, 25, 'ER8677', 3.94, '0'),
(1131, 25, 'ET6197', 3.94, '0'),
(1132, 25, 'FB7737', 3.94, '0'),
(1133, 25, 'GL3842', 3.94, '0'),
(1134, 25, 'IA8993', 3.94, '0'),
(1135, 25, 'IQ8729', 3.94, '0'),
(1136, 25, 'JJ2182', 3.94, '0'),
(1137, 25, 'JM1958', 3.94, '0'),
(1138, 25, 'JM2892', 3.94, '0'),
(1139, 25, 'LR6137', 3.94, '0'),
(1140, 25, 'MH6433', 3.94, '0'),
(1141, 25, 'MM4383', 3.94, '0'),
(1142, 25, 'MP3665', 3.94, '0'),
(1143, 25, 'NR5288', 3.94, '0'),
(1144, 25, 'OD7389', 3.94, '0'),
(1145, 25, 'AC9757', 4, '0'),
(1146, 25, 'AF6686', 4, '0'),
(1147, 25, 'AV1432', 4, '0'),
(1148, 25, 'BN8146', 4, '0'),
(1149, 25, 'CG6284', 4.09, '0'),
(1150, 25, 'CM1768', 4.09, '0'),
(1151, 25, 'CP2577', 4.09, '0'),
(1152, 25, 'CV1817', 4.09, '0'),
(1153, 25, 'EF2321', 4.09, '0'),
(1154, 25, 'FN9269', 4.09, '0'),
(1155, 25, 'IP9464', 4.09, '0'),
(1156, 25, 'JÁ1787', 4.09, '0'),
(1157, 25, 'JA6979', 4.09, '0'),
(1158, 25, 'JF6956', 4.09, '0'),
(1159, 25, 'JF9166', 4.09, '0'),
(1160, 25, 'JM6166', 4.09, '0'),
(1161, 25, 'JP1338', 4.09, '0'),
(1162, 25, 'JP9542', 4.09, '0'),
(1163, 25, 'JS1631', 4.09, '0'),
(1164, 25, 'JS5228', 4.09, '0'),
(1165, 25, 'LG3866', 4.09, '0'),
(1166, 25, 'AV2194', 4, '0'),
(1167, 25, 'AV9782', 4, '0'),
(1168, 25, 'CF7283', 4, '0'),
(1169, 25, 'CR3815', 4, '0'),
(1170, 25, 'DA6344', 4, '0'),
(1171, 25, 'DC7557', 4, '0'),
(1172, 25, 'DV6321', 4, '0'),
(1173, 25, 'EL4666', 4, '0'),
(1174, 25, 'EP9486', 4, '0'),
(1175, 25, 'ER2461', 4, '0'),
(1176, 25, 'FM6585', 4, '0'),
(1177, 25, 'FR8934', 4, '0'),
(1178, 25, 'FT1489', 4, '0'),
(1179, 25, 'FV5729', 4, '0'),
(1180, 25, 'GM3695', 4, '0'),
(1181, 25, 'JL5461', 4, '0'),
(1182, 25, 'JM4873', 4, '0'),
(1183, 25, 'JR3327', 4, '0'),
(1184, 25, 'KL8952', 4, '0'),
(1185, 25, 'LA2352', 4, '0'),
(1186, 25, 'LS1267', 4, '0'),
(1187, 25, 'MÁ5258', 4, '0'),
(1188, 25, 'MA9739', 4, '0'),
(1189, 25, 'OP9186', 4, '0'),
(1190, 25, 'OR5469', 4, '0'),
(1191, 25, 'PV2487', 4, '0'),
(1192, 25, 'AJ3557', 4.03, '0'),
(1193, 25, 'AL1951', 4.03, '0'),
(1194, 25, 'AT5162', 4.03, '0'),
(1195, 25, 'AV5191', 4.03, '0'),
(1196, 25, 'BL2957', 4.03, '0'),
(1197, 25, 'BO2759', 4.03, '0'),
(1198, 25, 'DR7596', 4.03, '0'),
(1199, 25, 'DR8694', 4.03, '0'),
(1200, 25, 'EM8842', 4.03, '0'),
(1201, 25, 'GM2229', 4.03, '0'),
(1202, 25, 'GV2633', 4.03, '0'),
(1203, 25, 'IB1332', 4.03, '0'),
(1204, 25, 'IP9558', 4.03, '0'),
(1205, 25, 'JÁ7773', 4.03, '0'),
(1206, 25, 'JB7154', 4.03, '0'),
(1207, 25, 'JC8281', 4.03, '0'),
(1208, 25, 'JG8863', 4.03, '0'),
(1209, 25, 'JP6494', 4.03, '0'),
(1210, 25, 'JQ9587', 4.03, '0'),
(1211, 25, 'KO6831', 4.03, '0'),
(1212, 25, 'LC8432', 4.03, '0'),
(1213, 25, 'LQ3145', 4.03, '0'),
(1214, 25, 'MF1821', 4.03, '0'),
(1215, 25, 'MN2956', 4.03, '0'),
(1216, 25, 'MQ5455', 4.03, '0'),
(1217, 25, 'MR3799', 4.03, '0'),
(1218, 5, 'AC5563', 4.03, '0'),
(1219, 5, 'AM1638', 4.03, '0'),
(1220, 5, 'ÁN9224', 4.03, '0'),
(1221, 5, 'ÁR5923', 4.03, '0'),
(1222, 5, 'AR7259', 4.03, '0'),
(1223, 5, 'CL9634', 4.03, '0'),
(1224, 5, 'DJ1737', 4.03, '0'),
(1225, 5, 'DR7348', 4.03, '0'),
(1226, 5, 'DV9275', 4.11, '0'),
(1227, 5, 'EA4795', 4.03, '0'),
(1228, 5, 'EP4352', 4.03, '0'),
(1229, 5, 'ES9328', 4.03, '0'),
(1230, 5, 'FC1423', 4.03, '0'),
(1231, 5, 'GG3259', 4.03, '0'),
(1232, 5, 'HP7681', 4.03, '0'),
(1233, 5, 'JA2924', 4.03, '0'),
(1234, 5, 'JA3561', 4.03, '0'),
(1235, 5, 'JG7323', 4.03, '0'),
(1236, 5, 'JG8296', 4.03, '0'),
(1237, 5, 'JM7153', 4.03, '0'),
(1238, 5, 'JQ8827', 4.03, '0'),
(1239, 5, 'JR2253', 4.03, '0'),
(1240, 5, 'JS1311', 4.03, '0'),
(1241, 5, 'JT3175', 3.94, '0'),
(1242, 5, 'LP3696', 4.03, '0'),
(1243, 5, 'LP6885', 4.03, '0'),
(1244, 5, 'MC8646', 4.03, '0'),
(1245, 5, 'ML9342', 4.03, '0'),
(1246, 5, 'RG8592', 4.03, '0'),
(1247, 5, 'RS9179', 4.03, '0'),
(1248, 5, 'SC6342', 4.03, '0'),
(1249, 6, 'AG3433', 4.03, '0'),
(1250, 6, 'AR5325', 4.03, '0'),
(1251, 6, 'BQ2628', 4.03, '0'),
(1252, 6, 'CD8339', 4.03, '0'),
(1253, 6, 'CL7913', 4.03, '0'),
(1254, 6, 'ER1971', 4.03, '0'),
(1255, 6, 'ER8677', 4.03, '0'),
(1256, 6, 'ET6197', 4.03, '0'),
(1257, 6, 'FB7737', 4.03, '0'),
(1258, 6, 'GL3842', 4.03, '0'),
(1259, 6, 'IA8993', 4.03, '0'),
(1260, 6, 'IQ8729', 4.03, '0'),
(1261, 6, 'JJ2182', 4.03, '0'),
(1262, 6, 'JM1958', 4.03, '0'),
(1263, 6, 'JM2892', 4.03, '0'),
(1264, 6, 'LR6137', 4.03, '0'),
(1265, 6, 'MH6433', 4.03, '0'),
(1266, 6, 'MM4383', 4.03, '0'),
(1267, 6, 'MP3665', 4.03, '0'),
(1268, 6, 'NR5288', 4.03, '0'),
(1269, 6, 'OD7389', 4.03, '0'),
(1270, 20, 'AD8319', 4.03, '0'),
(1271, 20, 'AG4952', 4.03, '0'),
(1272, 20, 'AR6451', 4.03, '0'),
(1273, 20, 'BC4314', 4.03, '0'),
(1274, 20, 'BR6494', 4.03, '0'),
(1275, 20, 'EA1458', 4.03, '0'),
(1276, 20, 'EH6526', 4.03, '0'),
(1277, 20, 'EJ1516', 4.03, '0'),
(1278, 20, 'EM7732', 4.03, '0'),
(1279, 20, 'GG2548', 4.03, '0'),
(1280, 20, 'IC9111', 4.03, '0'),
(1281, 20, 'JA9221', 4.03, '0'),
(1282, 20, 'JF8851', 4.03, '0'),
(1283, 20, 'JG7617', 4.03, '0'),
(1284, 20, 'JR5157', 4.03, '0'),
(1285, 20, 'JR7361', 4.03, '0'),
(1286, 20, 'JR9444', 4.03, '0'),
(1287, 20, 'JS7314', 4.03, '0'),
(1288, 20, 'JV6732', 4.03, '0'),
(1289, 20, 'MS6856', 4.03, '0'),
(1290, 20, 'OO1499', 4.03, '0'),
(1291, 18, 'AC5755', 3.94, '0'),
(1292, 18, 'AS7999', 3.94, '0'),
(1293, 18, 'BA3564', 3.94, '0'),
(1294, 18, 'BM7119', 3.94, '0'),
(1295, 18, 'CL9294', 3.94, '0'),
(1296, 18, 'CP7186', 3.94, '0'),
(1297, 18, 'DR7987', 3.94, '0'),
(1298, 18, 'DS5899', 3.94, '0'),
(1299, 18, 'EP2846', 3.94, '0'),
(1300, 18, 'FV5372', 3.94, '0'),
(1301, 18, 'GR9232', 3.94, '0'),
(1302, 18, 'IJ2434', 3.94, '0'),
(1303, 18, 'JF6695', 3.94, '0'),
(1304, 18, 'JG8253', 3.94, '0'),
(1305, 18, 'JH1242', 3.94, '0'),
(1306, 18, 'JM5279', 3.94, '0'),
(1307, 18, 'JS5299', 3.94, '0'),
(1308, 18, 'LC2335', 3.94, '0'),
(1309, 18, 'LM8535', 3.94, '0'),
(1310, 18, 'SP1535', 3.94, '0'),
(1311, 18, 'SS6823', 3.94, '0'),
(1312, 19, 'AA9176', 2, '0'),
(1313, 19, 'ÁG3889', 2, '0'),
(1314, 19, 'AM1481', 2, '0'),
(1315, 19, 'AP9214', 2, '0'),
(1316, 19, 'BH5175', 2, '0'),
(1317, 19, 'BS8367', 2, '0'),
(1318, 19, 'CA5153', 2, '0'),
(1319, 19, 'CG6862', 2, '0'),
(1320, 19, 'CP7116', 2, '0'),
(1321, 19, 'CV8946', 2, '0'),
(1322, 19, 'DM4228', 2, '0'),
(1323, 19, 'EA3693', 2, '0'),
(1324, 19, 'EA6948', 2, '0'),
(1325, 19, 'EJ8759', 2, '0'),
(1326, 19, 'FP9513', 2, '0'),
(1327, 19, 'GR8383', 2, '0'),
(1328, 19, 'GR8429', 2, '0'),
(1329, 19, 'GR9663', 2, '0'),
(1330, 19, 'JC7138', 2, '0'),
(1331, 19, 'JG4856', 2, '0'),
(1332, 19, 'JR2828', 2, '0'),
(1333, 19, 'JR6265', 2, '0'),
(1334, 19, 'JR8687', 2, '0'),
(1335, 19, 'JV6346', 2, '0'),
(1336, 19, 'MJ6199', 2, '0'),
(1337, 19, 'MR6432', 2, '0');

-- --------------------------------------------------------

--
-- Estructura de tabla para la tabla `applied_code`
--

CREATE TABLE `applied_code` (
  `idApplied_Code` int(11) NOT NULL,
  `hour` time NOT NULL,
  `date` date NOT NULL,
  `idApplier` varchar(5) COLLATE utf8_spanish2_ci NOT NULL,
  `applierType` varchar(1) COLLATE utf8_spanish2_ci NOT NULL,
  `idCode` int(11) NOT NULL,
  `idPeriod` int(11) NOT NULL
) ENGINE=InnoDB DEFAULT CHARSET=utf8 COLLATE=utf8_spanish2_ci;

-- --------------------------------------------------------

--
-- Estructura de tabla para la tabla `assistance`
--

CREATE TABLE `assistance` (
  `idAssistance` int(15) NOT NULL,
  `idStudent` varchar(15) COLLATE utf8_spanish2_ci NOT NULL,
  `date` date NOT NULL,
  `attended` varchar(1) COLLATE utf8_spanish2_ci NOT NULL,
  `idSchedule` int(15) NOT NULL
) ENGINE=InnoDB DEFAULT CHARSET=utf8 COLLATE=utf8_spanish2_ci;

-- --------------------------------------------------------

--
-- Estructura de tabla para la tabla `averages`
--

CREATE TABLE `averages` (
  `idAverage` int(20) NOT NULL,
  `idSubject` int(15) NOT NULL,
  `idStudent` varchar(15) COLLATE utf8_spanish2_ci NOT NULL,
  `idPeriod` int(15) NOT NULL,
  `average` float NOT NULL,
  `approved` varchar(1) COLLATE utf8_spanish2_ci NOT NULL
) ENGINE=InnoDB DEFAULT CHARSET=utf8 COLLATE=utf8_spanish2_ci;

--
-- Volcado de datos para la tabla `averages`
--

INSERT INTO `averages` (`idAverage`, `idSubject`, `idStudent`, `idPeriod`, `average`, `approved`) VALUES
(1, 2, 'AS1983', 1, 7.7, '1'),
(2, 2, 'BS9588', 1, 7.7, '1'),
(3, 2, 'DB4645', 1, 7.7, '1'),
(4, 2, 'ER8335', 1, 7.7, '1'),
(5, 2, 'FT9543', 1, 7.7, '1'),
(6, 2, 'GG5559', 1, 7.7, '1'),
(7, 2, 'IA3668', 1, 7.7, '1'),
(8, 2, 'JA6681', 1, 7.7, '1'),
(9, 2, 'JL7274', 1, 7.7, '1'),
(10, 2, 'KÁ4733', 1, 7.7, '1'),
(11, 2, 'LM5852', 1, 7.7, '1'),
(12, 2, 'LR3335', 1, 7.7, '1'),
(13, 2, 'MD4436', 1, 7.7, '1'),
(14, 2, 'MM4921', 1, 7.7, '1'),
(15, 2, 'MR6891', 1, 7.7, '1'),
(16, 2, 'MS8242', 1, 7.7, '1'),
(17, 2, 'AC5563', 1, 8.05, '1'),
(18, 2, 'AM1638', 1, 8.05, '1'),
(19, 2, 'ÁN9224', 1, 8.05, '1'),
(20, 2, 'ÁR5923', 1, 8.05, '1'),
(21, 2, 'AR7259', 1, 8.05, '1'),
(22, 2, 'CL9634', 1, 8.05, '1'),
(23, 2, 'DJ1737', 1, 8.05, '1'),
(24, 2, 'DR7348', 1, 8.05, '1'),
(25, 2, 'DV9275', 1, 8.05, '1'),
(26, 2, 'EA4795', 1, 8.05, '1'),
(27, 2, 'EP4352', 1, 8.05, '1'),
(28, 2, 'ES9328', 1, 8.05, '1'),
(29, 2, 'FC1423', 1, 8.05, '1'),
(30, 2, 'GG3259', 1, 8.05, '1'),
(31, 2, 'HP7681', 1, 8.05, '1'),
(32, 2, 'JA2924', 1, 8.05, '1'),
(33, 2, 'JA3561', 1, 8.05, '1'),
(34, 2, 'JG7323', 1, 8.05, '1'),
(35, 2, 'JG8296', 1, 8.05, '1'),
(36, 2, 'JM7153', 1, 8.05, '1'),
(37, 2, 'JQ8827', 1, 8.05, '1'),
(38, 2, 'JR2253', 1, 8.05, '1'),
(39, 2, 'JS1311', 1, 8.05, '1'),
(40, 2, 'JT3175', 1, 8.05, '1'),
(41, 2, 'LP3696', 1, 8.05, '1'),
(42, 2, 'LP6885', 1, 8.05, '1'),
(43, 2, 'MC8646', 1, 8.05, '1'),
(44, 2, 'ML9342', 1, 8.05, '1'),
(45, 2, 'RG8592', 1, 8.05, '1'),
(46, 2, 'RS9179', 1, 8.05, '1'),
(47, 2, 'SC6342', 1, 8.05, '1'),
(48, 2, 'AG5462', 1, 7.35, '1'),
(49, 2, 'AP7669', 1, 7.35, '1'),
(50, 2, 'BR9523', 1, 7.35, '1'),
(51, 2, 'CC2413', 1, 7.35, '1'),
(52, 2, 'DV2282', 1, 7.35, '1'),
(53, 2, 'ES3336', 1, 7.35, '1'),
(54, 2, 'GM2599', 1, 7.35, '1'),
(55, 2, 'GR7387', 1, 7.35, '1'),
(56, 2, 'IP4186', 1, 7.35, '1'),
(57, 2, 'JF6817', 1, 7.35, '1'),
(58, 2, 'JO5431', 1, 7.35, '1'),
(59, 2, 'JR8381', 1, 7.35, '1'),
(60, 2, 'JV9236', 1, 7.35, '1'),
(61, 2, 'KM6618', 1, 7.35, '1'),
(62, 2, 'LC4825', 1, 7.35, '1'),
(63, 2, 'LM7791', 1, 7.35, '1'),
(64, 2, 'LO5959', 1, 7.35, '1'),
(65, 2, 'MA9567', 1, 7.35, '1'),
(66, 2, 'MD9555', 1, 7.35, '1'),
(67, 2, 'MM4716', 1, 7.35, '1'),
(68, 2, 'NR2346', 1, 7.35, '1'),
(69, 2, 'PC6556', 1, 7.35, '1'),
(70, 2, 'PG4466', 1, 7.35, '1'),
(71, 2, 'RA5176', 1, 7.35, '1'),
(72, 2, 'RV4421', 1, 7.35, '1'),
(73, 2, 'RV5182', 1, 7.35, '1'),
(74, 2, 'AC8372', 1, 8.05, '1'),
(75, 2, 'ÁT4399', 1, 8.05, '1'),
(76, 2, 'BC3517', 1, 8.05, '1'),
(77, 2, 'BG9639', 1, 8.05, '1'),
(78, 2, 'CG3314', 1, 8.05, '1'),
(79, 2, 'CG8874', 1, 8.05, '1'),
(80, 2, 'EF1291', 1, 8.05, '1'),
(81, 2, 'ER1325', 1, 8.05, '1'),
(82, 2, 'FL3514', 1, 8.05, '1'),
(83, 2, 'FP2126', 1, 8.05, '1'),
(84, 2, 'GF9739', 1, 8.05, '1'),
(85, 2, 'IP1554', 1, 8.05, '1'),
(86, 2, 'IV6296', 1, 8.05, '1'),
(87, 2, 'IV9459', 1, 8.05, '1'),
(88, 2, 'JC1912', 1, 8.05, '1'),
(89, 2, 'JJ8389', 1, 8.05, '1'),
(90, 2, 'JM9226', 1, 8.05, '1'),
(91, 2, 'LP9455', 1, 8.05, '1'),
(92, 2, 'MC4456', 1, 8.05, '1'),
(93, 2, 'MO3283', 1, 8.05, '1'),
(94, 2, 'MS4199', 1, 8.05, '1'),
(95, 15, 'AC5563', 1, 7.7, '1'),
(96, 15, 'AM1638', 1, 8.05, '1'),
(97, 15, 'ÁN9224', 1, 8.05, '1'),
(98, 15, 'ÁR5923', 1, 8.05, '1'),
(99, 15, 'AR7259', 1, 8.05, '1'),
(100, 15, 'CL9634', 1, 8.05, '1'),
(101, 15, 'DJ1737', 1, 8.05, '1'),
(102, 15, 'DR7348', 1, 8.05, '1'),
(103, 15, 'DV9275', 1, 8.05, '1'),
(104, 15, 'EA4795', 1, 8.05, '1'),
(105, 15, 'EP4352', 1, 8.05, '1'),
(106, 15, 'ES9328', 1, 8.05, '1'),
(107, 15, 'FC1423', 1, 8.05, '1'),
(108, 15, 'GG3259', 1, 8.05, '1'),
(109, 15, 'HP7681', 1, 8.05, '1'),
(110, 15, 'JA2924', 1, 8.05, '1'),
(111, 15, 'JA3561', 1, 8.05, '1'),
(112, 15, 'JG7323', 1, 8.05, '1'),
(113, 15, 'JG8296', 1, 8.05, '1'),
(114, 15, 'JM7153', 1, 8.05, '1'),
(115, 15, 'JQ8827', 1, 8.05, '1'),
(116, 15, 'JR2253', 1, 8.05, '1'),
(117, 15, 'JS1311', 1, 8.05, '1'),
(118, 15, 'JT3175', 1, 8.05, '1'),
(119, 15, 'LP3696', 1, 8.05, '1'),
(120, 15, 'LP6885', 1, 8.05, '1'),
(121, 15, 'MC8646', 1, 8.05, '1'),
(122, 15, 'ML9342', 1, 8.05, '1'),
(123, 15, 'RG8592', 1, 8.05, '1'),
(124, 15, 'RS9179', 1, 8.05, '1'),
(125, 15, 'SC6342', 1, 8.05, '1'),
(126, 16, 'AG3433', 1, 8.05, '1'),
(127, 16, 'AR5325', 1, 8.05, '1'),
(128, 16, 'BQ2628', 1, 8.05, '1'),
(129, 16, 'CD8339', 1, 8.05, '1'),
(130, 16, 'CL7913', 1, 8.05, '1'),
(131, 16, 'ER1971', 1, 8.05, '1'),
(132, 16, 'ER8677', 1, 8.05, '1'),
(133, 16, 'ET6197', 1, 8.05, '1'),
(134, 16, 'FB7737', 1, 8.05, '1'),
(135, 16, 'GL3842', 1, 8.05, '1'),
(136, 16, 'IA8993', 1, 8.05, '1'),
(137, 16, 'IQ8729', 1, 8.05, '1'),
(138, 16, 'JJ2182', 1, 8.05, '1'),
(139, 16, 'JM1958', 1, 8.05, '1'),
(140, 16, 'JM2892', 1, 8.05, '1'),
(141, 16, 'LR6137', 1, 8.05, '1'),
(142, 16, 'MH6433', 1, 8.05, '1'),
(143, 16, 'MM4383', 1, 8.05, '1'),
(144, 16, 'MP3665', 1, 8.05, '1'),
(145, 16, 'NR5288', 1, 8.05, '1'),
(146, 16, 'OD7389', 1, 8.05, '1'),
(147, 23, 'AG3433', 1, 7.7, '1'),
(148, 23, 'AR5325', 1, 7.7, '1'),
(149, 23, 'BQ2628', 1, 7.7, '1'),
(150, 23, 'CD8339', 1, 7.7, '1'),
(151, 23, 'CL7913', 1, 7.7, '1'),
(152, 23, 'ER1971', 1, 7.7, '1'),
(153, 23, 'ER8677', 1, 7.7, '1'),
(154, 23, 'ET6197', 1, 8.05, '1'),
(155, 23, 'FB7737', 1, 8.05, '1'),
(156, 23, 'GL3842', 1, 8.05, '1'),
(157, 23, 'IA8993', 1, 8.05, '1'),
(158, 23, 'IQ8729', 1, 8.05, '1'),
(159, 23, 'JJ2182', 1, 8.05, '1'),
(160, 23, 'JM1958', 1, 8.05, '1'),
(161, 23, 'JM2892', 1, 8.05, '1'),
(162, 23, 'LR6137', 1, 8.05, '1'),
(163, 23, 'MH6433', 1, 8.05, '1'),
(164, 23, 'MM4383', 1, 8.05, '1'),
(165, 23, 'MP3665', 1, 8.05, '1'),
(166, 23, 'NR5288', 1, 8.05, '1'),
(167, 23, 'OD7389', 1, 8.05, '1'),
(168, 23, 'AC9757', 1, 7.35, '1'),
(169, 23, 'AF6686', 1, 7.35, '1'),
(170, 23, 'AV1432', 1, 7.35, '1'),
(171, 23, 'BN8146', 1, 7.35, '1'),
(172, 23, 'CG6284', 1, 7.35, '1'),
(173, 23, 'CM1768', 1, 7.35, '1'),
(174, 23, 'CP2577', 1, 7.35, '1'),
(175, 23, 'CV1817', 1, 7.35, '1'),
(176, 23, 'EF2321', 1, 7.35, '1'),
(177, 23, 'FN9269', 1, 7.35, '1'),
(178, 23, 'IP9464', 1, 7.35, '1'),
(179, 23, 'JÁ1787', 1, 7.35, '1'),
(180, 23, 'JA6979', 1, 7.35, '1'),
(181, 23, 'JF6956', 1, 7.35, '1'),
(182, 23, 'JF9166', 1, 7.35, '1'),
(183, 23, 'JM6166', 1, 7.35, '1'),
(184, 23, 'JP1338', 1, 7.35, '1'),
(185, 23, 'JP9542', 1, 7.35, '1'),
(186, 23, 'JS1631', 1, 7.35, '1'),
(187, 23, 'JS5228', 1, 7.35, '1'),
(188, 23, 'LG3866', 1, 7.35, '1'),
(189, 23, 'AV2194', 1, 7.35, '1'),
(190, 23, 'AV9782', 1, 7.35, '1'),
(191, 23, 'CF7283', 1, 7.35, '1'),
(192, 23, 'CR3815', 1, 7.35, '1'),
(193, 23, 'DA6344', 1, 7.35, '1'),
(194, 23, 'DC7557', 1, 7.35, '1'),
(195, 23, 'DV6321', 1, 7.7, '1'),
(196, 23, 'EL4666', 1, 8.05, '1'),
(197, 23, 'EP9486', 1, 8.05, '1'),
(198, 23, 'ER2461', 1, 8.05, '1'),
(199, 23, 'FM6585', 1, 8.05, '1'),
(200, 23, 'FR8934', 1, 8.05, '1'),
(201, 23, 'FT1489', 1, 8.05, '1'),
(202, 23, 'FV5729', 1, 8.05, '1'),
(203, 23, 'GM3695', 1, 8.05, '1'),
(204, 23, 'JL5461', 1, 8.05, '1'),
(205, 23, 'JM4873', 1, 8.05, '1'),
(206, 23, 'JR3327', 1, 8.05, '1'),
(207, 23, 'KL8952', 1, 8.05, '1'),
(208, 23, 'LA2352', 1, 8.05, '1'),
(209, 23, 'LS1267', 1, 8.05, '1'),
(210, 23, 'MÁ5258', 1, 8.05, '1'),
(211, 23, 'MA9739', 1, 8.05, '1'),
(212, 23, 'OP9186', 1, 8.05, '1'),
(213, 23, 'OR5469', 1, 8.05, '1'),
(214, 23, 'PV2487', 1, 8.05, '1'),
(215, 23, 'AJ3557', 1, 8.05, '1'),
(216, 23, 'AL1951', 1, 8.05, '1'),
(217, 23, 'AT5162', 1, 8.05, '1'),
(218, 23, 'AV5191', 1, 8.05, '1'),
(219, 23, 'BL2957', 1, 8.05, '1'),
(220, 23, 'BO2759', 1, 8.05, '1'),
(221, 23, 'DR7596', 1, 8.05, '1'),
(222, 23, 'DR8694', 1, 8.05, '1'),
(223, 23, 'EM8842', 1, 8.05, '1'),
(224, 23, 'GM2229', 1, 8.05, '1'),
(225, 23, 'GV2633', 1, 8.05, '1'),
(226, 23, 'IB1332', 1, 8.05, '1'),
(227, 23, 'IP9558', 1, 8.05, '1'),
(228, 23, 'JÁ7773', 1, 8.05, '1'),
(229, 23, 'JB7154', 1, 8.05, '1'),
(230, 23, 'JC8281', 1, 8.05, '1'),
(231, 23, 'JG8863', 1, 8.05, '1'),
(232, 23, 'JP6494', 1, 8.05, '1'),
(233, 23, 'JQ9587', 1, 8.05, '1'),
(234, 23, 'KO6831', 1, 8.05, '1'),
(235, 23, 'LC8432', 1, 8.05, '1'),
(236, 23, 'LQ3145', 1, 8.05, '1'),
(237, 23, 'MF1821', 1, 8.05, '1'),
(238, 23, 'MN2956', 1, 8.05, '1'),
(239, 23, 'MQ5455', 1, 8.05, '1'),
(240, 23, 'MR3799', 1, 8.05, '1'),
(241, 1, 'AS1983', 1, 7.7, '1'),
(242, 1, 'BS9588', 1, 7.7, '1'),
(243, 1, 'DB4645', 1, 7.7, '1'),
(244, 1, 'ER8335', 1, 7.7, '1'),
(245, 1, 'FT9543', 1, 7.7, '1'),
(246, 1, 'GG5559', 1, 7.7, '1'),
(247, 1, 'IA3668', 1, 7.7, '1'),
(248, 1, 'JA6681', 1, 7.7, '1'),
(249, 1, 'JL7274', 1, 8.05, '1'),
(250, 1, 'KÁ4733', 1, 8.05, '1'),
(251, 1, 'LM5852', 1, 8.05, '1'),
(252, 1, 'LR3335', 1, 8.05, '1'),
(253, 1, 'MD4436', 1, 8.05, '1'),
(254, 1, 'MM4921', 1, 8.05, '1'),
(255, 1, 'MR6891', 1, 8.05, '1'),
(256, 1, 'MS8242', 1, 8.05, '1'),
(257, 1, 'AC5563', 1, 8.05, '1'),
(258, 1, 'AM1638', 1, 8.05, '1'),
(259, 1, 'ÁN9224', 1, 8.05, '1'),
(260, 1, 'ÁR5923', 1, 8.05, '1'),
(261, 1, 'AR7259', 1, 8.05, '1'),
(262, 1, 'CL9634', 1, 8.05, '1'),
(263, 1, 'DJ1737', 1, 8.05, '1'),
(264, 1, 'DR7348', 1, 8.05, '1'),
(265, 1, 'DV9275', 1, 8.05, '1'),
(266, 1, 'EA4795', 1, 8.05, '1'),
(267, 1, 'EP4352', 1, 8.05, '1'),
(268, 1, 'ES9328', 1, 8.05, '1'),
(269, 1, 'FC1423', 1, 8.05, '1'),
(270, 1, 'GG3259', 1, 8.05, '1'),
(271, 1, 'HP7681', 1, 8.05, '1'),
(272, 1, 'JA2924', 1, 8.05, '1'),
(273, 1, 'JA3561', 1, 8.05, '1'),
(274, 1, 'JG7323', 1, 8.05, '1'),
(275, 1, 'JG8296', 1, 8.05, '1'),
(276, 1, 'JM7153', 1, 8.05, '1'),
(277, 1, 'JQ8827', 1, 8.05, '1'),
(278, 1, 'JR2253', 1, 8.05, '1'),
(279, 1, 'JS1311', 1, 8.05, '1'),
(280, 1, 'JT3175', 1, 8.05, '1'),
(281, 1, 'LP3696', 1, 8.05, '1'),
(282, 1, 'LP6885', 1, 8.05, '1'),
(283, 1, 'MC8646', 1, 8.05, '1'),
(284, 1, 'ML9342', 1, 8.05, '1'),
(285, 1, 'RG8592', 1, 8.05, '1'),
(286, 1, 'RS9179', 1, 8.05, '1'),
(287, 1, 'SC6342', 1, 8.05, '1'),
(288, 1, 'AG5462', 1, 8.05, '1'),
(289, 1, 'AP7669', 1, 8.05, '1'),
(290, 1, 'BR9523', 1, 8.05, '1'),
(291, 1, 'CC2413', 1, 8.05, '1'),
(292, 1, 'DV2282', 1, 8.05, '1'),
(293, 1, 'ES3336', 1, 8.05, '1'),
(294, 1, 'GM2599', 1, 8.05, '1'),
(295, 1, 'GR7387', 1, 8.05, '1'),
(296, 1, 'IP4186', 1, 8.05, '1'),
(297, 1, 'JF6817', 1, 8.05, '1'),
(298, 1, 'JO5431', 1, 8.05, '1'),
(299, 1, 'JR8381', 1, 8.05, '1'),
(300, 1, 'JV9236', 1, 8.05, '1'),
(301, 1, 'KM6618', 1, 8.05, '1'),
(302, 1, 'LC4825', 1, 8.05, '1'),
(303, 1, 'LM7791', 1, 8.05, '1'),
(304, 1, 'LO5959', 1, 8.05, '1'),
(305, 1, 'MA9567', 1, 8.05, '1'),
(306, 1, 'MD9555', 1, 8.05, '1'),
(307, 1, 'MM4716', 1, 8.05, '1'),
(308, 1, 'NR2346', 1, 8.05, '1'),
(309, 1, 'PC6556', 1, 8.05, '1'),
(310, 1, 'PG4466', 1, 8.05, '1'),
(311, 1, 'RA5176', 1, 8.05, '1'),
(312, 1, 'RV4421', 1, 8.05, '1'),
(313, 1, 'RV5182', 1, 8.05, '1'),
(314, 1, 'AC8372', 1, 7, '1'),
(315, 1, 'ÁT4399', 1, 7, '1'),
(316, 1, 'BC3517', 1, 7, '1'),
(317, 1, 'BG9639', 1, 7.35, '1'),
(318, 1, 'CG3314', 1, 7.35, '1'),
(319, 1, 'CG8874', 1, 7.35, '1'),
(320, 1, 'EF1291', 1, 7.35, '1'),
(321, 1, 'ER1325', 1, 7.35, '1'),
(322, 1, 'FL3514', 1, 7.7, '1'),
(323, 1, 'FP2126', 1, 7.7, '1'),
(324, 1, 'GF9739', 1, 7.7, '1'),
(325, 1, 'IP1554', 1, 8, '1'),
(326, 1, 'IV6296', 1, 8, '1'),
(327, 1, 'IV9459', 1, 8, '1'),
(328, 1, 'JC1912', 1, 8, '1'),
(329, 1, 'JJ8389', 1, 8, '1'),
(330, 1, 'JM9226', 1, 8, '1'),
(331, 1, 'LP9455', 1, 8, '1'),
(332, 1, 'MC4456', 1, 8, '1'),
(333, 1, 'MO3283', 1, 8, '1'),
(334, 1, 'MS4199', 1, 8, '1'),
(335, 17, 'AC5755', 1, 7.7, '1'),
(336, 17, 'AS7999', 1, 7.7, '1'),
(337, 17, 'BA3564', 1, 8.05, '1'),
(338, 17, 'BM7119', 1, 8.05, '1'),
(339, 17, 'CL9294', 1, 8.05, '1'),
(340, 17, 'CP7186', 1, 8.05, '1'),
(341, 17, 'DR7987', 1, 8.05, '1'),
(342, 17, 'DS5899', 1, 8.05, '1'),
(343, 17, 'EP2846', 1, 8.05, '1'),
(344, 17, 'FV5372', 1, 8.05, '1'),
(345, 17, 'GR9232', 1, 8.05, '1'),
(346, 17, 'IJ2434', 1, 8.05, '1'),
(347, 17, 'JF6695', 1, 8.05, '1'),
(348, 17, 'JG8253', 1, 8.05, '1'),
(349, 17, 'JH1242', 1, 8.05, '1'),
(350, 17, 'JM5279', 1, 8.05, '1'),
(351, 17, 'JS5299', 1, 8.05, '1'),
(352, 17, 'LC2335', 1, 8.05, '1'),
(353, 17, 'LM8535', 1, 8.05, '1'),
(354, 17, 'SP1535', 1, 8.05, '1'),
(355, 17, 'SS6823', 1, 8.05, '1'),
(356, 7, 'AG5462', 1, 8.05, '1'),
(357, 7, 'AP7669', 1, 8.05, '1'),
(358, 7, 'BR9523', 1, 8.05, '1'),
(359, 7, 'CC2413', 1, 8.05, '1'),
(360, 7, 'DV2282', 1, 8.05, '1'),
(361, 7, 'ES3336', 1, 8.05, '1'),
(362, 7, 'GM2599', 1, 8.05, '1'),
(363, 7, 'GR7387', 1, 8.05, '1'),
(364, 7, 'IP4186', 1, 8.05, '1'),
(365, 7, 'JF6817', 1, 8.05, '1'),
(366, 7, 'JO5431', 1, 8.05, '1'),
(367, 7, 'JR8381', 1, 8.05, '1'),
(368, 7, 'JV9236', 1, 8.05, '1'),
(369, 7, 'KM6618', 1, 8.05, '1'),
(370, 7, 'LC4825', 1, 8.05, '1'),
(371, 7, 'LM7791', 1, 8.05, '1'),
(372, 7, 'LO5959', 1, 8.05, '1'),
(373, 7, 'MA9567', 1, 8.05, '1'),
(374, 7, 'MD9555', 1, 8.05, '1'),
(375, 7, 'MM4716', 1, 8.05, '1'),
(376, 7, 'NR2346', 1, 8.05, '1'),
(377, 7, 'PC6556', 1, 8.05, '1'),
(378, 7, 'PG4466', 1, 8.05, '1'),
(379, 7, 'RA5176', 1, 8.05, '1'),
(380, 7, 'RV4421', 1, 8.05, '1'),
(381, 7, 'RV5182', 1, 8.05, '1'),
(382, 7, 'AC8372', 1, 8.05, '1'),
(383, 7, 'ÁT4399', 1, 8.05, '1'),
(384, 7, 'BC3517', 1, 8.05, '1'),
(385, 7, 'BG9639', 1, 8.05, '1'),
(386, 7, 'CG3314', 1, 8.05, '1'),
(387, 7, 'CG8874', 1, 8.05, '1'),
(388, 7, 'EF1291', 1, 8.05, '1'),
(389, 7, 'ER1325', 1, 8.05, '1'),
(390, 7, 'FL3514', 1, 8.05, '1'),
(391, 7, 'FP2126', 1, 8.05, '1'),
(392, 7, 'GF9739', 1, 8.05, '1'),
(393, 7, 'IP1554', 1, 8.05, '1'),
(394, 7, 'IV6296', 1, 8.05, '1'),
(395, 7, 'IV9459', 1, 8.05, '1'),
(396, 7, 'JC1912', 1, 8.05, '1'),
(397, 7, 'JJ8389', 1, 8.05, '1'),
(398, 7, 'JM9226', 1, 8.05, '1'),
(399, 7, 'LP9455', 1, 8.05, '1'),
(400, 7, 'MC4456', 1, 8.05, '1'),
(401, 7, 'MO3283', 1, 8.05, '1'),
(402, 7, 'MS4199', 1, 8.05, '1'),
(403, 8, 'AV2194', 1, 8.05, '1'),
(404, 8, 'AV9782', 1, 8.05, '1'),
(405, 8, 'CF7283', 1, 8.05, '1'),
(406, 8, 'CR3815', 1, 8.05, '1'),
(407, 8, 'DA6344', 1, 8.05, '1'),
(408, 8, 'DC7557', 1, 8.05, '1'),
(409, 8, 'DV6321', 1, 8.05, '1'),
(410, 8, 'EL4666', 1, 8.05, '1'),
(411, 8, 'EP9486', 1, 8.05, '1'),
(412, 8, 'ER2461', 1, 8.05, '1'),
(413, 8, 'FM6585', 1, 8.05, '1'),
(414, 8, 'FR8934', 1, 8.05, '1'),
(415, 8, 'FT1489', 1, 8.05, '1'),
(416, 8, 'FV5729', 1, 8.05, '1'),
(417, 8, 'GM3695', 1, 8.05, '1'),
(418, 8, 'JL5461', 1, 8.05, '1'),
(419, 8, 'JM4873', 1, 8.05, '1'),
(420, 8, 'JR3327', 1, 8.05, '1'),
(421, 8, 'KL8952', 1, 8.05, '1'),
(422, 8, 'LA2352', 1, 8.05, '1'),
(423, 8, 'LS1267', 1, 8.05, '1'),
(424, 8, 'MÁ5258', 1, 8.05, '1'),
(425, 8, 'MA9739', 1, 8.05, '1'),
(426, 8, 'OP9186', 1, 8.05, '1'),
(427, 8, 'OR5469', 1, 8.05, '1'),
(428, 8, 'PV2487', 1, 8.05, '1'),
(429, 8, 'AJ3557', 1, 7.7, '1'),
(430, 8, 'AL1951', 1, 7.7, '1'),
(431, 8, 'AT5162', 1, 7.7, '1'),
(432, 8, 'AV5191', 1, 7.7, '1'),
(433, 8, 'BL2957', 1, 7.7, '1'),
(434, 8, 'BO2759', 1, 7.7, '1'),
(435, 8, 'DR7596', 1, 7.7, '1'),
(436, 8, 'DR8694', 1, 7.7, '1'),
(437, 8, 'EM8842', 1, 7.7, '1'),
(438, 8, 'GM2229', 1, 7.7, '1'),
(439, 8, 'GV2633', 1, 7.7, '1'),
(440, 8, 'IB1332', 1, 7.7, '1'),
(441, 8, 'IP9558', 1, 7.7, '1'),
(442, 8, 'JÁ7773', 1, 7.7, '1'),
(443, 8, 'JB7154', 1, 7.7, '1'),
(444, 8, 'JC8281', 1, 7.7, '1'),
(445, 8, 'JG8863', 1, 7.7, '1'),
(446, 8, 'JP6494', 1, 7.7, '1'),
(447, 8, 'JQ9587', 1, 7.7, '1'),
(448, 8, 'KO6831', 1, 7.7, '1'),
(449, 8, 'LC8432', 1, 7.7, '1'),
(450, 8, 'LQ3145', 1, 7.7, '1'),
(451, 8, 'MF1821', 1, 7.7, '1'),
(452, 8, 'MN2956', 1, 7.7, '1'),
(453, 8, 'MQ5455', 1, 7.7, '1'),
(454, 8, 'MR3799', 1, 7.7, '1'),
(455, 11, 'AS1983', 1, 8.05, '1'),
(456, 11, 'BS9588', 1, 8.05, '1'),
(457, 11, 'DB4645', 1, 8.05, '1'),
(458, 11, 'ER8335', 1, 8.05, '1'),
(459, 11, 'FT9543', 1, 8.05, '1'),
(460, 11, 'GG5559', 1, 8.05, '1'),
(461, 11, 'IA3668', 1, 8.05, '1'),
(462, 11, 'JA6681', 1, 8.043, '1'),
(463, 11, 'JL7274', 1, 8.05, '1'),
(464, 11, 'KÁ4733', 1, 8.05, '1'),
(465, 11, 'LM5852', 1, 8.05, '1'),
(466, 11, 'LR3335', 1, 8.05, '1'),
(467, 11, 'MD4436', 1, 8.05, '1'),
(468, 11, 'MM4921', 1, 8.05, '1'),
(469, 11, 'MR6891', 1, 8.05, '1'),
(470, 11, 'MS8242', 1, 8.05, '1'),
(471, 11, 'AC5563', 1, 8.05, '1'),
(472, 11, 'AM1638', 1, 8.05, '1'),
(473, 11, 'ÁN9224', 1, 8.05, '1'),
(474, 11, 'ÁR5923', 1, 8.05, '1'),
(475, 11, 'AR7259', 1, 8.05, '1'),
(476, 11, 'CL9634', 1, 8.05, '1'),
(477, 11, 'DJ1737', 1, 8.05, '1'),
(478, 11, 'DR7348', 1, 8.05, '1'),
(479, 11, 'DV9275', 1, 8.05, '1'),
(480, 11, 'EA4795', 1, 8.05, '1'),
(481, 11, 'EP4352', 1, 8.05, '1'),
(482, 11, 'ES9328', 1, 8.05, '1'),
(483, 11, 'FC1423', 1, 7.7, '1'),
(484, 11, 'GG3259', 1, 7.7, '1'),
(485, 11, 'HP7681', 1, 7.7, '1'),
(486, 11, 'JA2924', 1, 7.7, '1'),
(487, 11, 'JA3561', 1, 7.7, '1'),
(488, 11, 'JG7323', 1, 7.7, '1'),
(489, 11, 'JG8296', 1, 7.7, '1'),
(490, 11, 'JM7153', 1, 7.35, '1'),
(491, 11, 'JQ8827', 1, 7.35, '1'),
(492, 11, 'JR2253', 1, 7.35, '1'),
(493, 11, 'JS1311', 1, 7.35, '1'),
(494, 11, 'JT3175', 1, 7.35, '1'),
(495, 11, 'LP3696', 1, 7.35, '1'),
(496, 11, 'LP6885', 1, 7.35, '1'),
(497, 11, 'MC8646', 1, 7.35, '1'),
(498, 11, 'ML9342', 1, 7.35, '1'),
(499, 11, 'RG8592', 1, 7.35, '1'),
(500, 11, 'RS9179', 1, 7.35, '1'),
(501, 11, 'SC6342', 1, 7.35, '1'),
(502, 11, 'AG5462', 1, 8.05, '1'),
(503, 11, 'AP7669', 1, 8.05, '1'),
(504, 11, 'BR9523', 1, 8.05, '1'),
(505, 11, 'CC2413', 1, 8.05, '1'),
(506, 11, 'DV2282', 1, 8.05, '1'),
(507, 11, 'ES3336', 1, 8.05, '1'),
(508, 11, 'GM2599', 1, 8.05, '1'),
(509, 11, 'GR7387', 1, 8.05, '1'),
(510, 11, 'IP4186', 1, 8.05, '1'),
(511, 11, 'JF6817', 1, 8.05, '1'),
(512, 11, 'JO5431', 1, 8.05, '1'),
(513, 11, 'JR8381', 1, 8.05, '1'),
(514, 11, 'JV9236', 1, 8.05, '1'),
(515, 11, 'KM6618', 1, 8.05, '1'),
(516, 11, 'LC4825', 1, 8.05, '1'),
(517, 11, 'LM7791', 1, 8.05, '1'),
(518, 11, 'LO5959', 1, 8.05, '1'),
(519, 11, 'MA9567', 1, 8.05, '1'),
(520, 11, 'MD9555', 1, 8.05, '1'),
(521, 11, 'MM4716', 1, 8.05, '1'),
(522, 11, 'NR2346', 1, 8.05, '1'),
(523, 11, 'PC6556', 1, 8.05, '1'),
(524, 11, 'PG4466', 1, 8.05, '1'),
(525, 11, 'RA5176', 1, 8.05, '1'),
(526, 11, 'RV4421', 1, 8.05, '1'),
(527, 11, 'RV5182', 1, 8.05, '1'),
(528, 11, 'AC8372', 1, 7.95, '1'),
(529, 11, 'ÁT4399', 1, 7.95, '1'),
(530, 11, 'BC3517', 1, 7.95, '1'),
(531, 11, 'BG9639', 1, 7.95, '1'),
(532, 11, 'CG3314', 1, 7.95, '1'),
(533, 11, 'CG8874', 1, 7.95, '1'),
(534, 11, 'EF1291', 1, 7.95, '1'),
(535, 11, 'ER1325', 1, 7.95, '1'),
(536, 11, 'FL3514', 1, 7.95, '1'),
(537, 11, 'FP2126', 1, 7.95, '1'),
(538, 11, 'GF9739', 1, 7.95, '1'),
(539, 11, 'IP1554', 1, 7.95, '1'),
(540, 11, 'IV6296', 1, 7.95, '1'),
(541, 11, 'IV9459', 1, 7.95, '1'),
(542, 11, 'JC1912', 1, 7.95, '1'),
(543, 11, 'JJ8389', 1, 7.95, '1'),
(544, 11, 'JM9226', 1, 7.95, '1'),
(545, 11, 'LP9455', 1, 7.95, '1'),
(546, 11, 'MC4456', 1, 7.95, '1'),
(547, 11, 'MO3283', 1, 7.95, '1'),
(548, 11, 'MS4199', 1, 7.95, '1'),
(549, 14, 'AS1983', 1, 8.05, '1'),
(550, 14, 'BS9588', 1, 8.05, '1'),
(551, 14, 'DB4645', 1, 8.05, '1'),
(552, 14, 'ER8335', 1, 8.05, '1'),
(553, 14, 'FT9543', 1, 8.05, '1'),
(554, 14, 'GG5559', 1, 8.05, '1'),
(555, 14, 'IA3668', 1, 8.05, '1'),
(556, 14, 'JA6681', 1, 8.05, '1'),
(557, 14, 'JL7274', 1, 8.05, '1'),
(558, 14, 'KÁ4733', 1, 8.05, '1'),
(559, 14, 'LM5852', 1, 8.05, '1'),
(560, 14, 'LR3335', 1, 8.05, '1'),
(561, 14, 'MD4436', 1, 8.05, '1'),
(562, 14, 'MM4921', 1, 8.05, '1'),
(563, 14, 'MR6891', 1, 8.05, '1'),
(564, 14, 'MS8242', 1, 8.05, '1'),
(565, 14, 'AC5563', 1, 8.05, '1'),
(566, 14, 'AM1638', 1, 8.05, '1'),
(567, 14, 'ÁN9224', 1, 8.05, '1'),
(568, 14, 'ÁR5923', 1, 8.05, '1'),
(569, 14, 'AR7259', 1, 8.05, '1'),
(570, 14, 'CL9634', 1, 8.05, '1'),
(571, 14, 'DJ1737', 1, 8.05, '1'),
(572, 14, 'DR7348', 1, 8.05, '1'),
(573, 14, 'DV9275', 1, 8.05, '1'),
(574, 14, 'EA4795', 1, 8.05, '1'),
(575, 14, 'EP4352', 1, 8.05, '1'),
(576, 14, 'ES9328', 1, 8.05, '1'),
(577, 14, 'FC1423', 1, 8.05, '1'),
(578, 14, 'GG3259', 1, 8.05, '1'),
(579, 14, 'HP7681', 1, 8.05, '1'),
(580, 14, 'JA2924', 1, 8.05, '1'),
(581, 14, 'JA3561', 1, 8.05, '1'),
(582, 14, 'JG7323', 1, 8.05, '1'),
(583, 14, 'JG8296', 1, 8.05, '1'),
(584, 14, 'JM7153', 1, 8.05, '1'),
(585, 14, 'JQ8827', 1, 8.05, '1'),
(586, 14, 'JR2253', 1, 8.05, '1'),
(587, 14, 'JS1311', 1, 8.05, '1'),
(588, 14, 'JT3175', 1, 8.05, '1'),
(589, 14, 'LP3696', 1, 8.05, '1'),
(590, 14, 'LP6885', 1, 8.05, '1'),
(591, 14, 'MC8646', 1, 8.05, '1'),
(592, 14, 'ML9342', 1, 8.05, '1'),
(593, 14, 'RG8592', 1, 8.05, '1'),
(594, 14, 'RS9179', 1, 8.05, '1'),
(595, 14, 'SC6342', 1, 8.05, '1'),
(596, 14, 'AG5462', 1, 7.7, '1'),
(597, 14, 'AP7669', 1, 7.7, '1'),
(598, 14, 'BR9523', 1, 7.7, '1'),
(599, 14, 'CC2413', 1, 7.7, '1'),
(600, 14, 'DV2282', 1, 7.7, '1'),
(601, 14, 'ES3336', 1, 7.7, '1'),
(602, 14, 'GM2599', 1, 7.7, '1'),
(603, 14, 'GR7387', 1, 7.7, '1'),
(604, 14, 'IP4186', 1, 7.7, '1'),
(605, 14, 'JF6817', 1, 7.7, '1'),
(606, 14, 'JO5431', 1, 7.7, '1'),
(607, 14, 'JR8381', 1, 7.7, '1'),
(608, 14, 'JV9236', 1, 7.7, '1'),
(609, 14, 'KM6618', 1, 7.7, '1'),
(610, 14, 'LC4825', 1, 7.7, '1'),
(611, 14, 'LM7791', 1, 7.7, '1'),
(612, 14, 'LO5959', 1, 7.7, '1'),
(613, 14, 'MA9567', 1, 7.7, '1'),
(614, 14, 'MD9555', 1, 7.7, '1'),
(615, 14, 'MM4716', 1, 7.7, '1'),
(616, 14, 'NR2346', 1, 7.7, '1'),
(617, 14, 'PC6556', 1, 7.7, '1'),
(618, 14, 'PG4466', 1, 7.7, '1'),
(619, 14, 'RA5176', 1, 7.7, '1'),
(620, 14, 'RV4421', 1, 7.7, '1'),
(621, 14, 'RV5182', 1, 7.7, '1'),
(622, 14, 'AC8372', 1, 8.05, '1'),
(623, 14, 'ÁT4399', 1, 8.05, '1'),
(624, 14, 'BC3517', 1, 8.05, '1'),
(625, 14, 'BG9639', 1, 8.05, '1'),
(626, 14, 'CG3314', 1, 8.05, '1'),
(627, 14, 'CG8874', 1, 8.05, '1'),
(628, 14, 'EF1291', 1, 8.05, '1'),
(629, 14, 'ER1325', 1, 8.05, '1'),
(630, 14, 'FL3514', 1, 8.05, '1'),
(631, 14, 'FP2126', 1, 8.05, '1'),
(632, 14, 'GF9739', 1, 8.05, '1'),
(633, 14, 'IP1554', 1, 8.05, '1'),
(634, 14, 'IV6296', 1, 8.05, '1'),
(635, 14, 'IV9459', 1, 8.05, '1'),
(636, 14, 'JC1912', 1, 8.05, '1'),
(637, 14, 'JJ8389', 1, 8.05, '1'),
(638, 14, 'JM9226', 1, 8.05, '1'),
(639, 14, 'LP9455', 1, 8.05, '1'),
(640, 14, 'MC4456', 1, 8.05, '1'),
(641, 14, 'MO3283', 1, 8.05, '1'),
(642, 14, 'MS4199', 1, 8.05, '1'),
(643, 26, 'AG3433', 1, 8.05, '1'),
(644, 26, 'AR5325', 1, 8.05, '1'),
(645, 26, 'BQ2628', 1, 8.05, '1'),
(646, 26, 'CD8339', 1, 8.05, '1'),
(647, 26, 'CL7913', 1, 8.05, '1'),
(648, 26, 'ER1971', 1, 8.05, '1'),
(649, 26, 'ER8677', 1, 8.05, '1'),
(650, 26, 'ET6197', 1, 8.05, '1'),
(651, 26, 'FB7737', 1, 8.05, '1'),
(652, 26, 'GL3842', 1, 8.05, '1'),
(653, 26, 'IA8993', 1, 8.05, '1'),
(654, 26, 'IQ8729', 1, 8.05, '1'),
(655, 26, 'JJ2182', 1, 8.05, '1'),
(656, 26, 'JM1958', 1, 8.05, '1'),
(657, 26, 'JM2892', 1, 8.05, '1'),
(658, 26, 'LR6137', 1, 8.05, '1'),
(659, 26, 'MH6433', 1, 8.05, '1'),
(660, 26, 'MM4383', 1, 8.05, '1'),
(661, 26, 'MP3665', 1, 8.05, '1'),
(662, 26, 'NR5288', 1, 8.05, '1'),
(663, 26, 'OD7389', 1, 8.05, '1'),
(664, 26, 'AC9757', 1, 8.05, '1'),
(665, 26, 'AF6686', 1, 8.05, '1'),
(666, 26, 'AV1432', 1, 8.05, '1'),
(667, 26, 'BN8146', 1, 8.05, '1'),
(668, 26, 'CG6284', 1, 8.05, '1'),
(669, 26, 'CM1768', 1, 8.05, '1'),
(670, 26, 'CP2577', 1, 8.05, '1'),
(671, 26, 'CV1817', 1, 8.05, '1'),
(672, 26, 'EF2321', 1, 8.05, '1'),
(673, 26, 'FN9269', 1, 8.05, '1'),
(674, 26, 'IP9464', 1, 8.05, '1'),
(675, 26, 'JÁ1787', 1, 8.05, '1'),
(676, 26, 'JA6979', 1, 8.05, '1'),
(677, 26, 'JF6956', 1, 8.05, '1'),
(678, 26, 'JF9166', 1, 8.05, '1'),
(679, 26, 'JM6166', 1, 8.05, '1'),
(680, 26, 'JP1338', 1, 8.05, '1'),
(681, 26, 'JP9542', 1, 8.05, '1'),
(682, 26, 'JS1631', 1, 8.05, '1'),
(683, 26, 'JS5228', 1, 8.05, '1'),
(684, 26, 'LG3866', 1, 8.05, '1'),
(685, 26, 'AV2194', 1, 7.7, '1'),
(686, 26, 'AV9782', 1, 7.7, '1'),
(687, 26, 'CF7283', 1, 7.7, '1'),
(688, 26, 'CR3815', 1, 7.7, '1'),
(689, 26, 'DA6344', 1, 7.7, '1'),
(690, 26, 'DC7557', 1, 7.7, '1'),
(691, 26, 'DV6321', 1, 7.7, '1'),
(692, 26, 'EL4666', 1, 7.7, '1'),
(693, 26, 'EP9486', 1, 7.7, '1'),
(694, 26, 'ER2461', 1, 7.7, '1'),
(695, 26, 'FM6585', 1, 7.7, '1'),
(696, 26, 'FR8934', 1, 7.7, '1'),
(697, 26, 'FT1489', 1, 7.7, '1'),
(698, 26, 'FV5729', 1, 7.7, '1'),
(699, 26, 'GM3695', 1, 7.7, '1'),
(700, 26, 'JL5461', 1, 7.7, '1'),
(701, 26, 'JM4873', 1, 7.7, '1'),
(702, 26, 'JR3327', 1, 7.7, '1'),
(703, 26, 'KL8952', 1, 7.7, '1'),
(704, 26, 'LA2352', 1, 7.7, '1'),
(705, 26, 'LS1267', 1, 7.7, '1'),
(706, 26, 'MÁ5258', 1, 7.7, '1'),
(707, 26, 'MA9739', 1, 7.7, '1'),
(708, 26, 'OP9186', 1, 7.69, '1'),
(709, 26, 'OR5469', 1, 7.7, '1'),
(710, 26, 'PV2487', 1, 7.6965, '1'),
(711, 26, 'AJ3557', 1, 8.05, '1'),
(712, 26, 'AL1951', 1, 8.05, '1'),
(713, 26, 'AT5162', 1, 8.05, '1'),
(714, 26, 'AV5191', 1, 8.05, '1'),
(715, 26, 'BL2957', 1, 8.05, '1'),
(716, 26, 'BO2759', 1, 8.05, '1'),
(717, 26, 'DR7596', 1, 8.05, '1'),
(718, 26, 'DR8694', 1, 8.05, '1'),
(719, 26, 'EM8842', 1, 8.05, '1'),
(720, 26, 'GM2229', 1, 8.05, '1'),
(721, 26, 'GV2633', 1, 8.05, '1'),
(722, 26, 'IB1332', 1, 8.05, '1'),
(723, 26, 'IP9558', 1, 8.05, '1'),
(724, 26, 'JÁ7773', 1, 8.05, '1'),
(725, 26, 'JB7154', 1, 8.05, '1'),
(726, 26, 'JC8281', 1, 8.05, '1'),
(727, 26, 'JG8863', 1, 8.05, '1'),
(728, 26, 'JP6494', 1, 8.05, '1'),
(729, 26, 'JQ9587', 1, 8.05, '1'),
(730, 26, 'KO6831', 1, 8.05, '1'),
(731, 26, 'LC8432', 1, 8.05, '1'),
(732, 26, 'LQ3145', 1, 8.05, '1'),
(733, 26, 'MF1821', 1, 8.05, '1'),
(734, 26, 'MN2956', 1, 8.05, '1'),
(735, 26, 'MQ5455', 1, 8.05, '1'),
(736, 26, 'MR3799', 1, 8.05, '1'),
(737, 27, 'AG3433', 1, 8.05, '1'),
(738, 27, 'AR5325', 1, 8.05, '1'),
(739, 27, 'BQ2628', 1, 8.05, '1'),
(740, 27, 'CD8339', 1, 8.05, '1'),
(741, 27, 'CL7913', 1, 8.05, '1'),
(742, 27, 'ER1971', 1, 8.05, '1'),
(743, 27, 'ER8677', 1, 8.05, '1'),
(744, 27, 'ET6197', 1, 8.05, '1'),
(745, 27, 'FB7737', 1, 8.05, '1'),
(746, 27, 'GL3842', 1, 8.05, '1'),
(747, 27, 'IA8993', 1, 8.05, '1'),
(748, 27, 'IQ8729', 1, 8.05, '1'),
(749, 27, 'JJ2182', 1, 8.05, '1'),
(750, 27, 'JM1958', 1, 8.05, '1'),
(751, 27, 'JM2892', 1, 8.05, '1'),
(752, 27, 'LR6137', 1, 8.05, '1'),
(753, 27, 'MH6433', 1, 8.05, '1'),
(754, 27, 'MM4383', 1, 8.05, '1'),
(755, 27, 'MP3665', 1, 8.05, '1'),
(756, 27, 'NR5288', 1, 8.05, '1'),
(757, 27, 'OD7389', 1, 8.05, '1'),
(758, 27, 'AC9757', 1, 7.7, '1'),
(759, 27, 'AF6686', 1, 7.7, '1'),
(760, 27, 'AV1432', 1, 7.7, '1'),
(761, 27, 'BN8146', 1, 7.7, '1'),
(762, 27, 'CG6284', 1, 7.7, '1'),
(763, 27, 'CM1768', 1, 7.7, '1'),
(764, 27, 'CP2577', 1, 7.7, '1'),
(765, 27, 'CV1817', 1, 8, '1'),
(766, 27, 'EF2321', 1, 8, '1'),
(767, 27, 'FN9269', 1, 8, '1'),
(768, 27, 'IP9464', 1, 8, '1'),
(769, 27, 'JÁ1787', 1, 8, '1'),
(770, 27, 'JA6979', 1, 8, '1'),
(771, 27, 'JF6956', 1, 8, '1'),
(772, 27, 'JF9166', 1, 8, '1'),
(773, 27, 'JM6166', 1, 8, '1'),
(774, 27, 'JP1338', 1, 8, '1'),
(775, 27, 'JP9542', 1, 8, '1'),
(776, 27, 'JS1631', 1, 8, '1'),
(777, 27, 'JS5228', 1, 8, '1'),
(778, 27, 'LG3866', 1, 8, '1'),
(779, 27, 'AV2194', 1, 8.05, '1'),
(780, 27, 'AV9782', 1, 8.05, '1'),
(781, 27, 'CF7283', 1, 8.05, '1'),
(782, 27, 'CR3815', 1, 8.05, '1'),
(783, 27, 'DA6344', 1, 8.05, '1'),
(784, 27, 'DC7557', 1, 8.05, '1'),
(785, 27, 'DV6321', 1, 8.05, '1'),
(786, 27, 'EL4666', 1, 8.05, '1'),
(787, 27, 'EP9486', 1, 8.05, '1'),
(788, 27, 'ER2461', 1, 8.05, '1'),
(789, 27, 'FM6585', 1, 8.05, '1'),
(790, 27, 'FR8934', 1, 8.05, '1'),
(791, 27, 'FT1489', 1, 8.05, '1'),
(792, 27, 'FV5729', 1, 8.05, '1'),
(793, 27, 'GM3695', 1, 8.05, '1'),
(794, 27, 'JL5461', 1, 8.05, '1'),
(795, 27, 'JM4873', 1, 8.05, '1'),
(796, 27, 'JR3327', 1, 8.05, '1'),
(797, 27, 'KL8952', 1, 8.05, '1'),
(798, 27, 'LA2352', 1, 8.05, '1'),
(799, 27, 'LS1267', 1, 8.05, '1'),
(800, 27, 'MÁ5258', 1, 8.05, '1'),
(801, 27, 'MA9739', 1, 8.05, '1'),
(802, 27, 'OP9186', 1, 8.05, '1'),
(803, 27, 'OR5469', 1, 8.05, '1'),
(804, 27, 'PV2487', 1, 8.05, '1'),
(805, 27, 'AJ3557', 1, 7.7, '1'),
(806, 27, 'AL1951', 1, 7.7, '1'),
(807, 27, 'AT5162', 1, 7.7, '1'),
(808, 27, 'AV5191', 1, 7.7, '1'),
(809, 27, 'BL2957', 1, 7.7, '1'),
(810, 27, 'BO2759', 1, 8.05, '1'),
(811, 27, 'DR7596', 1, 8.05, '1'),
(812, 27, 'DR8694', 1, 8.05, '1'),
(813, 27, 'EM8842', 1, 8.05, '1'),
(814, 27, 'GM2229', 1, 8.05, '1'),
(815, 27, 'GV2633', 1, 8.05, '1'),
(816, 27, 'IB1332', 1, 8.05, '1'),
(817, 27, 'IP9558', 1, 8.05, '1'),
(818, 27, 'JÁ7773', 1, 8.05, '1'),
(819, 27, 'JB7154', 1, 8.05, '1'),
(820, 27, 'JC8281', 1, 8.05, '1'),
(821, 27, 'JG8863', 1, 8.05, '1'),
(822, 27, 'JP6494', 1, 8.05, '1'),
(823, 27, 'JQ9587', 1, 8.05, '1'),
(824, 27, 'KO6831', 1, 8.05, '1'),
(825, 27, 'LC8432', 1, 8.05, '1'),
(826, 27, 'LQ3145', 1, 8.05, '1'),
(827, 27, 'MF1821', 1, 8.05, '1'),
(828, 27, 'MN2956', 1, 8.05, '1'),
(829, 27, 'MQ5455', 1, 8.05, '1'),
(830, 27, 'MR3799', 1, 8.05, '1'),
(831, 3, 'AS1983', 1, 7.7, '1'),
(832, 3, 'BS9588', 1, 7.7, '1'),
(833, 3, 'DB4645', 1, 7.7, '1'),
(834, 3, 'ER8335', 1, 7.7, '1'),
(835, 3, 'FT9543', 1, 7.7, '1'),
(836, 3, 'GG5559', 1, 8.05, '1'),
(837, 3, 'IA3668', 1, 8.05, '1'),
(838, 3, 'JA6681', 1, 8.05, '1'),
(839, 3, 'JL7274', 1, 8.05, '1'),
(840, 3, 'KÁ4733', 1, 8.05, '1'),
(841, 3, 'LM5852', 1, 8.05, '1'),
(842, 3, 'LR3335', 1, 8.05, '1'),
(843, 3, 'MD4436', 1, 8.05, '1'),
(844, 3, 'MM4921', 1, 8.05, '1'),
(845, 3, 'MR6891', 1, 8.05, '1'),
(846, 3, 'MS8242', 1, 8.05, '1'),
(847, 3, 'AG5462', 1, 8.35, '1'),
(848, 3, 'AP7669', 1, 8.35, '1'),
(849, 3, 'BR9523', 1, 8.35, '1'),
(850, 3, 'CC2413', 1, 8.35, '1'),
(851, 3, 'DV2282', 1, 8.35, '1'),
(852, 3, 'ES3336', 1, 8.35, '1'),
(853, 3, 'GM2599', 1, 8.35, '1'),
(854, 3, 'GR7387', 1, 8.35, '1'),
(855, 3, 'IP4186', 1, 8.35, '1'),
(856, 3, 'JF6817', 1, 8.35, '1'),
(857, 3, 'JO5431', 1, 8.35, '1'),
(858, 3, 'JR8381', 1, 8.35, '1'),
(859, 3, 'JV9236', 1, 8.35, '1'),
(860, 3, 'KM6618', 1, 8.35, '1'),
(861, 3, 'LC4825', 1, 8.35, '1'),
(862, 3, 'LM7791', 1, 8.35, '1'),
(863, 3, 'LO5959', 1, 8.35, '1'),
(864, 3, 'MA9567', 1, 8.35, '1'),
(865, 3, 'MD9555', 1, 8.35, '1'),
(866, 3, 'MM4716', 1, 8.35, '1'),
(867, 3, 'NR2346', 1, 8.35, '1'),
(868, 3, 'PC6556', 1, 8.35, '1'),
(869, 3, 'PG4466', 1, 8.35, '1'),
(870, 3, 'RA5176', 1, 8.35, '1'),
(871, 3, 'RV4421', 1, 8.35, '1'),
(872, 3, 'RV5182', 1, 8.35, '1'),
(873, 3, 'AC8372', 1, 7.7, '1'),
(874, 3, 'ÁT4399', 1, 7.7, '1'),
(875, 3, 'BC3517', 1, 7.7, '1'),
(876, 3, 'BG9639', 1, 7.7, '1'),
(877, 3, 'CG3314', 1, 7.7, '1'),
(878, 3, 'CG8874', 1, 7.7, '1'),
(879, 3, 'EF1291', 1, 7.7, '1'),
(880, 3, 'ER1325', 1, 7.7, '1'),
(881, 3, 'FL3514', 1, 7.7, '1'),
(882, 3, 'FP2126', 1, 7.7, '1'),
(883, 3, 'GF9739', 1, 7.7, '1'),
(884, 3, 'IP1554', 1, 7.7, '1'),
(885, 3, 'IV6296', 1, 7.7, '1'),
(886, 3, 'IV9459', 1, 7.7, '1'),
(887, 3, 'JC1912', 1, 7.7, '1'),
(888, 3, 'JJ8389', 1, 7.7, '1'),
(889, 3, 'JM9226', 1, 7.7, '1'),
(890, 3, 'LP9455', 1, 7.7, '1'),
(891, 3, 'MC4456', 1, 7.7, '1'),
(892, 3, 'MO3283', 1, 7.7, '1'),
(893, 3, 'MS4199', 1, 7.6895, '1'),
(894, 4, 'AC9757', 1, 7.7, '1'),
(895, 4, 'AF6686', 1, 7.7, '1'),
(896, 4, 'AV1432', 1, 7.7, '1'),
(897, 4, 'BN8146', 1, 7.7, '1'),
(898, 4, 'CG6284', 1, 7.7, '1'),
(899, 4, 'CM1768', 1, 7.7, '1'),
(900, 4, 'CP2577', 1, 7.7, '1'),
(901, 4, 'CV1817', 1, 7.7, '1'),
(902, 4, 'EF2321', 1, 7.7, '1'),
(903, 4, 'FN9269', 1, 7.7, '1'),
(904, 4, 'IP9464', 1, 7.7, '1'),
(905, 4, 'JÁ1787', 1, 7.7, '1'),
(906, 4, 'JA6979', 1, 7.7, '1'),
(907, 4, 'JF6956', 1, 7.7, '1'),
(908, 4, 'JF9166', 1, 7.7, '1'),
(909, 4, 'JM6166', 1, 7.7, '1'),
(910, 4, 'JP1338', 1, 7.7, '1'),
(911, 4, 'JP9542', 1, 7.7, '1'),
(912, 4, 'JS1631', 1, 7.7, '1'),
(913, 4, 'JS5228', 1, 7.7, '1'),
(914, 4, 'LG3866', 1, 7.7, '1'),
(915, 4, 'AV2194', 1, 8.65, '1'),
(916, 4, 'AV9782', 1, 8.65, '1'),
(917, 4, 'CF7283', 1, 8.65, '1'),
(918, 4, 'CR3815', 1, 8.65, '1'),
(919, 4, 'DA6344', 1, 8.65, '1'),
(920, 4, 'DC7557', 1, 8.65, '1'),
(921, 4, 'DV6321', 1, 8.65, '1'),
(922, 4, 'EL4666', 1, 8.65, '1'),
(923, 4, 'EP9486', 1, 8.65, '1'),
(924, 4, 'ER2461', 1, 8.65, '1'),
(925, 4, 'FM6585', 1, 8.65, '1'),
(926, 4, 'FR8934', 1, 8.65, '1'),
(927, 4, 'FT1489', 1, 8.65, '1'),
(928, 4, 'FV5729', 1, 8.65, '1'),
(929, 4, 'GM3695', 1, 8.65, '1'),
(930, 4, 'JL5461', 1, 8.65, '1'),
(931, 4, 'JM4873', 1, 8.65, '1'),
(932, 4, 'JR3327', 1, 8.65, '1'),
(933, 4, 'KL8952', 1, 8.65, '1'),
(934, 4, 'LA2352', 1, 8.65, '1'),
(935, 4, 'LS1267', 1, 8.65, '1'),
(936, 4, 'MÁ5258', 1, 8.65, '1'),
(937, 4, 'MA9739', 1, 8.65, '1'),
(938, 4, 'OP9186', 1, 8.65, '1'),
(939, 4, 'OR5469', 1, 8.65, '1'),
(940, 4, 'PV2487', 1, 8.65, '1'),
(941, 4, 'AJ3557', 1, 8.05, '1'),
(942, 4, 'AL1951', 1, 8.05, '1'),
(943, 4, 'AT5162', 1, 8.05, '1'),
(944, 4, 'AV5191', 1, 8.05, '1'),
(945, 4, 'BL2957', 1, 8.05, '1'),
(946, 4, 'BO2759', 1, 8.05, '1'),
(947, 4, 'DR7596', 1, 8.05, '1'),
(948, 4, 'DR8694', 1, 8.05, '1'),
(949, 4, 'EM8842', 1, 8.05, '1'),
(950, 4, 'GM2229', 1, 8.05, '1'),
(951, 4, 'GV2633', 1, 8.05, '1'),
(952, 4, 'IB1332', 1, 8.05, '1'),
(953, 4, 'IP9558', 1, 8.05, '1'),
(954, 4, 'JÁ7773', 1, 8.05, '1'),
(955, 4, 'JB7154', 1, 8.05, '1'),
(956, 4, 'JC8281', 1, 8.05, '1'),
(957, 4, 'JG8863', 1, 8.05, '1'),
(958, 4, 'JP6494', 1, 8.05, '1'),
(959, 4, 'JQ9587', 1, 8.05, '1'),
(960, 4, 'KO6831', 1, 8.05, '1'),
(961, 4, 'LC8432', 1, 8.05, '1'),
(962, 4, 'LQ3145', 1, 8.05, '1'),
(963, 4, 'MF1821', 1, 8.05, '1'),
(964, 4, 'MN2956', 1, 8.05, '1'),
(965, 4, 'MQ5455', 1, 8.05, '1'),
(966, 4, 'MR3799', 1, 8.05, '1'),
(967, 21, 'AC4113', 1, 8.05, '1'),
(968, 21, 'AM3292', 1, 8.05, '1'),
(969, 21, 'AR6454', 1, 8.05, '1'),
(970, 21, 'AT6834', 1, 8.05, '1'),
(971, 21, 'CG7763', 1, 8.05, '1'),
(972, 21, 'CM6312', 1, 8.05, '1'),
(973, 21, 'DC2479', 1, 8.05, '1'),
(974, 21, 'EJ7742', 1, 8.05, '1'),
(975, 21, 'ER4698', 1, 8.05, '1'),
(976, 21, 'FD6561', 1, 8.05, '1'),
(977, 21, 'GÁ5585', 1, 8.05, '1'),
(978, 21, 'IH1539', 1, 8.05, '1'),
(979, 21, 'IH4598', 1, 8.05, '1'),
(980, 21, 'IJ1129', 1, 8.05, '1'),
(981, 21, 'IM4233', 1, 8.05, '1'),
(982, 21, 'JF4522', 1, 8.05, '1'),
(983, 21, 'JJ5873', 1, 8.05, '1'),
(984, 21, 'JM3769', 1, 8.05, '1'),
(985, 21, 'JR7753', 1, 8.05, '1'),
(986, 21, 'JS9711', 1, 8.05, '1'),
(987, 21, 'JV1362', 1, 8.05, '1'),
(988, 21, 'LB9832', 1, 8.05, '1'),
(989, 21, 'MA1436', 1, 8.05, '1'),
(990, 21, 'MF8216', 1, 8.05, '1'),
(991, 21, 'MS5346', 1, 8.05, '1'),
(992, 21, 'MV1492', 1, 8.05, '1'),
(993, 9, 'AS1983', 1, 7.35, '1'),
(994, 9, 'BS9588', 1, 7.35, '1'),
(995, 9, 'DB4645', 1, 7.35, '1'),
(996, 9, 'ER8335', 1, 7.35, '1'),
(997, 9, 'FT9543', 1, 7.35, '1'),
(998, 9, 'GG5559', 1, 7.35, '1'),
(999, 9, 'IA3668', 1, 7.35, '1'),
(1000, 9, 'JA6681', 1, 7.35, '1'),
(1001, 9, 'JL7274', 1, 7.35, '1'),
(1002, 9, 'KÁ4733', 1, 7.35, '1'),
(1003, 9, 'LM5852', 1, 7.35, '1'),
(1004, 9, 'LR3335', 1, 7.35, '1'),
(1005, 9, 'MD4436', 1, 7.35, '1'),
(1006, 9, 'MM4921', 1, 7.35, '1'),
(1007, 9, 'MR6891', 1, 7.35, '1'),
(1008, 9, 'MS8242', 1, 7.35, '1'),
(1009, 10, 'AC9757', 1, 7.3, '1'),
(1010, 10, 'AF6686', 1, 7.3, '1'),
(1011, 10, 'AV1432', 1, 7.65, '1'),
(1012, 10, 'BN8146', 1, 7.65, '1'),
(1013, 10, 'CG6284', 1, 8, '1'),
(1014, 10, 'CM1768', 1, 8, '1'),
(1015, 10, 'CP2577', 1, 8, '1'),
(1016, 10, 'CV1817', 1, 8, '1'),
(1017, 10, 'EF2321', 1, 8, '1'),
(1018, 10, 'FN9269', 1, 8, '1'),
(1019, 10, 'IP9464', 1, 8, '1'),
(1020, 10, 'JÁ1787', 1, 8, '1'),
(1021, 10, 'JA6979', 1, 8, '1'),
(1022, 10, 'JF6956', 1, 8, '1'),
(1023, 10, 'JF9166', 1, 8, '1'),
(1024, 10, 'JM6166', 1, 8, '1'),
(1025, 10, 'JP1338', 1, 8, '1'),
(1026, 10, 'JP9542', 1, 8, '1'),
(1027, 10, 'JS1631', 1, 8, '1'),
(1028, 10, 'JS5228', 1, 8, '1'),
(1029, 10, 'LG3866', 1, 8, '1'),
(1030, 12, 'AS1983', 1, 8.05, '1'),
(1031, 12, 'BS9588', 1, 8.05, '1'),
(1032, 12, 'DB4645', 1, 8.05, '1'),
(1033, 12, 'ER8335', 1, 8.05, '1'),
(1034, 12, 'FT9543', 1, 8.05, '1'),
(1035, 12, 'GG5559', 1, 8.05, '1'),
(1036, 12, 'IA3668', 1, 8.05, '1'),
(1037, 12, 'JA6681', 1, 8.05, '1'),
(1038, 12, 'JL7274', 1, 8.05, '1'),
(1039, 12, 'KÁ4733', 1, 8.05, '1'),
(1040, 12, 'LM5852', 1, 8.05, '1'),
(1041, 12, 'LR3335', 1, 8.05, '1'),
(1042, 12, 'MD4436', 1, 8.05, '1'),
(1043, 12, 'MM4921', 1, 8.05, '1'),
(1044, 12, 'MR6891', 1, 8.05, '1'),
(1045, 12, 'MS8242', 1, 8.05, '1'),
(1046, 12, 'AC5563', 1, 8.05, '1'),
(1047, 12, 'AM1638', 1, 8.05, '1'),
(1048, 12, 'ÁN9224', 1, 8.05, '1'),
(1049, 12, 'ÁR5923', 1, 8.05, '1'),
(1050, 12, 'AR7259', 1, 8.05, '1'),
(1051, 12, 'CL9634', 1, 8.05, '1'),
(1052, 12, 'DJ1737', 1, 8.05, '1'),
(1053, 12, 'DR7348', 1, 8.05, '1'),
(1054, 12, 'DV9275', 1, 8.05, '1'),
(1055, 12, 'EA4795', 1, 8.05, '1'),
(1056, 12, 'EP4352', 1, 8.05, '1'),
(1057, 12, 'ES9328', 1, 8.05, '1'),
(1058, 12, 'FC1423', 1, 8.05, '1'),
(1059, 12, 'GG3259', 1, 8.05, '1'),
(1060, 12, 'HP7681', 1, 8.05, '1'),
(1061, 12, 'JA2924', 1, 8.05, '1'),
(1062, 12, 'JA3561', 1, 8.05, '1'),
(1063, 12, 'JG7323', 1, 8.05, '1'),
(1064, 12, 'JG8296', 1, 8.05, '1'),
(1065, 12, 'JM7153', 1, 8.05, '1'),
(1066, 12, 'JQ8827', 1, 8.05, '1'),
(1067, 12, 'JR2253', 1, 8.05, '1'),
(1068, 12, 'JS1311', 1, 8.05, '1'),
(1069, 12, 'JT3175', 1, 8.05, '1'),
(1070, 12, 'LP3696', 1, 8.05, '1'),
(1071, 12, 'LP6885', 1, 8.05, '1'),
(1072, 12, 'MC8646', 1, 8.05, '1'),
(1073, 12, 'ML9342', 1, 8.05, '1'),
(1074, 12, 'RG8592', 1, 8.05, '1'),
(1075, 12, 'RS9179', 1, 8.05, '1'),
(1076, 12, 'SC6342', 1, 8.05, '1'),
(1077, 12, 'AG5462', 1, 8.05, '1'),
(1078, 12, 'AP7669', 1, 8.05, '1'),
(1079, 12, 'BR9523', 1, 8.05, '1'),
(1080, 12, 'CC2413', 1, 8.05, '1'),
(1081, 12, 'DV2282', 1, 8.05, '1'),
(1082, 12, 'ES3336', 1, 8.05, '1'),
(1083, 12, 'GM2599', 1, 8.05, '1'),
(1084, 12, 'GR7387', 1, 8.05, '1'),
(1085, 12, 'IP4186', 1, 8.05, '1'),
(1086, 12, 'JF6817', 1, 8.05, '1'),
(1087, 12, 'JO5431', 1, 8.05, '1'),
(1088, 12, 'JR8381', 1, 8.05, '1'),
(1089, 12, 'JV9236', 1, 8.05, '1'),
(1090, 12, 'KM6618', 1, 8.05, '1'),
(1091, 12, 'LC4825', 1, 8.05, '1'),
(1092, 12, 'LM7791', 1, 8.05, '1'),
(1093, 12, 'LO5959', 1, 8.05, '1'),
(1094, 12, 'MA9567', 1, 8.05, '1'),
(1095, 12, 'MD9555', 1, 8.05, '1'),
(1096, 12, 'MM4716', 1, 8.05, '1'),
(1097, 12, 'NR2346', 1, 8.05, '1'),
(1098, 12, 'PC6556', 1, 8.05, '1'),
(1099, 12, 'PG4466', 1, 8.05, '1'),
(1100, 12, 'RA5176', 1, 8.05, '1'),
(1101, 12, 'RV4421', 1, 8.05, '1'),
(1102, 12, 'RV5182', 1, 8.05, '1'),
(1103, 12, 'AC8372', 1, 8.05, '1'),
(1104, 12, 'ÁT4399', 1, 8.05, '1'),
(1105, 12, 'BC3517', 1, 8.05, '1'),
(1106, 12, 'BG9639', 1, 8.05, '1'),
(1107, 12, 'CG3314', 1, 8.05, '1'),
(1108, 12, 'CG8874', 1, 8.05, '1'),
(1109, 12, 'EF1291', 1, 8.05, '1'),
(1110, 12, 'ER1325', 1, 8.05, '1'),
(1111, 12, 'FL3514', 1, 8.05, '1'),
(1112, 12, 'FP2126', 1, 8.05, '1'),
(1113, 12, 'GF9739', 1, 8.05, '1'),
(1114, 12, 'IP1554', 1, 8.05, '1'),
(1115, 12, 'IV6296', 1, 8.05, '1'),
(1116, 12, 'IV9459', 1, 8.05, '1'),
(1117, 12, 'JC1912', 1, 8.05, '1'),
(1118, 12, 'JJ8389', 1, 8.05, '1'),
(1119, 12, 'JM9226', 1, 8.05, '1'),
(1120, 12, 'LP9455', 1, 8.05, '1'),
(1121, 12, 'MC4456', 1, 8.05, '1'),
(1122, 12, 'MO3283', 1, 8.05, '1'),
(1123, 12, 'MS4199', 1, 8.05, '1'),
(1124, 25, 'AG3433', 1, 7.7, '1'),
(1125, 25, 'AR5325', 1, 7.7, '1'),
(1126, 25, 'BQ2628', 1, 7.7, '1'),
(1127, 25, 'CD8339', 1, 7.7, '1'),
(1128, 25, 'CL7913', 1, 7.7, '1'),
(1129, 25, 'ER1971', 1, 7.7, '1'),
(1130, 25, 'ER8677', 1, 7.7, '1'),
(1131, 25, 'ET6197', 1, 7.7, '1'),
(1132, 25, 'FB7737', 1, 7.7, '1'),
(1133, 25, 'GL3842', 1, 7.7, '1'),
(1134, 25, 'IA8993', 1, 7.7, '1'),
(1135, 25, 'IQ8729', 1, 7.7, '1'),
(1136, 25, 'JJ2182', 1, 7.7, '1'),
(1137, 25, 'JM1958', 1, 7.7, '1'),
(1138, 25, 'JM2892', 1, 7.7, '1'),
(1139, 25, 'LR6137', 1, 7.7, '1'),
(1140, 25, 'MH6433', 1, 7.7, '1'),
(1141, 25, 'MM4383', 1, 7.7, '1'),
(1142, 25, 'MP3665', 1, 7.7, '1'),
(1143, 25, 'NR5288', 1, 7.7, '1'),
(1144, 25, 'OD7389', 1, 7.7, '1'),
(1145, 25, 'AC9757', 1, 8.05, '1'),
(1146, 25, 'AF6686', 1, 8.05, '1'),
(1147, 25, 'AV1432', 1, 8.05, '1'),
(1148, 25, 'BN8146', 1, 8.05, '1'),
(1149, 25, 'CG6284', 1, 8.05, '1'),
(1150, 25, 'CM1768', 1, 8.05, '1'),
(1151, 25, 'CP2577', 1, 8.05, '1'),
(1152, 25, 'CV1817', 1, 8.05, '1'),
(1153, 25, 'EF2321', 1, 8.05, '1'),
(1154, 25, 'FN9269', 1, 8.05, '1'),
(1155, 25, 'IP9464', 1, 8.05, '1'),
(1156, 25, 'JÁ1787', 1, 8.05, '1'),
(1157, 25, 'JA6979', 1, 8.05, '1'),
(1158, 25, 'JF6956', 1, 8.05, '1'),
(1159, 25, 'JF9166', 1, 8.05, '1'),
(1160, 25, 'JM6166', 1, 8.05, '1'),
(1161, 25, 'JP1338', 1, 8.05, '1'),
(1162, 25, 'JP9542', 1, 8.05, '1'),
(1163, 25, 'JS1631', 1, 8.05, '1'),
(1164, 25, 'JS5228', 1, 8.05, '1'),
(1165, 25, 'LG3866', 1, 8.05, '1'),
(1166, 25, 'AV2194', 1, 8.05, '1'),
(1167, 25, 'AV9782', 1, 8.05, '1'),
(1168, 25, 'CF7283', 1, 8.05, '1'),
(1169, 25, 'CR3815', 1, 8.05, '1'),
(1170, 25, 'DA6344', 1, 8.05, '1'),
(1171, 25, 'DC7557', 1, 8.05, '1'),
(1172, 25, 'DV6321', 1, 8.05, '1'),
(1173, 25, 'EL4666', 1, 8.05, '1'),
(1174, 25, 'EP9486', 1, 8.05, '1'),
(1175, 25, 'ER2461', 1, 8.05, '1'),
(1176, 25, 'FM6585', 1, 8.05, '1'),
(1177, 25, 'FR8934', 1, 8.05, '1'),
(1178, 25, 'FT1489', 1, 8.05, '1'),
(1179, 25, 'FV5729', 1, 8.05, '1'),
(1180, 25, 'GM3695', 1, 8.05, '1'),
(1181, 25, 'JL5461', 1, 8.05, '1'),
(1182, 25, 'JM4873', 1, 8.05, '1'),
(1183, 25, 'JR3327', 1, 8.05, '1'),
(1184, 25, 'KL8952', 1, 8.05, '1'),
(1185, 25, 'LA2352', 1, 8.05, '1'),
(1186, 25, 'LS1267', 1, 8.05, '1'),
(1187, 25, 'MÁ5258', 1, 8.05, '1'),
(1188, 25, 'MA9739', 1, 8.05, '1'),
(1189, 25, 'OP9186', 1, 8.05, '1'),
(1190, 25, 'OR5469', 1, 8.05, '1'),
(1191, 25, 'PV2487', 1, 8.05, '1'),
(1192, 25, 'AJ3557', 1, 8.05, '1'),
(1193, 25, 'AL1951', 1, 8.05, '1'),
(1194, 25, 'AT5162', 1, 8.05, '1'),
(1195, 25, 'AV5191', 1, 8.05, '1'),
(1196, 25, 'BL2957', 1, 8.05, '1'),
(1197, 25, 'BO2759', 1, 8.05, '1'),
(1198, 25, 'DR7596', 1, 8.05, '1'),
(1199, 25, 'DR8694', 1, 8.05, '1'),
(1200, 25, 'EM8842', 1, 8.05, '1'),
(1201, 25, 'GM2229', 1, 8.05, '1'),
(1202, 25, 'GV2633', 1, 8.05, '1'),
(1203, 25, 'IB1332', 1, 8.05, '1'),
(1204, 25, 'IP9558', 1, 8.05, '1'),
(1205, 25, 'JÁ7773', 1, 8.05, '1'),
(1206, 25, 'JB7154', 1, 8.05, '1'),
(1207, 25, 'JC8281', 1, 8.05, '1'),
(1208, 25, 'JG8863', 1, 8.05, '1'),
(1209, 25, 'JP6494', 1, 8.05, '1'),
(1210, 25, 'JQ9587', 1, 8.05, '1'),
(1211, 25, 'KO6831', 1, 8.05, '1'),
(1212, 25, 'LC8432', 1, 8.05, '1'),
(1213, 25, 'LQ3145', 1, 8.05, '1'),
(1214, 25, 'MF1821', 1, 8.05, '1'),
(1215, 25, 'MN2956', 1, 8.05, '1'),
(1216, 25, 'MQ5455', 1, 8.05, '1'),
(1217, 25, 'MR3799', 1, 8.05, '1'),
(1218, 5, 'AC5563', 1, 8.05, '1'),
(1219, 5, 'AM1638', 1, 8.05, '1'),
(1220, 5, 'ÁN9224', 1, 8.05, '1'),
(1221, 5, 'ÁR5923', 1, 8.05, '1'),
(1222, 5, 'AR7259', 1, 8.05, '1'),
(1223, 5, 'CL9634', 1, 8.05, '1'),
(1224, 5, 'DJ1737', 1, 8.05, '1'),
(1225, 5, 'DR7348', 1, 8.05, '1'),
(1226, 5, 'DV9275', 1, 8.39965, '1'),
(1227, 5, 'EA4795', 1, 8.05, '1'),
(1228, 5, 'EP4352', 1, 8.05, '1'),
(1229, 5, 'ES9328', 1, 8.05, '1'),
(1230, 5, 'FC1423', 1, 8.05, '1'),
(1231, 5, 'GG3259', 1, 8.05, '1'),
(1232, 5, 'HP7681', 1, 8.05, '1'),
(1233, 5, 'JA2924', 1, 8.05, '1'),
(1234, 5, 'JA3561', 1, 8.05, '1'),
(1235, 5, 'JG7323', 1, 8.05, '1'),
(1236, 5, 'JG8296', 1, 8.05, '1'),
(1237, 5, 'JM7153', 1, 8.05, '1'),
(1238, 5, 'JQ8827', 1, 8.05, '1'),
(1239, 5, 'JR2253', 1, 8.05, '1'),
(1240, 5, 'JS1311', 1, 8.05, '1'),
(1241, 5, 'JT3175', 1, 7.7, '1'),
(1242, 5, 'LP3696', 1, 8.05, '1'),
(1243, 5, 'LP6885', 1, 8.05, '1'),
(1244, 5, 'MC8646', 1, 8.05, '1'),
(1245, 5, 'ML9342', 1, 8.05, '1'),
(1246, 5, 'RG8592', 1, 8.05, '1'),
(1247, 5, 'RS9179', 1, 8.05, '1'),
(1248, 5, 'SC6342', 1, 8.05, '1'),
(1249, 6, 'AG3433', 1, 8.05, '1'),
(1250, 6, 'AR5325', 1, 8.05, '1'),
(1251, 6, 'BQ2628', 1, 8.05, '1'),
(1252, 6, 'CD8339', 1, 8.05, '1'),
(1253, 6, 'CL7913', 1, 8.05, '1'),
(1254, 6, 'ER1971', 1, 8.05, '1'),
(1255, 6, 'ER8677', 1, 8.05, '1'),
(1256, 6, 'ET6197', 1, 8.05, '1'),
(1257, 6, 'FB7737', 1, 8.05, '1'),
(1258, 6, 'GL3842', 1, 8.05, '1'),
(1259, 6, 'IA8993', 1, 8.05, '1'),
(1260, 6, 'IQ8729', 1, 8.05, '1'),
(1261, 6, 'JJ2182', 1, 8.05, '1'),
(1262, 6, 'JM1958', 1, 8.05, '1'),
(1263, 6, 'JM2892', 1, 8.05, '1'),
(1264, 6, 'LR6137', 1, 8.05, '1'),
(1265, 6, 'MH6433', 1, 8.05, '1'),
(1266, 6, 'MM4383', 1, 8.05, '1'),
(1267, 6, 'MP3665', 1, 8.05, '1'),
(1268, 6, 'NR5288', 1, 8.05, '1'),
(1269, 6, 'OD7389', 1, 8.05, '1'),
(1270, 20, 'AD8319', 1, 8.05, '1'),
(1271, 20, 'AG4952', 1, 8.05, '1'),
(1272, 20, 'AR6451', 1, 8.05, '1'),
(1273, 20, 'BC4314', 1, 8.05, '1'),
(1274, 20, 'BR6494', 1, 8.05, '1'),
(1275, 20, 'EA1458', 1, 8.05, '1'),
(1276, 20, 'EH6526', 1, 8.05, '1'),
(1277, 20, 'EJ1516', 1, 8.05, '1'),
(1278, 20, 'EM7732', 1, 8.05, '1'),
(1279, 20, 'GG2548', 1, 8.05, '1'),
(1280, 20, 'IC9111', 1, 8.05, '1'),
(1281, 20, 'JA9221', 1, 8.05, '1'),
(1282, 20, 'JF8851', 1, 8.05, '1'),
(1283, 20, 'JG7617', 1, 8.05, '1'),
(1284, 20, 'JR5157', 1, 8.05, '1'),
(1285, 20, 'JR7361', 1, 8.05, '1'),
(1286, 20, 'JR9444', 1, 8.05, '1'),
(1287, 20, 'JS7314', 1, 8.05, '1'),
(1288, 20, 'JV6732', 1, 8.05, '1'),
(1289, 20, 'MS6856', 1, 8.05, '1'),
(1290, 20, 'OO1499', 1, 8.05, '1'),
(1291, 18, 'AC5755', 1, 7.7, '1'),
(1292, 18, 'AS7999', 1, 7.7, '1'),
(1293, 18, 'BA3564', 1, 7.7, '1'),
(1294, 18, 'BM7119', 1, 7.7, '1'),
(1295, 18, 'CL9294', 1, 7.7, '1'),
(1296, 18, 'CP7186', 1, 7.7, '1'),
(1297, 18, 'DR7987', 1, 7.7, '1'),
(1298, 18, 'DS5899', 1, 7.7, '1'),
(1299, 18, 'EP2846', 1, 7.7, '1'),
(1300, 18, 'FV5372', 1, 7.7, '1'),
(1301, 18, 'GR9232', 1, 7.7, '1'),
(1302, 18, 'IJ2434', 1, 7.7, '1'),
(1303, 18, 'JF6695', 1, 7.7, '1'),
(1304, 18, 'JG8253', 1, 7.7, '1'),
(1305, 18, 'JH1242', 1, 7.7, '1'),
(1306, 18, 'JM5279', 1, 7.7, '1'),
(1307, 18, 'JS5299', 1, 7.7, '1'),
(1308, 18, 'LC2335', 1, 7.7, '1'),
(1309, 18, 'LM8535', 1, 7.7, '1'),
(1310, 18, 'SP1535', 1, 7.7, '1'),
(1311, 18, 'SS6823', 1, 7.7, '1'),
(1312, 11, 'AS1983', 2, 8.05, '1'),
(1313, 11, 'BS9588', 2, 8.05, '1'),
(1314, 11, 'DB4645', 2, 8.05, '1'),
(1315, 11, 'ER8335', 2, 8.05, '1'),
(1316, 11, 'FT9543', 2, 8.05, '1'),
(1317, 11, 'GG5559', 2, 8.05, '1'),
(1318, 11, 'IA3668', 2, 8.05, '1'),
(1319, 11, 'JA6681', 2, 8.05, '1'),
(1320, 11, 'JL7274', 2, 8.05, '1'),
(1321, 11, 'KÁ4733', 2, 8.05, '1'),
(1322, 11, 'LM5852', 2, 8.05, '1'),
(1323, 11, 'LR3335', 2, 8.05, '1'),
(1324, 11, 'MD4436', 2, 8.05, '1'),
(1325, 11, 'MM4921', 2, 8.05, '1'),
(1326, 11, 'MR6891', 2, 8.05, '1'),
(1327, 11, 'MS8242', 2, 8.05, '1'),
(1328, 11, 'AC5563', 2, 8.05, '1'),
(1329, 11, 'AM1638', 2, 8.05, '1'),
(1330, 11, 'ÁN9224', 2, 8.05, '1'),
(1331, 11, 'ÁR5923', 2, 8.05, '1'),
(1332, 11, 'AR7259', 2, 8.05, '1'),
(1333, 11, 'CL9634', 2, 8.05, '1'),
(1334, 11, 'DJ1737', 2, 8.05, '1'),
(1335, 11, 'DR7348', 2, 8.05, '1'),
(1336, 11, 'DV9275', 2, 8.05, '1'),
(1337, 11, 'EA4795', 2, 8.05, '1'),
(1338, 11, 'EP4352', 2, 8.05, '1'),
(1339, 11, 'ES9328', 2, 8.05, '1'),
(1340, 11, 'FC1423', 2, 8.05, '1'),
(1341, 11, 'GG3259', 2, 8.05, '1'),
(1342, 11, 'HP7681', 2, 8.05, '1'),
(1343, 11, 'JA2924', 2, 8.05, '1'),
(1344, 11, 'JA3561', 2, 8.05, '1'),
(1345, 11, 'JG7323', 2, 8.05, '1'),
(1346, 11, 'JG8296', 2, 8.05, '1'),
(1347, 11, 'JM7153', 2, 8.05, '1'),
(1348, 11, 'JQ8827', 2, 8.05, '1'),
(1349, 11, 'JR2253', 2, 8.05, '1'),
(1350, 11, 'JS1311', 2, 8.05, '1'),
(1351, 11, 'JT3175', 2, 8.05, '1'),
(1352, 11, 'LP3696', 2, 8.05, '1'),
(1353, 11, 'LP6885', 2, 8.05, '1'),
(1354, 11, 'MC8646', 2, 8.05, '1'),
(1355, 11, 'ML9342', 2, 8.05, '1'),
(1356, 11, 'RG8592', 2, 8.05, '1'),
(1357, 11, 'RS9179', 2, 8.05, '1'),
(1358, 11, 'SC6342', 2, 8.05, '1'),
(1359, 11, 'AG5462', 2, 8.05, '1'),
(1360, 11, 'AP7669', 2, 8.05, '1'),
(1361, 11, 'BR9523', 2, 8.05, '1'),
(1362, 11, 'CC2413', 2, 8.05, '1'),
(1363, 11, 'DV2282', 2, 8.05, '1'),
(1364, 11, 'ES3336', 2, 8.05, '1'),
(1365, 11, 'GM2599', 2, 8.05, '1'),
(1366, 11, 'GR7387', 2, 8.05, '1'),
(1367, 11, 'IP4186', 2, 8.05, '1'),
(1368, 11, 'JF6817', 2, 8.05, '1'),
(1369, 11, 'JO5431', 2, 8.05, '1'),
(1370, 11, 'JR8381', 2, 8.05, '1'),
(1371, 11, 'JV9236', 2, 8.05, '1'),
(1372, 11, 'KM6618', 2, 8.05, '1'),
(1373, 11, 'LC4825', 2, 8.05, '1'),
(1374, 11, 'LM7791', 2, 8.05, '1'),
(1375, 11, 'LO5959', 2, 8.05, '1'),
(1376, 11, 'MA9567', 2, 8.05, '1'),
(1377, 11, 'MD9555', 2, 8.05, '1'),
(1378, 11, 'MM4716', 2, 8.05, '1'),
(1379, 11, 'NR2346', 2, 8.05, '1'),
(1380, 11, 'PC6556', 2, 8.05, '1'),
(1381, 11, 'PG4466', 2, 8.05, '1'),
(1382, 11, 'RA5176', 2, 8.05, '1'),
(1383, 11, 'RV4421', 2, 8.05, '1'),
(1384, 11, 'RV5182', 2, 8.05, '1'),
(1385, 11, 'AC8372', 2, 7.35, '1'),
(1386, 11, 'ÁT4399', 2, 7.35, '1'),
(1387, 11, 'BC3517', 2, 7.35, '1'),
(1388, 11, 'BG9639', 2, 7.35, '1'),
(1389, 11, 'CG3314', 2, 7.35, '1'),
(1390, 11, 'CG8874', 2, 7.35, '1'),
(1391, 11, 'EF1291', 2, 7.35, '1'),
(1392, 11, 'ER1325', 2, 7.35, '1'),
(1393, 11, 'FL3514', 2, 7.35, '1'),
(1394, 11, 'FP2126', 2, 7.35, '1'),
(1395, 11, 'GF9739', 2, 7.35, '1'),
(1396, 11, 'IP1554', 2, 7.35, '1'),
(1397, 11, 'IV6296', 2, 7.35, '1'),
(1398, 11, 'IV9459', 2, 7.35, '1'),
(1399, 11, 'JC1912', 2, 7.35, '1'),
(1400, 11, 'JJ8389', 2, 7.35, '1'),
(1401, 11, 'JM9226', 2, 7.35, '1'),
(1402, 11, 'LP9455', 2, 7.35, '1'),
(1403, 11, 'MC4456', 2, 7.35, '1'),
(1404, 11, 'MO3283', 2, 7.35, '1'),
(1405, 11, 'MS4199', 2, 7.35, '1'),
(1406, 14, 'AS1983', 2, 8.05, '1'),
(1407, 14, 'BS9588', 2, 8.05, '1'),
(1408, 14, 'DB4645', 2, 8.05, '1'),
(1409, 14, 'ER8335', 2, 8.05, '1'),
(1410, 14, 'FT9543', 2, 8.05, '1'),
(1411, 14, 'GG5559', 2, 8.05, '1'),
(1412, 14, 'IA3668', 2, 8.05, '1'),
(1413, 14, 'JA6681', 2, 8.05, '1'),
(1414, 14, 'JL7274', 2, 8.05, '1'),
(1415, 14, 'KÁ4733', 2, 8.05, '1'),
(1416, 14, 'LM5852', 2, 8.05, '1'),
(1417, 14, 'LR3335', 2, 8.05, '1'),
(1418, 14, 'MD4436', 2, 8.05, '1'),
(1419, 14, 'MM4921', 2, 8.05, '1'),
(1420, 14, 'MR6891', 2, 8.05, '1'),
(1421, 14, 'MS8242', 2, 8.05, '1'),
(1422, 14, 'AC5563', 2, 8.05, '1'),
(1423, 14, 'AM1638', 2, 8.05, '1'),
(1424, 14, 'ÁN9224', 2, 8.05, '1'),
(1425, 14, 'ÁR5923', 2, 8.05, '1'),
(1426, 14, 'AR7259', 2, 8.05, '1'),
(1427, 14, 'CL9634', 2, 8.05, '1'),
(1428, 14, 'DJ1737', 2, 8.05, '1'),
(1429, 14, 'DR7348', 2, 8.05, '1'),
(1430, 14, 'DV9275', 2, 8.05, '1'),
(1431, 14, 'EA4795', 2, 8.05, '1'),
(1432, 14, 'EP4352', 2, 8.05, '1'),
(1433, 14, 'ES9328', 2, 8.05, '1'),
(1434, 14, 'FC1423', 2, 8.05, '1'),
(1435, 14, 'GG3259', 2, 8.05, '1'),
(1436, 14, 'HP7681', 2, 8.05, '1'),
(1437, 14, 'JA2924', 2, 8.05, '1'),
(1438, 14, 'JA3561', 2, 8.05, '1'),
(1439, 14, 'JG7323', 2, 8.05, '1'),
(1440, 14, 'JG8296', 2, 8.05, '1'),
(1441, 14, 'JM7153', 2, 8.05, '1'),
(1442, 14, 'JQ8827', 2, 8.05, '1'),
(1443, 14, 'JR2253', 2, 8.05, '1'),
(1444, 14, 'JS1311', 2, 8.05, '1'),
(1445, 14, 'JT3175', 2, 8.05, '1'),
(1446, 14, 'LP3696', 2, 8.05, '1'),
(1447, 14, 'LP6885', 2, 8.05, '1'),
(1448, 14, 'MC8646', 2, 8.05, '1'),
(1449, 14, 'ML9342', 2, 8.05, '1'),
(1450, 14, 'RG8592', 2, 8.05, '1'),
(1451, 14, 'RS9179', 2, 8.05, '1'),
(1452, 14, 'SC6342', 2, 8.05, '1'),
(1453, 14, 'AG5462', 2, 8.05, '1'),
(1454, 14, 'AP7669', 2, 8.05, '1'),
(1455, 14, 'BR9523', 2, 8.05, '1'),
(1456, 14, 'CC2413', 2, 8.05, '1'),
(1457, 14, 'DV2282', 2, 8.05, '1'),
(1458, 14, 'ES3336', 2, 8.05, '1'),
(1459, 14, 'GM2599', 2, 8.05, '1'),
(1460, 14, 'GR7387', 2, 8.05, '1'),
(1461, 14, 'IP4186', 2, 8.05, '1'),
(1462, 14, 'JF6817', 2, 8.4, '1'),
(1463, 14, 'JO5431', 2, 8.05, '1'),
(1464, 14, 'JR8381', 2, 8.05, '1'),
(1465, 14, 'JV9236', 2, 8.05, '1'),
(1466, 14, 'KM6618', 2, 8.05, '1'),
(1467, 14, 'LC4825', 2, 8.05, '1'),
(1468, 14, 'LM7791', 2, 8.05, '1'),
(1469, 14, 'LO5959', 2, 8.05, '1'),
(1470, 14, 'MA9567', 2, 8.05, '1'),
(1471, 14, 'MD9555', 2, 8.05, '1'),
(1472, 14, 'MM4716', 2, 8.05, '1'),
(1473, 14, 'NR2346', 2, 8.05, '1'),
(1474, 14, 'PC6556', 2, 8.05, '1'),
(1475, 14, 'PG4466', 2, 8.05, '1'),
(1476, 14, 'RA5176', 2, 8.057, '1'),
(1477, 14, 'RV4421', 2, 8.05, '1'),
(1478, 14, 'RV5182', 2, 8.05, '1'),
(1479, 14, 'AC8372', 2, 8.05, '1'),
(1480, 14, 'ÁT4399', 2, 8.05, '1'),
(1481, 14, 'BC3517', 2, 8.05, '1'),
(1482, 14, 'BG9639', 2, 8.05, '1'),
(1483, 14, 'CG3314', 2, 8.05, '1'),
(1484, 14, 'CG8874', 2, 8.05, '1'),
(1485, 14, 'EF1291', 2, 8.05, '1'),
(1486, 14, 'ER1325', 2, 8.05, '1'),
(1487, 14, 'FL3514', 2, 8.05, '1'),
(1488, 14, 'FP2126', 2, 8.05, '1'),
(1489, 14, 'GF9739', 2, 8.05, '1'),
(1490, 14, 'IP1554', 2, 8.05, '1'),
(1491, 14, 'IV6296', 2, 8.05, '1'),
(1492, 14, 'IV9459', 2, 8.05, '1'),
(1493, 14, 'JC1912', 2, 8.05, '1'),
(1494, 14, 'JJ8389', 2, 8.05, '1'),
(1495, 14, 'JM9226', 2, 8.05, '1'),
(1496, 14, 'LP9455', 2, 8.05, '1'),
(1497, 14, 'MC4456', 2, 8.05, '1'),
(1498, 14, 'MO3283', 2, 8.05, '1'),
(1499, 14, 'MS4199', 2, 8.05, '1'),
(1500, 26, 'AG3433', 2, 8.05, '1'),
(1501, 26, 'AR5325', 2, 8.05, '1'),
(1502, 26, 'BQ2628', 2, 8.05, '1'),
(1503, 26, 'CD8339', 2, 8.05, '1'),
(1504, 26, 'CL7913', 2, 8.05, '1'),
(1505, 26, 'ER1971', 2, 8.05, '1'),
(1506, 26, 'ER8677', 2, 8.05, '1'),
(1507, 26, 'ET6197', 2, 8.05, '1'),
(1508, 26, 'FB7737', 2, 8.05, '1'),
(1509, 26, 'GL3842', 2, 8.05, '1'),
(1510, 26, 'IA8993', 2, 8.05, '1'),
(1511, 26, 'IQ8729', 2, 8.05, '1'),
(1512, 26, 'JJ2182', 2, 8.05, '1'),
(1513, 26, 'JM1958', 2, 8.05, '1'),
(1514, 26, 'JM2892', 2, 8.05, '1'),
(1515, 26, 'LR6137', 2, 8.05, '1'),
(1516, 26, 'MH6433', 2, 8.05, '1'),
(1517, 26, 'MM4383', 2, 8.05, '1'),
(1518, 26, 'MP3665', 2, 8.05, '1'),
(1519, 26, 'NR5288', 2, 8.05, '1'),
(1520, 26, 'OD7389', 2, 8.05, '1'),
(1521, 26, 'AC9757', 2, 7.35, '1'),
(1522, 26, 'AF6686', 2, 7.7, '1'),
(1523, 26, 'AV1432', 2, 7.7, '1'),
(1524, 26, 'BN8146', 2, 7.7, '1');
INSERT INTO `averages` (`idAverage`, `idSubject`, `idStudent`, `idPeriod`, `average`, `approved`) VALUES
(1525, 26, 'CG6284', 2, 7.7, '1'),
(1526, 26, 'CM1768', 2, 7.7, '1'),
(1527, 26, 'CP2577', 2, 7.7, '1'),
(1528, 26, 'CV1817', 2, 7.7, '1'),
(1529, 26, 'EF2321', 2, 7.7, '1'),
(1530, 26, 'FN9269', 2, 7.7, '1'),
(1531, 26, 'IP9464', 2, 7.7, '1'),
(1532, 26, 'JÁ1787', 2, 7.7, '1'),
(1533, 26, 'JA6979', 2, 7.7, '1'),
(1534, 26, 'JF6956', 2, 7.7, '1'),
(1535, 26, 'JF9166', 2, 7.7, '1'),
(1536, 26, 'JM6166', 2, 7.7, '1'),
(1537, 26, 'JP1338', 2, 7.7, '1'),
(1538, 26, 'JP9542', 2, 7.7, '1'),
(1539, 26, 'JS1631', 2, 7.7, '1'),
(1540, 26, 'JS5228', 2, 7.7, '1'),
(1541, 26, 'LG3866', 2, 7.7, '1'),
(1542, 26, 'AV2194', 2, 8.05, '1'),
(1543, 26, 'AV9782', 2, 8.05, '1'),
(1544, 26, 'CF7283', 2, 8.05, '1'),
(1545, 26, 'CR3815', 2, 8.05, '1'),
(1546, 26, 'DA6344', 2, 8.05, '1'),
(1547, 26, 'DC7557', 2, 8.05, '1'),
(1548, 26, 'DV6321', 2, 8.05, '1'),
(1549, 26, 'EL4666', 2, 8.05, '1'),
(1550, 26, 'EP9486', 2, 8.05, '1'),
(1551, 26, 'ER2461', 2, 8.05, '1'),
(1552, 26, 'FM6585', 2, 8.05, '1'),
(1553, 26, 'FR8934', 2, 8.05, '1'),
(1554, 26, 'FT1489', 2, 8.05, '1'),
(1555, 26, 'FV5729', 2, 8.05, '1'),
(1556, 26, 'GM3695', 2, 8.05, '1'),
(1557, 26, 'JL5461', 2, 8.05, '1'),
(1558, 26, 'JM4873', 2, 8.05, '1'),
(1559, 26, 'JR3327', 2, 8.05, '1'),
(1560, 26, 'KL8952', 2, 8.05, '1'),
(1561, 26, 'LA2352', 2, 8.05, '1'),
(1562, 26, 'LS1267', 2, 8.05, '1'),
(1563, 26, 'MÁ5258', 2, 8.05, '1'),
(1564, 26, 'MA9739', 2, 8.05, '1'),
(1565, 26, 'OP9186', 2, 8.05, '1'),
(1566, 26, 'OR5469', 2, 8.05, '1'),
(1567, 26, 'PV2487', 2, 8.05, '1'),
(1568, 26, 'AJ3557', 2, 8.05, '1'),
(1569, 26, 'AL1951', 2, 8.05, '1'),
(1570, 26, 'AT5162', 2, 8.05, '1'),
(1571, 26, 'AV5191', 2, 8.05, '1'),
(1572, 26, 'BL2957', 2, 8.05, '1'),
(1573, 26, 'BO2759', 2, 8.05, '1'),
(1574, 26, 'DR7596', 2, 8.05, '1'),
(1575, 26, 'DR8694', 2, 8.05, '1'),
(1576, 26, 'EM8842', 2, 8.05, '1'),
(1577, 26, 'GM2229', 2, 8.05, '1'),
(1578, 26, 'GV2633', 2, 8.05, '1'),
(1579, 26, 'IB1332', 2, 8.05, '1'),
(1580, 26, 'IP9558', 2, 8.05, '1'),
(1581, 26, 'JÁ7773', 2, 8.05, '1'),
(1582, 26, 'JB7154', 2, 8.05, '1'),
(1583, 26, 'JC8281', 2, 8.05, '1'),
(1584, 26, 'JG8863', 2, 8.015, '1'),
(1585, 26, 'JP6494', 2, 8.05, '1'),
(1586, 26, 'JQ9587', 2, 8.05, '1'),
(1587, 26, 'KO6831', 2, 8.05, '1'),
(1588, 26, 'LC8432', 2, 8.05, '1'),
(1589, 26, 'LQ3145', 2, 8.05, '1'),
(1590, 26, 'MF1821', 2, 8.05, '1'),
(1591, 26, 'MN2956', 2, 8.05, '1'),
(1592, 26, 'MQ5455', 2, 8.05, '1'),
(1593, 26, 'MR3799', 2, 8.05, '1'),
(1594, 27, 'AG3433', 2, 8.05, '1'),
(1595, 27, 'AR5325', 2, 8.05, '1'),
(1596, 27, 'BQ2628', 2, 8.05, '1'),
(1597, 27, 'CD8339', 2, 8.05, '1'),
(1598, 27, 'CL7913', 2, 8.05, '1'),
(1599, 27, 'ER1971', 2, 8.05, '1'),
(1600, 27, 'ER8677', 2, 8.05, '1'),
(1601, 27, 'ET6197', 2, 8.05, '1'),
(1602, 27, 'FB7737', 2, 8.05, '1'),
(1603, 27, 'GL3842', 2, 8.05, '1'),
(1604, 27, 'IA8993', 2, 8.05, '1'),
(1605, 27, 'IQ8729', 2, 8.05, '1'),
(1606, 27, 'JJ2182', 2, 8.05, '1'),
(1607, 27, 'JM1958', 2, 8.05, '1'),
(1608, 27, 'JM2892', 2, 8.05, '1'),
(1609, 27, 'LR6137', 2, 8.05, '1'),
(1610, 27, 'MH6433', 2, 8.05, '1'),
(1611, 27, 'MM4383', 2, 8.05, '1'),
(1612, 27, 'MP3665', 2, 8.05, '1'),
(1613, 27, 'NR5288', 2, 8.05, '1'),
(1614, 27, 'OD7389', 2, 8.05, '1'),
(1615, 27, 'AC9757', 2, 7.7, '1'),
(1616, 27, 'AF6686', 2, 7.7, '1'),
(1617, 27, 'AV1432', 2, 7.7, '1'),
(1618, 27, 'BN8146', 2, 7.7, '1'),
(1619, 27, 'CG6284', 2, 7.7, '1'),
(1620, 27, 'CM1768', 2, 7.7, '1'),
(1621, 27, 'CP2577', 2, 7.7, '1'),
(1622, 27, 'CV1817', 2, 7.7, '1'),
(1623, 27, 'EF2321', 2, 7.7, '1'),
(1624, 27, 'FN9269', 2, 7.7, '1'),
(1625, 27, 'IP9464', 2, 7.7, '1'),
(1626, 27, 'JÁ1787', 2, 7.7, '1'),
(1627, 27, 'JA6979', 2, 7.7, '1'),
(1628, 27, 'JF6956', 2, 7.7, '1'),
(1629, 27, 'JF9166', 2, 7.7, '1'),
(1630, 27, 'JM6166', 2, 7.7, '1'),
(1631, 27, 'JP1338', 2, 7.7, '1'),
(1632, 27, 'JP9542', 2, 7.7, '1'),
(1633, 27, 'JS1631', 2, 7.7, '1'),
(1634, 27, 'JS5228', 2, 7.7, '1'),
(1635, 27, 'LG3866', 2, 7.7, '1'),
(1636, 27, 'AV2194', 2, 8.05, '1'),
(1637, 27, 'AV9782', 2, 8.05, '1'),
(1638, 27, 'CF7283', 2, 8.05, '1'),
(1639, 27, 'CR3815', 2, 8.05, '1'),
(1640, 27, 'DA6344', 2, 8.05, '1'),
(1641, 27, 'DC7557', 2, 8.05, '1'),
(1642, 27, 'DV6321', 2, 8.05, '1'),
(1643, 27, 'EL4666', 2, 8.05, '1'),
(1644, 27, 'EP9486', 2, 8.05, '1'),
(1645, 27, 'ER2461', 2, 8.05, '1'),
(1646, 27, 'FM6585', 2, 8.05, '1'),
(1647, 27, 'FR8934', 2, 8.05, '1'),
(1648, 27, 'FT1489', 2, 8.05, '1'),
(1649, 27, 'FV5729', 2, 8.05, '1'),
(1650, 27, 'GM3695', 2, 8.05, '1'),
(1651, 27, 'JL5461', 2, 8.05, '1'),
(1652, 27, 'JM4873', 2, 8.05, '1'),
(1653, 27, 'JR3327', 2, 8.05, '1'),
(1654, 27, 'KL8952', 2, 8.05, '1'),
(1655, 27, 'LA2352', 2, 8.05, '1'),
(1656, 27, 'LS1267', 2, 8.05, '1'),
(1657, 27, 'MÁ5258', 2, 8.05, '1'),
(1658, 27, 'MA9739', 2, 8.05, '1'),
(1659, 27, 'OP9186', 2, 8.05, '1'),
(1660, 27, 'OR5469', 2, 8.05, '1'),
(1661, 27, 'PV2487', 2, 8.05, '1'),
(1662, 27, 'AJ3557', 2, 7.35, '1'),
(1663, 27, 'AL1951', 2, 7.35, '1'),
(1664, 27, 'AT5162', 2, 7.35, '1'),
(1665, 27, 'AV5191', 2, 7.35, '1'),
(1666, 27, 'BL2957', 2, 7.35, '1'),
(1667, 27, 'BO2759', 2, 7.35, '1'),
(1668, 27, 'DR7596', 2, 7.35, '1'),
(1669, 27, 'DR8694', 2, 7.35, '1'),
(1670, 27, 'EM8842', 2, 7.35, '1'),
(1671, 27, 'GM2229', 2, 7.35, '1'),
(1672, 27, 'GV2633', 2, 7.35, '1'),
(1673, 27, 'IB1332', 2, 7.35, '1'),
(1674, 27, 'IP9558', 2, 7.35, '1'),
(1675, 27, 'JÁ7773', 2, 7.35, '1'),
(1676, 27, 'JB7154', 2, 7.35, '1'),
(1677, 27, 'JC8281', 2, 7.35, '1'),
(1678, 27, 'JG8863', 2, 7.35, '1'),
(1679, 27, 'JP6494', 2, 7.35, '1'),
(1680, 27, 'JQ9587', 2, 7.35, '1'),
(1681, 27, 'KO6831', 2, 7.35, '1'),
(1682, 27, 'LC8432', 2, 7.35, '1'),
(1683, 27, 'LQ3145', 2, 7.35, '1'),
(1684, 27, 'MF1821', 2, 7.35, '1'),
(1685, 27, 'MN2956', 2, 7.35, '1'),
(1686, 27, 'MQ5455', 2, 7.35, '1'),
(1687, 27, 'MR3799', 2, 7.35, '1'),
(1688, 2, 'AS1983', 2, 8.05, '1'),
(1689, 2, 'BS9588', 2, 8.05, '1'),
(1690, 2, 'DB4645', 2, 8.05, '1'),
(1691, 2, 'ER8335', 2, 8.05, '1'),
(1692, 2, 'FT9543', 2, 8.05, '1'),
(1693, 2, 'GG5559', 2, 8.05, '1'),
(1694, 2, 'IA3668', 2, 8.05, '1'),
(1695, 2, 'JA6681', 2, 8.05, '1'),
(1696, 2, 'JL7274', 2, 8.05, '1'),
(1697, 2, 'KÁ4733', 2, 8.05, '1'),
(1698, 2, 'LM5852', 2, 8.05, '1'),
(1699, 2, 'LR3335', 2, 8.05, '1'),
(1700, 2, 'MD4436', 2, 8.05, '1'),
(1701, 2, 'MM4921', 2, 8.05, '1'),
(1702, 2, 'MR6891', 2, 8.05, '1'),
(1703, 2, 'MS8242', 2, 8.05, '1'),
(1704, 2, 'AC5563', 2, 8.05, '1'),
(1705, 2, 'AM1638', 2, 8.05, '1'),
(1706, 2, 'ÁN9224', 2, 8.05, '1'),
(1707, 2, 'ÁR5923', 2, 8.05, '1'),
(1708, 2, 'AR7259', 2, 8.05, '1'),
(1709, 2, 'CL9634', 2, 8.05, '1'),
(1710, 2, 'DJ1737', 2, 8.05, '1'),
(1711, 2, 'DR7348', 2, 8.05, '1'),
(1712, 2, 'DV9275', 2, 8.05, '1'),
(1713, 2, 'EA4795', 2, 8.05, '1'),
(1714, 2, 'EP4352', 2, 8.05, '1'),
(1715, 2, 'ES9328', 2, 8.05, '1'),
(1716, 2, 'FC1423', 2, 8.05, '1'),
(1717, 2, 'GG3259', 2, 8.05, '1'),
(1718, 2, 'HP7681', 2, 8.05, '1'),
(1719, 2, 'JA2924', 2, 8.05, '1'),
(1720, 2, 'JA3561', 2, 8.05, '1'),
(1721, 2, 'JG7323', 2, 8.05, '1'),
(1722, 2, 'JG8296', 2, 8.05, '1'),
(1723, 2, 'JM7153', 2, 8.05, '1'),
(1724, 2, 'JQ8827', 2, 8.05, '1'),
(1725, 2, 'JR2253', 2, 8.05, '1'),
(1726, 2, 'JS1311', 2, 8.05, '1'),
(1727, 2, 'JT3175', 2, 8.05, '1'),
(1728, 2, 'LP3696', 2, 8.05, '1'),
(1729, 2, 'LP6885', 2, 8.05, '1'),
(1730, 2, 'MC8646', 2, 8.05, '1'),
(1731, 2, 'ML9342', 2, 8.05, '1'),
(1732, 2, 'RG8592', 2, 8.05, '1'),
(1733, 2, 'RS9179', 2, 8.05, '1'),
(1734, 2, 'SC6342', 2, 8.05, '1'),
(1735, 2, 'AG5462', 2, 8.05, '1'),
(1736, 2, 'AP7669', 2, 8.05, '1'),
(1737, 2, 'BR9523', 2, 8.05, '1'),
(1738, 2, 'CC2413', 2, 8.05, '1'),
(1739, 2, 'DV2282', 2, 8.05, '1'),
(1740, 2, 'ES3336', 2, 8.05, '1'),
(1741, 2, 'GM2599', 2, 8.05, '1'),
(1742, 2, 'GR7387', 2, 8.05, '1'),
(1743, 2, 'IP4186', 2, 8.05, '1'),
(1744, 2, 'JF6817', 2, 8.05, '1'),
(1745, 2, 'JO5431', 2, 8.05, '1'),
(1746, 2, 'JR8381', 2, 8.05, '1'),
(1747, 2, 'JV9236', 2, 8.05, '1'),
(1748, 2, 'KM6618', 2, 8.05, '1'),
(1749, 2, 'LC4825', 2, 8.05, '1'),
(1750, 2, 'LM7791', 2, 8.05, '1'),
(1751, 2, 'LO5959', 2, 8.05, '1'),
(1752, 2, 'MA9567', 2, 8.05, '1'),
(1753, 2, 'MD9555', 2, 8.05, '1'),
(1754, 2, 'MM4716', 2, 8.05, '1'),
(1755, 2, 'NR2346', 2, 8.05, '1'),
(1756, 2, 'PC6556', 2, 8.05, '1'),
(1757, 2, 'PG4466', 2, 8.05, '1'),
(1758, 2, 'RA5176', 2, 8.05, '1'),
(1759, 2, 'RV4421', 2, 8.05, '1'),
(1760, 2, 'RV5182', 2, 8.05, '1'),
(1761, 2, 'AC8372', 2, 8.05, '1'),
(1762, 2, 'ÁT4399', 2, 8.05, '1'),
(1763, 2, 'BC3517', 2, 8.05, '1'),
(1764, 2, 'BG9639', 2, 8.05, '1'),
(1765, 2, 'CG3314', 2, 8.05, '1'),
(1766, 2, 'CG8874', 2, 8.05, '1'),
(1767, 2, 'EF1291', 2, 8.05, '1'),
(1768, 2, 'ER1325', 2, 8.05, '1'),
(1769, 2, 'FL3514', 2, 8.05, '1'),
(1770, 2, 'FP2126', 2, 8.05, '1'),
(1771, 2, 'GF9739', 2, 8.05, '1'),
(1772, 2, 'IP1554', 2, 8.05, '1'),
(1773, 2, 'IV6296', 2, 8.05, '1'),
(1774, 2, 'IV9459', 2, 8.05, '1'),
(1775, 2, 'JC1912', 2, 8.05, '1'),
(1776, 2, 'JJ8389', 2, 8.05, '1'),
(1777, 2, 'JM9226', 2, 8.05, '1'),
(1778, 2, 'LP9455', 2, 8.05, '1'),
(1779, 2, 'MC4456', 2, 8.05, '1'),
(1780, 2, 'MO3283', 2, 8.05, '1'),
(1781, 2, 'MS4199', 2, 8.05, '1'),
(1782, 23, 'AG3433', 2, 7.7, '1'),
(1783, 23, 'AR5325', 2, 7.7, '1'),
(1784, 23, 'BQ2628', 2, 7.7, '1'),
(1785, 23, 'CD8339', 2, 7.7, '1'),
(1786, 23, 'CL7913', 2, 7.7, '1'),
(1787, 23, 'ER1971', 2, 7.7, '1'),
(1788, 23, 'ER8677', 2, 8.05, '1'),
(1789, 23, 'ET6197', 2, 8.05, '1'),
(1790, 23, 'FB7737', 2, 8.05, '1'),
(1791, 23, 'GL3842', 2, 8.05, '1'),
(1792, 23, 'IA8993', 2, 8.05, '1'),
(1793, 23, 'IQ8729', 2, 8.05, '1'),
(1794, 23, 'JJ2182', 2, 8.05, '1'),
(1795, 23, 'JM1958', 2, 8.05, '1'),
(1796, 23, 'JM2892', 2, 8.05, '1'),
(1797, 23, 'LR6137', 2, 8.05, '1'),
(1798, 23, 'MH6433', 2, 8.05, '1'),
(1799, 23, 'MM4383', 2, 8.05, '1'),
(1800, 23, 'MP3665', 2, 8.05, '1'),
(1801, 23, 'NR5288', 2, 8.05, '1'),
(1802, 23, 'OD7389', 2, 8.05, '1'),
(1803, 23, 'AC9757', 2, 8.05, '1'),
(1804, 23, 'AF6686', 2, 8.05, '1'),
(1805, 23, 'AV1432', 2, 8.05, '1'),
(1806, 23, 'BN8146', 2, 8.05, '1'),
(1807, 23, 'CG6284', 2, 8.05, '1'),
(1808, 23, 'CM1768', 2, 8.05, '1'),
(1809, 23, 'CP2577', 2, 8.05, '1'),
(1810, 23, 'CV1817', 2, 8.05, '1'),
(1811, 23, 'EF2321', 2, 8.05, '1'),
(1812, 23, 'FN9269', 2, 8.05, '1'),
(1813, 23, 'IP9464', 2, 8.05, '1'),
(1814, 23, 'JÁ1787', 2, 8.05, '1'),
(1815, 23, 'JA6979', 2, 8.05, '1'),
(1816, 23, 'JF6956', 2, 8.05, '1'),
(1817, 23, 'JF9166', 2, 8.05, '1'),
(1818, 23, 'JM6166', 2, 8.05, '1'),
(1819, 23, 'JP1338', 2, 8.05, '1'),
(1820, 23, 'JP9542', 2, 8.05, '1'),
(1821, 23, 'JS1631', 2, 8.05, '1'),
(1822, 23, 'JS5228', 2, 8.05, '1'),
(1823, 23, 'LG3866', 2, 8.05, '1'),
(1824, 23, 'AV2194', 2, 8.05, '1'),
(1825, 23, 'AV9782', 2, 8.05, '1'),
(1826, 23, 'CF7283', 2, 8.05, '1'),
(1827, 23, 'CR3815', 2, 8.05, '1'),
(1828, 23, 'DA6344', 2, 8.05, '1'),
(1829, 23, 'DC7557', 2, 8.05, '1'),
(1830, 23, 'DV6321', 2, 8.05, '1'),
(1831, 23, 'EL4666', 2, 8.05, '1'),
(1832, 23, 'EP9486', 2, 8.05, '1'),
(1833, 23, 'ER2461', 2, 8.05, '1'),
(1834, 23, 'FM6585', 2, 8.05, '1'),
(1835, 23, 'FR8934', 2, 8.05, '1'),
(1836, 23, 'FT1489', 2, 8.05, '1'),
(1837, 23, 'FV5729', 2, 8.05, '1'),
(1838, 23, 'GM3695', 2, 8.05, '1'),
(1839, 23, 'JL5461', 2, 8.05, '1'),
(1840, 23, 'JM4873', 2, 8.05, '1'),
(1841, 23, 'JR3327', 2, 8.05, '1'),
(1842, 23, 'KL8952', 2, 8.05, '1'),
(1843, 23, 'LA2352', 2, 8.05, '1'),
(1844, 23, 'LS1267', 2, 8.05, '1'),
(1845, 23, 'MÁ5258', 2, 8.05, '1'),
(1846, 23, 'MA9739', 2, 8.05, '1'),
(1847, 23, 'OP9186', 2, 8.05, '1'),
(1848, 23, 'OR5469', 2, 8.05, '1'),
(1849, 23, 'PV2487', 2, 8.05, '1'),
(1850, 23, 'AJ3557', 2, 7.7, '1'),
(1851, 23, 'AL1951', 2, 7.7, '1'),
(1852, 23, 'AT5162', 2, 7.7, '1'),
(1853, 23, 'AV5191', 2, 7.7, '1'),
(1854, 23, 'BL2957', 2, 7.7, '1'),
(1855, 23, 'BO2759', 2, 7.7, '1'),
(1856, 23, 'DR7596', 2, 7.7, '1'),
(1857, 23, 'DR8694', 2, 7.7, '1'),
(1858, 23, 'EM8842', 2, 7.7, '1'),
(1859, 23, 'GM2229', 2, 7.7, '1'),
(1860, 23, 'GV2633', 2, 7.7, '1'),
(1861, 23, 'IB1332', 2, 7.7, '1'),
(1862, 23, 'IP9558', 2, 7.7, '1'),
(1863, 23, 'JÁ7773', 2, 7.7, '1'),
(1864, 23, 'JB7154', 2, 7.7, '1'),
(1865, 23, 'JC8281', 2, 7.7, '1'),
(1866, 23, 'JG8863', 2, 7.7, '1'),
(1867, 23, 'JP6494', 2, 7.7, '1'),
(1868, 23, 'JQ9587', 2, 7.7, '1'),
(1869, 23, 'KO6831', 2, 7.7, '1'),
(1870, 23, 'LC8432', 2, 7.7, '1'),
(1871, 23, 'LQ3145', 2, 7.7, '1'),
(1872, 23, 'MF1821', 2, 7.7, '1'),
(1873, 23, 'MN2956', 2, 7.7, '1'),
(1874, 23, 'MQ5455', 2, 8.05, '1'),
(1875, 23, 'MR3799', 2, 7.7, '1'),
(1876, 15, 'AC5563', 2, 8.05, '1'),
(1877, 15, 'AM1638', 2, 8.05, '1'),
(1878, 15, 'ÁN9224', 2, 8.05, '1'),
(1879, 15, 'ÁR5923', 2, 8.05, '1'),
(1880, 15, 'AR7259', 2, 8.05, '1'),
(1881, 15, 'CL9634', 2, 8.05, '1'),
(1882, 15, 'DJ1737', 2, 8.05, '1'),
(1883, 15, 'DR7348', 2, 8.05, '1'),
(1884, 15, 'DV9275', 2, 8.05, '1'),
(1885, 15, 'EA4795', 2, 8.05, '1'),
(1886, 15, 'EP4352', 2, 8.05, '1'),
(1887, 15, 'ES9328', 2, 8.05, '1'),
(1888, 15, 'FC1423', 2, 8.05, '1'),
(1889, 15, 'GG3259', 2, 8.05, '1'),
(1890, 15, 'HP7681', 2, 8.05, '1'),
(1891, 15, 'JA2924', 2, 8.05, '1'),
(1892, 15, 'JA3561', 2, 8.05, '1'),
(1893, 15, 'JG7323', 2, 8.05, '1'),
(1894, 15, 'JG8296', 2, 8.05, '1'),
(1895, 15, 'JM7153', 2, 8.05, '1'),
(1896, 15, 'JQ8827', 2, 8.05, '1'),
(1897, 15, 'JR2253', 2, 8.05, '1'),
(1898, 15, 'JS1311', 2, 8.05, '1'),
(1899, 15, 'JT3175', 2, 8.05, '1'),
(1900, 15, 'LP3696', 2, 8.05, '1'),
(1901, 15, 'LP6885', 2, 8.05, '1'),
(1902, 15, 'MC8646', 2, 8.05, '1'),
(1903, 15, 'ML9342', 2, 8.05, '1'),
(1904, 15, 'RG8592', 2, 8.05, '1'),
(1905, 15, 'RS9179', 2, 8.05, '1'),
(1906, 15, 'SC6342', 2, 8.05, '1'),
(1907, 16, 'AG3433', 2, 8.05, '1'),
(1908, 16, 'AR5325', 2, 8.05, '1'),
(1909, 16, 'BQ2628', 2, 8.05, '1'),
(1910, 16, 'CD8339', 2, 8.05, '1'),
(1911, 16, 'CL7913', 2, 8.05, '1'),
(1912, 16, 'ER1971', 2, 8.05, '1'),
(1913, 16, 'ER8677', 2, 8.05, '1'),
(1914, 16, 'ET6197', 2, 8.05, '1'),
(1915, 16, 'FB7737', 2, 8.05, '1'),
(1916, 16, 'GL3842', 2, 8.05, '1'),
(1917, 16, 'IA8993', 2, 8.05, '1'),
(1918, 16, 'IQ8729', 2, 8.05, '1'),
(1919, 16, 'JJ2182', 2, 8.05, '1'),
(1920, 16, 'JM1958', 2, 8.05, '1'),
(1921, 16, 'JM2892', 2, 8.05, '1'),
(1922, 16, 'LR6137', 2, 8.05, '1'),
(1923, 16, 'MH6433', 2, 8.05, '1'),
(1924, 16, 'MM4383', 2, 8.05, '1'),
(1925, 16, 'MP3665', 2, 8.05, '1'),
(1926, 16, 'NR5288', 2, 8.05, '1'),
(1927, 16, 'OD7389', 2, 8.05, '1'),
(1928, 1, 'AS1983', 2, 8.05, '1'),
(1929, 1, 'BS9588', 2, 8.05, '1'),
(1930, 1, 'DB4645', 2, 8.05, '1'),
(1931, 1, 'ER8335', 2, 8.05, '1'),
(1932, 1, 'FT9543', 2, 8.05, '1'),
(1933, 1, 'GG5559', 2, 8.05, '1'),
(1934, 1, 'IA3668', 2, 8.05, '1'),
(1935, 1, 'JA6681', 2, 8.05, '1'),
(1936, 1, 'JL7274', 2, 8.05, '1'),
(1937, 1, 'KÁ4733', 2, 8.05, '1'),
(1938, 1, 'LM5852', 2, 8.05, '1'),
(1939, 1, 'LR3335', 2, 8.05, '1'),
(1940, 1, 'MD4436', 2, 8.05, '1'),
(1941, 1, 'MM4921', 2, 8.05, '1'),
(1942, 1, 'MR6891', 2, 8.05, '1'),
(1943, 1, 'MS8242', 2, 8.05, '1'),
(1944, 1, 'AC5563', 2, 7.7, '1'),
(1945, 1, 'AM1638', 2, 7.7, '1'),
(1946, 1, 'ÁN9224', 2, 7.7, '1'),
(1947, 1, 'ÁR5923', 2, 7.7, '1'),
(1948, 1, 'AR7259', 2, 7.7, '1'),
(1949, 1, 'CL9634', 2, 7.7, '1'),
(1950, 1, 'DJ1737', 2, 7.7, '1'),
(1951, 1, 'DR7348', 2, 7.7, '1'),
(1952, 1, 'DV9275', 2, 7.7, '1'),
(1953, 1, 'EA4795', 2, 7.7, '1'),
(1954, 1, 'EP4352', 2, 7.7, '1'),
(1955, 1, 'ES9328', 2, 7.7, '1'),
(1956, 1, 'FC1423', 2, 7.7, '1'),
(1957, 1, 'GG3259', 2, 7.7, '1'),
(1958, 1, 'HP7681', 2, 7.7, '1'),
(1959, 1, 'JA2924', 2, 7.7, '1'),
(1960, 1, 'JA3561', 2, 7.7, '1'),
(1961, 1, 'JG7323', 2, 7.7, '1'),
(1962, 1, 'JG8296', 2, 7.7, '1'),
(1963, 1, 'JM7153', 2, 7.7, '1'),
(1964, 1, 'JQ8827', 2, 7.7, '1'),
(1965, 1, 'JR2253', 2, 7.7, '1'),
(1966, 1, 'JS1311', 2, 7.7, '1'),
(1967, 1, 'JT3175', 2, 7.7, '1'),
(1968, 1, 'LP3696', 2, 7.7, '1'),
(1969, 1, 'LP6885', 2, 7.7, '1'),
(1970, 1, 'MC8646', 2, 7.7, '1'),
(1971, 1, 'ML9342', 2, 7.7, '1'),
(1972, 1, 'RG8592', 2, 7.7, '1'),
(1973, 1, 'RS9179', 2, 7.7, '1'),
(1974, 1, 'SC6342', 2, 7.7, '1'),
(1975, 1, 'AG5462', 2, 8.05, '1'),
(1976, 1, 'AP7669', 2, 8.05, '1'),
(1977, 1, 'BR9523', 2, 8.05, '1'),
(1978, 1, 'CC2413', 2, 8.05, '1'),
(1979, 1, 'DV2282', 2, 8.05, '1'),
(1980, 1, 'ES3336', 2, 8.05, '1'),
(1981, 1, 'GM2599', 2, 8.05, '1'),
(1982, 1, 'GR7387', 2, 8.05, '1'),
(1983, 1, 'IP4186', 2, 8.05, '1'),
(1984, 1, 'JF6817', 2, 8.05, '1'),
(1985, 1, 'JO5431', 2, 8.05, '1'),
(1986, 1, 'JR8381', 2, 8.05, '1'),
(1987, 1, 'JV9236', 2, 8.05, '1'),
(1988, 1, 'KM6618', 2, 8.05, '1'),
(1989, 1, 'LC4825', 2, 8.05, '1'),
(1990, 1, 'LM7791', 2, 8.05, '1'),
(1991, 1, 'LO5959', 2, 8.05, '1'),
(1992, 1, 'MA9567', 2, 8.05, '1'),
(1993, 1, 'MD9555', 2, 8.05, '1'),
(1994, 1, 'MM4716', 2, 8.05, '1'),
(1995, 1, 'NR2346', 2, 8.05, '1'),
(1996, 1, 'PC6556', 2, 8.05, '1'),
(1997, 1, 'PG4466', 2, 8.05, '1'),
(1998, 1, 'RA5176', 2, 8.05, '1'),
(1999, 1, 'RV4421', 2, 8.05, '1'),
(2000, 1, 'RV5182', 2, 8.05, '1'),
(2001, 1, 'AC8372', 2, 7.95, '1'),
(2002, 1, 'ÁT4399', 2, 7.95, '1'),
(2003, 1, 'BC3517', 2, 7.95, '1'),
(2004, 1, 'BG9639', 2, 7.95, '1'),
(2005, 1, 'CG3314', 2, 7.95, '1'),
(2006, 1, 'CG8874', 2, 7.95, '1'),
(2007, 1, 'EF1291', 2, 7.95, '1'),
(2008, 1, 'ER1325', 2, 7.95, '1'),
(2009, 1, 'FL3514', 2, 7.95, '1'),
(2010, 1, 'FP2126', 2, 7.95, '1'),
(2011, 1, 'GF9739', 2, 7.95, '1'),
(2012, 1, 'IP1554', 2, 7.95, '1'),
(2013, 1, 'IV6296', 2, 7.95, '1'),
(2014, 1, 'IV9459', 2, 7.95, '1'),
(2015, 1, 'JC1912', 2, 7.95, '1'),
(2016, 1, 'JJ8389', 2, 7.95, '1'),
(2017, 1, 'JM9226', 2, 7.95, '1'),
(2018, 1, 'LP9455', 2, 7.95, '1'),
(2019, 1, 'MC4456', 2, 7.95, '1'),
(2020, 1, 'MO3283', 2, 7.95, '1'),
(2021, 1, 'MS4199', 2, 7.95, '1'),
(2022, 17, 'AC5755', 2, 8.05, '1'),
(2023, 17, 'AS7999', 2, 8.05, '1'),
(2024, 17, 'BA3564', 2, 8.05, '1'),
(2025, 17, 'BM7119', 2, 8.05, '1'),
(2026, 17, 'CL9294', 2, 8.05, '1'),
(2027, 17, 'CP7186', 2, 8.05, '1'),
(2028, 17, 'DR7987', 2, 8.05, '1'),
(2029, 17, 'DS5899', 2, 8.05, '1'),
(2030, 17, 'EP2846', 2, 8.05, '1'),
(2031, 17, 'FV5372', 2, 8.05, '1'),
(2032, 17, 'GR9232', 2, 8.05, '1'),
(2033, 17, 'IJ2434', 2, 8.05, '1'),
(2034, 17, 'JF6695', 2, 8.05, '1'),
(2035, 17, 'JG8253', 2, 8.05, '1'),
(2036, 17, 'JH1242', 2, 8.05, '1'),
(2037, 17, 'JM5279', 2, 8.05, '1'),
(2038, 17, 'JS5299', 2, 8.05, '1'),
(2039, 17, 'LC2335', 2, 8.05, '1'),
(2040, 17, 'LM8535', 2, 8.05, '1'),
(2041, 17, 'SP1535', 2, 8.05, '1'),
(2042, 17, 'SS6823', 2, 8.05, '1'),
(2043, 7, 'AG5462', 2, 8.05, '1'),
(2044, 7, 'AP7669', 2, 8.05, '1'),
(2045, 7, 'BR9523', 2, 8.05, '1'),
(2046, 7, 'CC2413', 2, 8.05, '1'),
(2047, 7, 'DV2282', 2, 8.05, '1'),
(2048, 7, 'ES3336', 2, 8.05, '1'),
(2049, 7, 'GM2599', 2, 8.05, '1'),
(2050, 7, 'GR7387', 2, 8.05, '1'),
(2051, 7, 'IP4186', 2, 8.05, '1'),
(2052, 7, 'JF6817', 2, 8.05, '1'),
(2053, 7, 'JO5431', 2, 8.05, '1'),
(2054, 7, 'JR8381', 2, 8.05, '1'),
(2055, 7, 'JV9236', 2, 8.05, '1'),
(2056, 7, 'KM6618', 2, 8.05, '1'),
(2057, 7, 'LC4825', 2, 8.05, '1'),
(2058, 7, 'LM7791', 2, 8.05, '1'),
(2059, 7, 'LO5959', 2, 8.05, '1'),
(2060, 7, 'MA9567', 2, 8.05, '1'),
(2061, 7, 'MD9555', 2, 8.05, '1'),
(2062, 7, 'MM4716', 2, 8.05, '1'),
(2063, 7, 'NR2346', 2, 8.05, '1'),
(2064, 7, 'PC6556', 2, 8.05, '1'),
(2065, 7, 'PG4466', 2, 8.05, '1'),
(2066, 7, 'RA5176', 2, 8.05, '1'),
(2067, 7, 'RV4421', 2, 8.05, '1'),
(2068, 7, 'RV5182', 2, 8.05, '1'),
(2069, 7, 'AC8372', 2, 7.7, '1'),
(2070, 7, 'ÁT4399', 2, 7.7, '1'),
(2071, 7, 'BC3517', 2, 7.7, '1'),
(2072, 7, 'BG9639', 2, 7.7, '1'),
(2073, 7, 'CG3314', 2, 7.7, '1'),
(2074, 7, 'CG8874', 2, 7.7, '1'),
(2075, 7, 'EF1291', 2, 7.7, '1'),
(2076, 7, 'ER1325', 2, 7.7, '1'),
(2077, 7, 'FL3514', 2, 7.7, '1'),
(2078, 7, 'FP2126', 2, 7.7, '1'),
(2079, 7, 'GF9739', 2, 7.7, '1'),
(2080, 7, 'IP1554', 2, 7.7, '1'),
(2081, 7, 'IV6296', 2, 7.7, '1'),
(2082, 7, 'IV9459', 2, 7.7, '1'),
(2083, 7, 'JC1912', 2, 7.7, '1'),
(2084, 7, 'JJ8389', 2, 7.7, '1'),
(2085, 7, 'JM9226', 2, 7.7, '1'),
(2086, 7, 'LP9455', 2, 7.7, '1'),
(2087, 7, 'MC4456', 2, 7.714, '1'),
(2088, 7, 'MO3283', 2, 7.7, '1'),
(2089, 7, 'MS4199', 2, 7.7, '1'),
(2090, 8, 'AV2194', 2, 7.35, '1'),
(2091, 8, 'AV9782', 2, 7.35, '1'),
(2092, 8, 'CF7283', 2, 7.35, '1'),
(2093, 8, 'CR3815', 2, 7.35, '1'),
(2094, 8, 'DA6344', 2, 7.35, '1'),
(2095, 8, 'DC7557', 2, 7.35, '1'),
(2096, 8, 'DV6321', 2, 7.35, '1'),
(2097, 8, 'EL4666', 2, 7.35, '1'),
(2098, 8, 'EP9486', 2, 7.35, '1'),
(2099, 8, 'ER2461', 2, 7.35, '1'),
(2100, 8, 'FM6585', 2, 7.35, '1'),
(2101, 8, 'FR8934', 2, 7.7, '1'),
(2102, 8, 'FT1489', 2, 7.7, '1'),
(2103, 8, 'FV5729', 2, 7.7, '1'),
(2104, 8, 'GM3695', 2, 7.7, '1'),
(2105, 8, 'JL5461', 2, 7.7, '1'),
(2106, 8, 'JM4873', 2, 7.7, '1'),
(2107, 8, 'JR3327', 2, 7.7, '1'),
(2108, 8, 'KL8952', 2, 7.7, '1'),
(2109, 8, 'LA2352', 2, 7.7, '1'),
(2110, 8, 'LS1267', 2, 7.7, '1'),
(2111, 8, 'MÁ5258', 2, 7.7, '1'),
(2112, 8, 'MA9739', 2, 7.7, '1'),
(2113, 8, 'OP9186', 2, 7.7, '1'),
(2114, 8, 'OR5469', 2, 7.35, '1'),
(2115, 8, 'PV2487', 2, 7.7, '1'),
(2116, 8, 'AJ3557', 2, 8, '1'),
(2117, 8, 'AL1951', 2, 8, '1'),
(2118, 8, 'AT5162', 2, 8, '1'),
(2119, 8, 'AV5191', 2, 8, '1'),
(2120, 8, 'BL2957', 2, 8, '1'),
(2121, 8, 'BO2759', 2, 8, '1'),
(2122, 8, 'DR7596', 2, 8, '1'),
(2123, 8, 'DR8694', 2, 8, '1'),
(2124, 8, 'EM8842', 2, 8, '1'),
(2125, 8, 'GM2229', 2, 8, '1'),
(2126, 8, 'GV2633', 2, 8, '1'),
(2127, 8, 'IB1332', 2, 8, '1'),
(2128, 8, 'IP9558', 2, 8, '1'),
(2129, 8, 'JÁ7773', 2, 8, '1'),
(2130, 8, 'JB7154', 2, 8, '1'),
(2131, 8, 'JC8281', 2, 8, '1'),
(2132, 8, 'JG8863', 2, 8, '1'),
(2133, 8, 'JP6494', 2, 8, '1'),
(2134, 8, 'JQ9587', 2, 8, '1'),
(2135, 8, 'KO6831', 2, 8, '1'),
(2136, 8, 'LC8432', 2, 8, '1'),
(2137, 8, 'LQ3145', 2, 8, '1'),
(2138, 8, 'MF1821', 2, 8, '1'),
(2139, 8, 'MN2956', 2, 8, '1'),
(2140, 8, 'MQ5455', 2, 8, '1'),
(2141, 8, 'MR3799', 2, 8, '1'),
(2142, 3, 'AS1983', 2, 7.7, '1'),
(2143, 3, 'BS9588', 2, 7.7, '1'),
(2144, 3, 'DB4645', 2, 7.7, '1'),
(2145, 3, 'ER8335', 2, 7.7, '1'),
(2146, 3, 'FT9543', 2, 7.7, '1'),
(2147, 3, 'GG5559', 2, 7.7, '1'),
(2148, 3, 'IA3668', 2, 8.05, '1'),
(2149, 3, 'JA6681', 2, 8.05, '1'),
(2150, 3, 'JL7274', 2, 8.05, '1'),
(2151, 3, 'KÁ4733', 2, 8.05, '1'),
(2152, 3, 'LM5852', 2, 8.05, '1'),
(2153, 3, 'LR3335', 2, 8.05, '1'),
(2154, 3, 'MD4436', 2, 8.05, '1'),
(2155, 3, 'MM4921', 2, 8.05, '1'),
(2156, 3, 'MR6891', 2, 8.05, '1'),
(2157, 3, 'MS8242', 2, 8.05, '1'),
(2158, 3, 'AG5462', 2, 8, '1'),
(2159, 3, 'AP7669', 2, 8, '1'),
(2160, 3, 'BR9523', 2, 8, '1'),
(2161, 3, 'CC2413', 2, 8, '1'),
(2162, 3, 'DV2282', 2, 8, '1'),
(2163, 3, 'ES3336', 2, 8, '1'),
(2164, 3, 'GM2599', 2, 8, '1'),
(2165, 3, 'GR7387', 2, 8, '1'),
(2166, 3, 'IP4186', 2, 8, '1'),
(2167, 3, 'JF6817', 2, 8, '1'),
(2168, 3, 'JO5431', 2, 8, '1'),
(2169, 3, 'JR8381', 2, 8, '1'),
(2170, 3, 'JV9236', 2, 8, '1'),
(2171, 3, 'KM6618', 2, 8, '1'),
(2172, 3, 'LC4825', 2, 8, '1'),
(2173, 3, 'LM7791', 2, 8.01, '1'),
(2174, 3, 'LO5959', 2, 8, '1'),
(2175, 3, 'MA9567', 2, 8, '1'),
(2176, 3, 'MD9555', 2, 8, '1'),
(2177, 3, 'MM4716', 2, 8, '1'),
(2178, 3, 'NR2346', 2, 8, '1'),
(2179, 3, 'PC6556', 2, 8, '1'),
(2180, 3, 'PG4466', 2, 8, '1'),
(2181, 3, 'RA5176', 2, 8, '1'),
(2182, 3, 'RV4421', 2, 8, '1'),
(2183, 3, 'RV5182', 2, 8, '1'),
(2184, 3, 'AC8372', 2, 7.7, '1'),
(2185, 3, 'ÁT4399', 2, 7.7, '1'),
(2186, 3, 'BC3517', 2, 7.7, '1'),
(2187, 3, 'BG9639', 2, 7.7, '1'),
(2188, 3, 'CG3314', 2, 7.7, '1'),
(2189, 3, 'CG8874', 2, 7.7, '1'),
(2190, 3, 'EF1291', 2, 7.7, '1'),
(2191, 3, 'ER1325', 2, 8.05, '1'),
(2192, 3, 'FL3514', 2, 8.05, '1'),
(2193, 3, 'FP2126', 2, 8.05, '1'),
(2194, 3, 'GF9739', 2, 8.05, '1'),
(2195, 3, 'IP1554', 2, 8.05, '1'),
(2196, 3, 'IV6296', 2, 8.05, '1'),
(2197, 3, 'IV9459', 2, 8.05, '1'),
(2198, 3, 'JC1912', 2, 8.05, '1'),
(2199, 3, 'JJ8389', 2, 8.05, '1'),
(2200, 3, 'JM9226', 2, 8.05, '1'),
(2201, 3, 'LP9455', 2, 8.05, '1'),
(2202, 3, 'MC4456', 2, 8.05, '1'),
(2203, 3, 'MO3283', 2, 8.05, '1'),
(2204, 3, 'MS4199', 2, 8.05, '1'),
(2205, 4, 'AC9757', 2, 7.7, '1'),
(2206, 4, 'AF6686', 2, 7.7, '1'),
(2207, 4, 'AV1432', 2, 7.7, '1'),
(2208, 4, 'BN8146', 2, 7.7, '1'),
(2209, 4, 'CG6284', 2, 7.7, '1'),
(2210, 4, 'CM1768', 2, 7.7, '1'),
(2211, 4, 'CP2577', 2, 7.7, '1'),
(2212, 4, 'CV1817', 2, 8.05, '1'),
(2213, 4, 'EF2321', 2, 8.05, '1'),
(2214, 4, 'FN9269', 2, 8.05, '1'),
(2215, 4, 'IP9464', 2, 8.05, '1'),
(2216, 4, 'JÁ1787', 2, 8.05, '1'),
(2217, 4, 'JA6979', 2, 8.05, '1'),
(2218, 4, 'JF6956', 2, 8.05, '1'),
(2219, 4, 'JF9166', 2, 8.05, '1'),
(2220, 4, 'JM6166', 2, 8.05, '1'),
(2221, 4, 'JP1338', 2, 8.05, '1'),
(2222, 4, 'JP9542', 2, 8.05, '1'),
(2223, 4, 'JS1631', 2, 8.05, '1'),
(2224, 4, 'JS5228', 2, 8.05, '1'),
(2225, 4, 'LG3866', 2, 8.05, '1'),
(2226, 4, 'AV2194', 2, 7.95, '1'),
(2227, 4, 'AV9782', 2, 7.95, '1'),
(2228, 4, 'CF7283', 2, 7.95, '1'),
(2229, 4, 'CR3815', 2, 7.95, '1'),
(2230, 4, 'DA6344', 2, 7.95, '1'),
(2231, 4, 'DC7557', 2, 7.95, '1'),
(2232, 4, 'DV6321', 2, 7.95, '1'),
(2233, 4, 'EL4666', 2, 7.95, '1'),
(2234, 4, 'EP9486', 2, 7.95, '1'),
(2235, 4, 'ER2461', 2, 7.95, '1'),
(2236, 4, 'FM6585', 2, 7.95, '1'),
(2237, 4, 'FR8934', 2, 7.95, '1'),
(2238, 4, 'FT1489', 2, 7.95, '1'),
(2239, 4, 'FV5729', 2, 7.95, '1'),
(2240, 4, 'GM3695', 2, 7.95, '1'),
(2241, 4, 'JL5461', 2, 7.95, '1'),
(2242, 4, 'JM4873', 2, 7.95, '1'),
(2243, 4, 'JR3327', 2, 7.95, '1'),
(2244, 4, 'KL8952', 2, 7.95, '1'),
(2245, 4, 'LA2352', 2, 7.95, '1'),
(2246, 4, 'LS1267', 2, 7.95, '1'),
(2247, 4, 'MÁ5258', 2, 7.95, '1'),
(2248, 4, 'MA9739', 2, 7.95, '1'),
(2249, 4, 'OP9186', 2, 7.95, '1'),
(2250, 4, 'OR5469', 2, 7.95, '1'),
(2251, 4, 'PV2487', 2, 7.95, '1'),
(2252, 4, 'AJ3557', 2, 7.35, '1'),
(2253, 4, 'AL1951', 2, 7.35, '1'),
(2254, 4, 'AT5162', 2, 7.35, '1'),
(2255, 4, 'AV5191', 2, 7.35, '1'),
(2256, 4, 'BL2957', 2, 7.35, '1'),
(2257, 4, 'BO2759', 2, 7.35, '1'),
(2258, 4, 'DR7596', 2, 7.35, '1'),
(2259, 4, 'DR8694', 2, 7.35, '1'),
(2260, 4, 'EM8842', 2, 8.05, '1'),
(2261, 4, 'GM2229', 2, 8.05, '1'),
(2262, 4, 'GV2633', 2, 8.05, '1'),
(2263, 4, 'IB1332', 2, 8.05, '1'),
(2264, 4, 'IP9558', 2, 8.05, '1'),
(2265, 4, 'JÁ7773', 2, 8.05, '1'),
(2266, 4, 'JB7154', 2, 8.05, '1'),
(2267, 4, 'JC8281', 2, 8.05, '1'),
(2268, 4, 'JG8863', 2, 8.05, '1'),
(2269, 4, 'JP6494', 2, 8.05, '1'),
(2270, 4, 'JQ9587', 2, 8.05, '1'),
(2271, 4, 'KO6831', 2, 8.05, '1'),
(2272, 4, 'LC8432', 2, 8.05, '1'),
(2273, 4, 'LQ3145', 2, 8.05, '1'),
(2274, 4, 'MF1821', 2, 8.05, '1'),
(2275, 4, 'MN2956', 2, 8.05, '1'),
(2276, 4, 'MQ5455', 2, 8.05, '1'),
(2277, 4, 'MR3799', 2, 8.05, '1'),
(2278, 21, 'AC4113', 2, 8.05, '1'),
(2279, 21, 'AM3292', 2, 8.05, '1'),
(2280, 21, 'AR6454', 2, 8.05, '1'),
(2281, 21, 'AT6834', 2, 8.05, '1'),
(2282, 21, 'CG7763', 2, 8.05, '1'),
(2283, 21, 'CM6312', 2, 8.05, '1'),
(2284, 21, 'DC2479', 2, 8.05, '1'),
(2285, 21, 'EJ7742', 2, 8.05, '1'),
(2286, 21, 'ER4698', 2, 8.05, '1'),
(2287, 21, 'FD6561', 2, 8.05, '1'),
(2288, 21, 'GÁ5585', 2, 8.05, '1'),
(2289, 21, 'IH1539', 2, 8.05, '1'),
(2290, 21, 'IH4598', 2, 8.05, '1'),
(2291, 21, 'IJ1129', 2, 8.05, '1'),
(2292, 21, 'IM4233', 2, 8.05, '1'),
(2293, 21, 'JF4522', 2, 8.057, '1'),
(2294, 21, 'JJ5873', 2, 8.05, '1'),
(2295, 21, 'JM3769', 2, 8.05, '1'),
(2296, 21, 'JR7753', 2, 8.05, '1'),
(2297, 21, 'JS9711', 2, 8.05, '1'),
(2298, 21, 'JV1362', 2, 8.05, '1'),
(2299, 21, 'LB9832', 2, 8.05, '1'),
(2300, 21, 'MA1436', 2, 8.05, '1'),
(2301, 21, 'MF8216', 2, 8.05, '1'),
(2302, 21, 'MS5346', 2, 8.05, '1'),
(2303, 21, 'MV1492', 2, 8.05, '1'),
(2304, 9, 'AS1983', 2, 8.05, '1'),
(2305, 9, 'BS9588', 2, 8.05, '1'),
(2306, 9, 'DB4645', 2, 8.05, '1'),
(2307, 9, 'ER8335', 2, 8.05, '1'),
(2308, 9, 'FT9543', 2, 8.05, '1'),
(2309, 9, 'GG5559', 2, 8.0465, '1'),
(2310, 9, 'IA3668', 2, 8.05, '1'),
(2311, 9, 'JA6681', 2, 8.05, '1'),
(2312, 9, 'JL7274', 2, 8.05, '1'),
(2313, 9, 'KÁ4733', 2, 8.05, '1'),
(2314, 9, 'LM5852', 2, 8.05, '1'),
(2315, 9, 'LR3335', 2, 8.05, '1'),
(2316, 9, 'MD4436', 2, 8.05, '1'),
(2317, 9, 'MM4921', 2, 8.05, '1'),
(2318, 9, 'MR6891', 2, 8.05, '1'),
(2319, 9, 'MS8242', 2, 8.05, '1'),
(2320, 10, 'AC9757', 2, 8.05, '1'),
(2321, 10, 'AF6686', 2, 8.05, '1'),
(2322, 10, 'AV1432', 2, 8.05, '1'),
(2323, 10, 'BN8146', 2, 8.05, '1'),
(2324, 10, 'CG6284', 2, 8.05, '1'),
(2325, 10, 'CM1768', 2, 8.05, '1'),
(2326, 10, 'CP2577', 2, 8.05, '1'),
(2327, 10, 'CV1817', 2, 8.05, '1'),
(2328, 10, 'EF2321', 2, 8.05, '1'),
(2329, 10, 'FN9269', 2, 8.05, '1'),
(2330, 10, 'IP9464', 2, 8.05, '1'),
(2331, 10, 'JÁ1787', 2, 8.05, '1'),
(2332, 10, 'JA6979', 2, 8.05, '1'),
(2333, 10, 'JF6956', 2, 8.05, '1'),
(2334, 10, 'JF9166', 2, 8.05, '1'),
(2335, 10, 'JM6166', 2, 8.05, '1'),
(2336, 10, 'JP1338', 2, 8.05, '1'),
(2337, 10, 'JP9542', 2, 8.05, '1'),
(2338, 10, 'JS1631', 2, 8.05, '1'),
(2339, 10, 'JS5228', 2, 8.05, '1'),
(2340, 10, 'LG3866', 2, 8.05, '1'),
(2341, 12, 'AS1983', 2, 7.7, '1'),
(2342, 12, 'BS9588', 2, 7.7, '1'),
(2343, 12, 'DB4645', 2, 7.7, '1'),
(2344, 12, 'ER8335', 2, 7.7, '1'),
(2345, 12, 'FT9543', 2, 7.7, '1'),
(2346, 12, 'GG5559', 2, 7.7, '1'),
(2347, 12, 'IA3668', 2, 7.7, '1'),
(2348, 12, 'JA6681', 2, 7.7, '1'),
(2349, 12, 'JL7274', 2, 7.7, '1'),
(2350, 12, 'KÁ4733', 2, 7.7, '1'),
(2351, 12, 'LM5852', 2, 7.7, '1'),
(2352, 12, 'LR3335', 2, 7.7, '1'),
(2353, 12, 'MD4436', 2, 7.7, '1'),
(2354, 12, 'MM4921', 2, 7.7, '1'),
(2355, 12, 'MR6891', 2, 7.7, '1'),
(2356, 12, 'MS8242', 2, 7.7, '1'),
(2357, 12, 'AC5563', 2, 8.05, '1'),
(2358, 12, 'AM1638', 2, 8.05, '1'),
(2359, 12, 'ÁN9224', 2, 8.05, '1'),
(2360, 12, 'ÁR5923', 2, 8.05, '1'),
(2361, 12, 'AR7259', 2, 8.05, '1'),
(2362, 12, 'CL9634', 2, 8.05, '1'),
(2363, 12, 'DJ1737', 2, 8.05, '1'),
(2364, 12, 'DR7348', 2, 8.05, '1'),
(2365, 12, 'DV9275', 2, 8.05, '1'),
(2366, 12, 'EA4795', 2, 8.05, '1'),
(2367, 12, 'EP4352', 2, 8.05, '1'),
(2368, 12, 'ES9328', 2, 8.05, '1'),
(2369, 12, 'FC1423', 2, 8.05, '1'),
(2370, 12, 'GG3259', 2, 8.05, '1'),
(2371, 12, 'HP7681', 2, 8.05, '1'),
(2372, 12, 'JA2924', 2, 8.05, '1'),
(2373, 12, 'JA3561', 2, 8.05, '1'),
(2374, 12, 'JG7323', 2, 8.05, '1'),
(2375, 12, 'JG8296', 2, 8.05, '1'),
(2376, 12, 'JM7153', 2, 8.05, '1'),
(2377, 12, 'JQ8827', 2, 8.05, '1'),
(2378, 12, 'JR2253', 2, 8.05, '1'),
(2379, 12, 'JS1311', 2, 8.05, '1'),
(2380, 12, 'JT3175', 2, 8.05, '1'),
(2381, 12, 'LP3696', 2, 8.05, '1'),
(2382, 12, 'LP6885', 2, 8.05, '1'),
(2383, 12, 'MC8646', 2, 8.05, '1'),
(2384, 12, 'ML9342', 2, 8.05, '1'),
(2385, 12, 'RG8592', 2, 8.05, '1'),
(2386, 12, 'RS9179', 2, 8.05, '1'),
(2387, 12, 'SC6342', 2, 8.05, '1'),
(2388, 12, 'AG5462', 2, 8.05, '1'),
(2389, 12, 'AP7669', 2, 8.05, '1'),
(2390, 12, 'BR9523', 2, 8.05, '1'),
(2391, 12, 'CC2413', 2, 8.05, '1'),
(2392, 12, 'DV2282', 2, 8.05, '1'),
(2393, 12, 'ES3336', 2, 8.05, '1'),
(2394, 12, 'GM2599', 2, 8.05, '1'),
(2395, 12, 'GR7387', 2, 8.05, '1'),
(2396, 12, 'IP4186', 2, 8.05, '1'),
(2397, 12, 'JF6817', 2, 8.05, '1'),
(2398, 12, 'JO5431', 2, 8.05, '1'),
(2399, 12, 'JR8381', 2, 8.05, '1'),
(2400, 12, 'JV9236', 2, 8.05, '1'),
(2401, 12, 'KM6618', 2, 8.05, '1'),
(2402, 12, 'LC4825', 2, 8.05, '1'),
(2403, 12, 'LM7791', 2, 8.05, '1'),
(2404, 12, 'LO5959', 2, 8.05, '1'),
(2405, 12, 'MA9567', 2, 8.05, '1'),
(2406, 12, 'MD9555', 2, 8.05, '1'),
(2407, 12, 'MM4716', 2, 8.05, '1'),
(2408, 12, 'NR2346', 2, 8.05, '1'),
(2409, 12, 'PC6556', 2, 8.05, '1'),
(2410, 12, 'PG4466', 2, 8.05, '1'),
(2411, 12, 'RA5176', 2, 8.05, '1'),
(2412, 12, 'RV4421', 2, 8.05, '1'),
(2413, 12, 'RV5182', 2, 8.05, '1'),
(2414, 12, 'AC8372', 2, 8.05, '1'),
(2415, 12, 'ÁT4399', 2, 8.05, '1'),
(2416, 12, 'BC3517', 2, 8.05, '1'),
(2417, 12, 'BG9639', 2, 8.05, '1'),
(2418, 12, 'CG3314', 2, 8.05, '1'),
(2419, 12, 'CG8874', 2, 8.05, '1'),
(2420, 12, 'EF1291', 2, 8.05, '1'),
(2421, 12, 'ER1325', 2, 8.05, '1'),
(2422, 12, 'FL3514', 2, 8.05, '1'),
(2423, 12, 'FP2126', 2, 8.05, '1'),
(2424, 12, 'GF9739', 2, 8.05, '1'),
(2425, 12, 'IP1554', 2, 8.05, '1'),
(2426, 12, 'IV6296', 2, 8.05, '1'),
(2427, 12, 'IV9459', 2, 8.05, '1'),
(2428, 12, 'JC1912', 2, 8.05, '1'),
(2429, 12, 'JJ8389', 2, 8.05, '1'),
(2430, 12, 'JM9226', 2, 8.05, '1'),
(2431, 12, 'LP9455', 2, 8.05, '1'),
(2432, 12, 'MC4456', 2, 8.05, '1'),
(2433, 12, 'MO3283', 2, 8.043, '1'),
(2434, 12, 'MS4199', 2, 8.05, '1'),
(2435, 25, 'AG3433', 2, 8.05, '1'),
(2436, 25, 'AR5325', 2, 8.05, '1'),
(2437, 25, 'BQ2628', 2, 8.05, '1'),
(2438, 25, 'CD8339', 2, 8.05, '1'),
(2439, 25, 'CL7913', 2, 8.05, '1'),
(2440, 25, 'ER1971', 2, 8.05, '1'),
(2441, 25, 'ER8677', 2, 8.05, '1'),
(2442, 25, 'ET6197', 2, 8.05, '1'),
(2443, 25, 'FB7737', 2, 8.05, '1'),
(2444, 25, 'GL3842', 2, 8.05, '1'),
(2445, 25, 'IA8993', 2, 8.05, '1'),
(2446, 25, 'IQ8729', 2, 8.05, '1'),
(2447, 25, 'JJ2182', 2, 8.05, '1'),
(2448, 25, 'JM1958', 2, 8.05, '1'),
(2449, 25, 'JM2892', 2, 8.05, '1'),
(2450, 25, 'LR6137', 2, 8.05, '1'),
(2451, 25, 'MH6433', 2, 8.05, '1'),
(2452, 25, 'MM4383', 2, 8.05, '1'),
(2453, 25, 'MP3665', 2, 8.05, '1'),
(2454, 25, 'NR5288', 2, 8.05, '1'),
(2455, 25, 'OD7389', 2, 8.05, '1'),
(2456, 25, 'AC9757', 2, 7.95, '1'),
(2457, 25, 'AF6686', 2, 7.95, '1'),
(2458, 25, 'AV1432', 2, 7.95, '1'),
(2459, 25, 'BN8146', 2, 7.95, '1'),
(2460, 25, 'CG6284', 2, 8.3, '1'),
(2461, 25, 'CM1768', 2, 8.3, '1'),
(2462, 25, 'CP2577', 2, 8.3, '1'),
(2463, 25, 'CV1817', 2, 8.3, '1'),
(2464, 25, 'EF2321', 2, 8.3, '1'),
(2465, 25, 'FN9269', 2, 8.3, '1'),
(2466, 25, 'IP9464', 2, 8.3, '1'),
(2467, 25, 'JÁ1787', 2, 8.3, '1'),
(2468, 25, 'JA6979', 2, 8.3, '1'),
(2469, 25, 'JF6956', 2, 8.3, '1'),
(2470, 25, 'JF9166', 2, 8.3, '1'),
(2471, 25, 'JM6166', 2, 8.3, '1'),
(2472, 25, 'JP1338', 2, 8.3, '1'),
(2473, 25, 'JP9542', 2, 8.3, '1'),
(2474, 25, 'JS1631', 2, 8.3, '1'),
(2475, 25, 'JS5228', 2, 8.3, '1'),
(2476, 25, 'LG3866', 2, 8.3, '1'),
(2477, 25, 'AV2194', 2, 7.95, '1'),
(2478, 25, 'AV9782', 2, 7.95, '1'),
(2479, 25, 'CF7283', 2, 7.95, '1'),
(2480, 25, 'CR3815', 2, 7.95, '1'),
(2481, 25, 'DA6344', 2, 7.95, '1'),
(2482, 25, 'DC7557', 2, 7.95, '1'),
(2483, 25, 'DV6321', 2, 7.95, '1'),
(2484, 25, 'EL4666', 2, 7.95, '1'),
(2485, 25, 'EP9486', 2, 7.95, '1'),
(2486, 25, 'ER2461', 2, 7.95, '1'),
(2487, 25, 'FM6585', 2, 7.95, '1'),
(2488, 25, 'FR8934', 2, 7.95, '1'),
(2489, 25, 'FT1489', 2, 7.95, '1'),
(2490, 25, 'FV5729', 2, 7.95, '1'),
(2491, 25, 'GM3695', 2, 7.95, '1'),
(2492, 25, 'JL5461', 2, 7.95, '1'),
(2493, 25, 'JM4873', 2, 7.95, '1'),
(2494, 25, 'JR3327', 2, 7.95, '1'),
(2495, 25, 'KL8952', 2, 7.95, '1'),
(2496, 25, 'LA2352', 2, 7.95, '1'),
(2497, 25, 'LS1267', 2, 7.95, '1'),
(2498, 25, 'MÁ5258', 2, 7.95, '1'),
(2499, 25, 'MA9739', 2, 7.95, '1'),
(2500, 25, 'OP9186', 2, 7.95, '1'),
(2501, 25, 'OR5469', 2, 7.95, '1'),
(2502, 25, 'PV2487', 2, 7.95, '1'),
(2503, 25, 'AJ3557', 2, 8.05, '1'),
(2504, 25, 'AL1951', 2, 8.05, '1'),
(2505, 25, 'AT5162', 2, 8.05, '1'),
(2506, 25, 'AV5191', 2, 8.05, '1'),
(2507, 25, 'BL2957', 2, 8.05, '1'),
(2508, 25, 'BO2759', 2, 8.05, '1'),
(2509, 25, 'DR7596', 2, 8.05, '1'),
(2510, 25, 'DR8694', 2, 8.05, '1'),
(2511, 25, 'EM8842', 2, 8.05, '1'),
(2512, 25, 'GM2229', 2, 8.05, '1'),
(2513, 25, 'GV2633', 2, 8.05, '1'),
(2514, 25, 'IB1332', 2, 8.05, '1'),
(2515, 25, 'IP9558', 2, 8.05, '1'),
(2516, 25, 'JÁ7773', 2, 8.05, '1'),
(2517, 25, 'JB7154', 2, 8.05, '1'),
(2518, 25, 'JC8281', 2, 8.05, '1'),
(2519, 25, 'JG8863', 2, 8.05, '1'),
(2520, 25, 'JP6494', 2, 8.05, '1'),
(2521, 25, 'JQ9587', 2, 8.05, '1'),
(2522, 25, 'KO6831', 2, 8.05, '1'),
(2523, 25, 'LC8432', 2, 8.05, '1'),
(2524, 25, 'LQ3145', 2, 8.05, '1'),
(2525, 25, 'MF1821', 2, 8.05, '1'),
(2526, 25, 'MN2956', 2, 8.05, '1'),
(2527, 25, 'MQ5455', 2, 8.05, '1'),
(2528, 25, 'MR3799', 2, 8.05, '1'),
(2529, 5, 'AC5563', 2, 8.05, '1'),
(2530, 5, 'AM1638', 2, 8.05, '1'),
(2531, 5, 'ÁN9224', 2, 8.05, '1'),
(2532, 5, 'ÁR5923', 2, 8.05, '1'),
(2533, 5, 'AR7259', 2, 8.05, '1'),
(2534, 5, 'CL9634', 2, 8.05, '1'),
(2535, 5, 'DJ1737', 2, 8.05, '1'),
(2536, 5, 'DR7348', 2, 8.05, '1'),
(2537, 5, 'DV9275', 2, 8.05, '1'),
(2538, 5, 'EA4795', 2, 8.05, '1'),
(2539, 5, 'EP4352', 2, 8.05, '1'),
(2540, 5, 'ES9328', 2, 8.05, '1'),
(2541, 5, 'FC1423', 2, 8.05, '1'),
(2542, 5, 'GG3259', 2, 8.05, '1'),
(2543, 5, 'HP7681', 2, 8.05, '1'),
(2544, 5, 'JA2924', 2, 8.05, '1'),
(2545, 5, 'JA3561', 2, 8.05, '1'),
(2546, 5, 'JG7323', 2, 8.05, '1'),
(2547, 5, 'JG8296', 2, 8.05, '1'),
(2548, 5, 'JM7153', 2, 8.05, '1'),
(2549, 5, 'JQ8827', 2, 8.05, '1'),
(2550, 5, 'JR2253', 2, 8.05, '1'),
(2551, 5, 'JS1311', 2, 8.05, '1'),
(2552, 5, 'JT3175', 2, 8.05, '1'),
(2553, 5, 'LP3696', 2, 8.05, '1'),
(2554, 5, 'LP6885', 2, 8.05, '1'),
(2555, 5, 'MC8646', 2, 8.05, '1'),
(2556, 5, 'ML9342', 2, 8.05, '1'),
(2557, 5, 'RG8592', 2, 8.05, '1'),
(2558, 5, 'RS9179', 2, 8.05, '1'),
(2559, 5, 'SC6342', 2, 8.05, '1'),
(2560, 6, 'AG3433', 2, 8.05, '1'),
(2561, 6, 'AR5325', 2, 8.05, '1'),
(2562, 6, 'BQ2628', 2, 8.05, '1'),
(2563, 6, 'CD8339', 2, 8.05, '1'),
(2564, 6, 'CL7913', 2, 8.05, '1'),
(2565, 6, 'ER1971', 2, 8.05, '1'),
(2566, 6, 'ER8677', 2, 8.05, '1'),
(2567, 6, 'ET6197', 2, 8.05, '1'),
(2568, 6, 'FB7737', 2, 8.05, '1'),
(2569, 6, 'GL3842', 2, 8.05, '1'),
(2570, 6, 'IA8993', 2, 8.05, '1'),
(2571, 6, 'IQ8729', 2, 8.05, '1'),
(2572, 6, 'JJ2182', 2, 8.05, '1'),
(2573, 6, 'JM1958', 2, 8.05, '1'),
(2574, 6, 'JM2892', 2, 8.05, '1'),
(2575, 6, 'LR6137', 2, 8.05, '1'),
(2576, 6, 'MH6433', 2, 8.05, '1'),
(2577, 6, 'MM4383', 2, 8.05, '1'),
(2578, 6, 'MP3665', 2, 8.05, '1'),
(2579, 6, 'NR5288', 2, 8.05, '1'),
(2580, 6, 'OD7389', 2, 8.05, '1'),
(2581, 20, 'AD8319', 2, 8.05, '1'),
(2582, 20, 'AG4952', 2, 8.05, '1'),
(2583, 20, 'AR6451', 2, 8.05, '1'),
(2584, 20, 'BC4314', 2, 8.05, '1'),
(2585, 20, 'BR6494', 2, 8.05, '1'),
(2586, 20, 'EA1458', 2, 8.05, '1'),
(2587, 20, 'EH6526', 2, 8.05, '1'),
(2588, 20, 'EJ1516', 2, 8.05, '1'),
(2589, 20, 'EM7732', 2, 8.05, '1'),
(2590, 20, 'GG2548', 2, 8.05, '1'),
(2591, 20, 'IC9111', 2, 8.05, '1'),
(2592, 20, 'JA9221', 2, 8.05, '1'),
(2593, 20, 'JF8851', 2, 8.05, '1'),
(2594, 20, 'JG7617', 2, 8.05, '1'),
(2595, 20, 'JR5157', 2, 8.05, '1'),
(2596, 20, 'JR7361', 2, 8.05, '1'),
(2597, 20, 'JR9444', 2, 8.05, '1'),
(2598, 20, 'JS7314', 2, 8.05, '1'),
(2599, 20, 'JV6732', 2, 8.05, '1'),
(2600, 20, 'MS6856', 2, 8.05, '1'),
(2601, 20, 'OO1499', 2, 8.05, '1'),
(2602, 18, 'AC5755', 2, 8.05, '1'),
(2603, 18, 'AS7999', 2, 8.05, '1'),
(2604, 18, 'BA3564', 2, 8.05, '1'),
(2605, 18, 'BM7119', 2, 8.05, '1'),
(2606, 18, 'CL9294', 2, 8.05, '1'),
(2607, 18, 'CP7186', 2, 8.05, '1'),
(2608, 18, 'DR7987', 2, 8.05, '1'),
(2609, 18, 'DS5899', 2, 8.05, '1'),
(2610, 18, 'EP2846', 2, 8.05, '1'),
(2611, 18, 'FV5372', 2, 8.05, '1'),
(2612, 18, 'GR9232', 2, 8.05, '1'),
(2613, 18, 'IJ2434', 2, 8.05, '1'),
(2614, 18, 'JF6695', 2, 8.05, '1'),
(2615, 18, 'JG8253', 2, 8.05, '1'),
(2616, 18, 'JH1242', 2, 8.05, '1'),
(2617, 18, 'JM5279', 2, 8.05, '1'),
(2618, 18, 'JS5299', 2, 8.05, '1'),
(2619, 18, 'LC2335', 2, 8.05, '1'),
(2620, 18, 'LM8535', 2, 8.05, '1'),
(2621, 18, 'SP1535', 2, 8.0465, '1'),
(2622, 18, 'SS6823', 2, 8.05, '1'),
(2623, 19, 'AA9176', 2, 8, '1'),
(2624, 19, 'ÁG3889', 2, 8, '1'),
(2625, 19, 'AM1481', 2, 8, '1'),
(2626, 19, 'AP9214', 2, 8, '1'),
(2627, 19, 'BH5175', 2, 8, '1'),
(2628, 19, 'BS8367', 2, 8, '1'),
(2629, 19, 'CA5153', 2, 8, '1'),
(2630, 19, 'CG6862', 2, 8, '1'),
(2631, 19, 'CP7116', 2, 8, '1'),
(2632, 19, 'CV8946', 2, 8, '1'),
(2633, 19, 'DM4228', 2, 8, '1'),
(2634, 19, 'EA3693', 2, 8, '1'),
(2635, 19, 'EA6948', 2, 8, '1'),
(2636, 19, 'EJ8759', 2, 8, '1'),
(2637, 19, 'FP9513', 2, 8, '1'),
(2638, 19, 'GR8383', 2, 8, '1'),
(2639, 19, 'GR8429', 2, 8, '1'),
(2640, 19, 'GR9663', 2, 8, '1'),
(2641, 19, 'JC7138', 2, 8, '1'),
(2642, 19, 'JG4856', 2, 8, '1'),
(2643, 19, 'JR2828', 2, 8, '1'),
(2644, 19, 'JR6265', 2, 8, '1'),
(2645, 19, 'JR8687', 2, 8, '1'),
(2646, 19, 'JV6346', 2, 8, '1'),
(2647, 19, 'MJ6199', 2, 8, '1'),
(2648, 19, 'MR6432', 2, 8, '1');

-- --------------------------------------------------------

--
-- Estructura de tabla para la tabla `code`
--

CREATE TABLE `code` (
  `idCode` int(11) NOT NULL,
  `description` varchar(500) COLLATE utf8_spanish2_ci NOT NULL,
  `type` varchar(10) COLLATE utf8_spanish2_ci NOT NULL,
  `category` varchar(20) COLLATE utf8_spanish2_ci NOT NULL
) ENGINE=InnoDB DEFAULT CHARSET=utf8 COLLATE=utf8_spanish2_ci;

--
-- Volcado de datos para la tabla `code`
--

INSERT INTO `code` (`idCode`, `description`, `type`, `category`) VALUES
(1, 'Porta armas de fuego', 'MG', 'C'),
(2, 'Es mal amigo', 'G', 'C');

-- --------------------------------------------------------

--
-- Estructura de tabla para la tabla `code_category`
--

CREATE TABLE `code_category` (
  `idCategory` varchar(2) COLLATE utf8_spanish2_ci NOT NULL,
  `category` varchar(30) COLLATE utf8_spanish2_ci NOT NULL,
  `color` varchar(30) COLLATE utf8_spanish2_ci NOT NULL,
  `hex` varchar(20) COLLATE utf8_spanish2_ci NOT NULL
) ENGINE=InnoDB DEFAULT CHARSET=utf8 COLLATE=utf8_spanish2_ci;

--
-- Volcado de datos para la tabla `code_category`
--

INSERT INTO `code_category` (`idCategory`, `category`, `color`, `hex`) VALUES
('A', 'Asistencia', 'yellow', '#ffeb3b'),
('C', 'Comportamiento', 'purple lighten-1', '#ab47bc'),
('DA', 'Desempeño académico', 'teal', '#ab47bc'),
('ME', 'Moral y ética', 'blue', '#2196f3');

-- --------------------------------------------------------

--
-- Estructura de tabla para la tabla `code_type`
--

CREATE TABLE `code_type` (
  `idType` varchar(20) COLLATE utf8_spanish2_ci NOT NULL,
  `type` varchar(20) COLLATE utf8_spanish2_ci NOT NULL,
  `color` varchar(30) COLLATE utf8_spanish2_ci NOT NULL
) ENGINE=InnoDB DEFAULT CHARSET=utf8 COLLATE=utf8_spanish2_ci;

--
-- Volcado de datos para la tabla `code_type`
--

INSERT INTO `code_type` (`idType`, `type`, `color`) VALUES
('G', 'Grave', 'red lighten-2'),
('L', 'Leve', 'yellow'),
('MG', 'Muy grave', 'red'),
('P', 'Positivo', 'green');

-- --------------------------------------------------------

--
-- Estructura de tabla para la tabla `coordinator`
--

CREATE TABLE `coordinator` (
  `idCoor` varchar(15) COLLATE utf8_spanish2_ci NOT NULL,
  `name` varchar(85) COLLATE utf8_spanish2_ci NOT NULL,
  `lastName` varchar(85) COLLATE utf8_spanish2_ci NOT NULL,
  `dui` varchar(10) COLLATE utf8_spanish2_ci NOT NULL,
  `password` varchar(900) COLLATE utf8_spanish2_ci NOT NULL,
  `email` varchar(60) COLLATE utf8_spanish2_ci NOT NULL,
  `birthdate` date NOT NULL,
  `sex` varchar(1) COLLATE utf8_spanish2_ci NOT NULL,
  `profession` varchar(40) COLLATE utf8_spanish2_ci NOT NULL,
  `residence` varchar(100) COLLATE utf8_spanish2_ci NOT NULL,
  `phone` varchar(9) COLLATE utf8_spanish2_ci NOT NULL,
  `state` int(1) NOT NULL,
  `photo` varchar(150) COLLATE utf8_spanish2_ci NOT NULL
) ENGINE=InnoDB DEFAULT CHARSET=utf8 COLLATE=utf8_spanish2_ci;

--
-- Volcado de datos para la tabla `coordinator`
--

INSERT INTO `coordinator` (`idCoor`, `name`, `lastName`, `dui`, `password`, `email`, `birthdate`, `sex`, `profession`, `residence`, `phone`, `state`, `photo`) VALUES
('C1425', 'Glenda Luisa', 'Martinez Cocoa', '12345678-9', '10473!111153?108113*9702!73352*110133*10363!108113-10583/115193/10473-53L2?', 'lopezleonardo282@gmail.com', '1998-09-26', 'F', 'Licenciada en Idiomas', 'Santa Elena', '7499-2136', 1, 'C1425.jpg'),
('C1625', 'Oscar Antonio', 'Acosta Ramos', '98745612-3', '9702!112163-111153-114183*108113/9702?49l2!50a2*65272!', 'franklin.esquivel@outlook.com', '1955-10-09', 'M', 'Licenciado en comunicaciones', 'Santa Ana', '2598-3122', 1, 'C1625.jpeg'),
('C8692', 'Benito José', 'Martínez Escobar', '01235578-8', '57p2/10363-9922-10473/114183*10473?9922*50a2?', 'benito_martinez@gmail.com', '1981-02-01', 'M', 'Licenciado en Administración de Empresas', 'San Vicente', '2565-8595', 1, 'photo.png');

-- --------------------------------------------------------

--
-- Estructura de tabla para la tabla `evaluation_profile`
--

CREATE TABLE `evaluation_profile` (
  `idProfile` int(15) NOT NULL,
  `name` varchar(40) COLLATE utf8_spanish2_ci NOT NULL,
  `percentage` float NOT NULL,
  `idPeriod` int(15) NOT NULL,
  `description` varchar(500) COLLATE utf8_spanish2_ci NOT NULL,
  `idSubject` int(15) NOT NULL
) ENGINE=InnoDB DEFAULT CHARSET=utf8 COLLATE=utf8_spanish2_ci;

--
-- Volcado de datos para la tabla `evaluation_profile`
--

INSERT INTO `evaluation_profile` (`idProfile`, `name`, `percentage`, `idPeriod`, `description`, `idSubject`) VALUES
(1, 'Nota 1', 30, 1, '', 1),
(2, 'Nota 1', 30, 1, '', 2),
(3, 'Nota 1', 30, 1, '', 3),
(4, 'Nota 1', 30, 1, '', 4),
(5, 'Nota 1', 30, 1, '', 5),
(6, 'Nota 1', 30, 1, '', 6),
(7, 'Nota 1', 30, 1, '', 7),
(8, 'Nota 1', 30, 1, '', 8),
(9, 'Nota 1', 30, 1, '', 9),
(10, 'Nota 1', 30, 1, '', 10),
(11, 'Nota 1', 30, 1, '', 11),
(12, 'Nota 1', 30, 1, '', 12),
(13, 'Nota 1', 30, 1, '', 13),
(14, 'Nota 1', 30, 1, '', 14),
(15, 'Nota 1', 30, 1, '', 15),
(16, 'Nota 1', 30, 1, '', 16),
(17, 'Nota 1', 30, 1, '', 17),
(18, 'Nota 1', 30, 1, '', 18),
(19, 'Nota 1', 30, 1, '', 19),
(20, 'Nota 1', 30, 1, '', 20),
(21, 'Nota 1', 30, 1, '', 21),
(22, 'Nota 1', 30, 1, '', 22),
(23, 'Nota 1', 30, 1, '', 23),
(24, 'Nota 1', 30, 1, '', 24),
(25, 'Nota 1', 30, 1, '', 25),
(26, 'Nota 1', 30, 1, '', 26),
(27, 'Nota 1', 30, 1, '', 27),
(28, 'Nota 2', 35, 1, '', 1),
(29, 'Nota 2', 35, 1, '', 2),
(30, 'Nota 2', 35, 1, '', 3),
(31, 'Nota 2', 35, 1, '', 4),
(32, 'Nota 2', 35, 1, '', 5),
(33, 'Nota 2', 35, 1, '', 6),
(34, 'Nota 2', 35, 1, '', 7),
(35, 'Nota 2', 35, 1, '', 8),
(36, 'Nota 2', 35, 1, '', 9),
(37, 'Nota 2', 35, 1, '', 10),
(38, 'Nota 2', 35, 1, '', 11),
(39, 'Nota 2', 35, 1, '', 12),
(40, 'Nota 2', 35, 1, '', 13),
(41, 'Nota 2', 35, 1, '', 14),
(42, 'Nota 2', 35, 1, '', 15),
(43, 'Nota 2', 35, 1, '', 16),
(44, 'Nota 2', 35, 1, '', 17),
(45, 'Nota 2', 35, 1, '', 18),
(46, 'Nota 2', 35, 1, '', 19),
(47, 'Nota 2', 35, 1, '', 20),
(48, 'Nota 2', 35, 1, '', 21),
(49, 'Nota 2', 35, 1, '', 22),
(50, 'Nota 2', 35, 1, '', 23),
(51, 'Nota 2', 35, 1, '', 24),
(52, 'Nota 2', 35, 1, '', 25),
(53, 'Nota 2', 35, 1, '', 26),
(54, 'Nota 2', 35, 1, '', 27),
(55, 'Nota 3', 35, 1, '', 1),
(56, 'Nota 3', 35, 1, '', 2),
(57, 'Nota 3', 35, 1, '', 3),
(58, 'Nota 3', 35, 1, '', 4),
(59, 'Nota 3', 35, 1, '', 5),
(60, 'Nota 3', 35, 1, '', 6),
(61, 'Nota 3', 35, 1, '', 7),
(62, 'Nota 3', 35, 1, '', 8),
(63, 'Nota 3', 35, 1, '', 9),
(64, 'Nota 3', 35, 1, '', 10),
(65, 'Nota 3', 35, 1, '', 11),
(66, 'Nota 3', 35, 1, '', 12),
(67, 'Nota 3', 35, 1, '', 13),
(68, 'Nota 3', 35, 1, '', 14),
(69, 'Nota 3', 35, 1, '', 15),
(70, 'Nota 3', 35, 1, '', 16),
(71, 'Nota 3', 35, 1, '', 17),
(72, 'Nota 3', 35, 1, '', 18),
(73, 'Nota 3', 35, 1, '', 19),
(74, 'Nota 3', 35, 1, '', 20),
(75, 'Nota 3', 35, 1, '', 21),
(76, 'Nota 3', 35, 1, '', 22),
(77, 'Nota 3', 35, 1, '', 23),
(78, 'Nota 3', 35, 1, '', 24),
(79, 'Nota 3', 35, 1, '', 25),
(80, 'Nota 3', 35, 1, '', 26),
(81, 'Nota 3', 35, 1, '', 27),
(82, 'Nota 1', 30, 2, '', 27),
(83, 'Nota 1', 30, 2, '', 26),
(84, 'Nota 1', 30, 2, '', 25),
(85, 'Nota 1', 30, 2, '', 24),
(86, 'Nota 1', 30, 2, '', 23),
(87, 'Nota 1', 30, 2, '', 22),
(88, 'Nota 1', 30, 2, '', 21),
(89, 'Nota 1', 30, 2, '', 20),
(90, 'Nota 1', 30, 2, '', 19),
(91, 'Nota 1', 30, 2, '', 18),
(92, 'Nota 1', 30, 2, '', 17),
(93, 'Nota 1', 30, 2, '', 16),
(94, 'Nota 1', 30, 2, '', 15),
(95, 'Nota 1', 30, 2, '', 14),
(96, 'Nota 1', 30, 2, '', 13),
(97, 'Nota 1', 30, 2, '', 12),
(98, 'Nota 1', 30, 2, '', 11),
(99, 'Nota 1', 30, 2, '', 10),
(100, 'Nota 1', 30, 2, '', 9),
(101, 'Nota 1', 30, 2, '', 8),
(102, 'Nota 1', 30, 2, '', 7),
(103, 'Nota 1', 30, 2, '', 5),
(104, 'Nota 1', 30, 2, '', 6),
(105, 'Nota 1', 30, 2, '', 4),
(106, 'Nota 1', 30, 2, '', 3),
(107, 'Nota 1', 30, 2, '', 2),
(108, 'Nota 1', 30, 2, '', 1),
(109, 'Nota 2', 35, 2, '', 1),
(110, 'Nota 2', 35, 2, '', 2),
(111, 'Nota 2', 35, 2, '', 3),
(112, 'Nota 2', 35, 2, '', 4),
(113, 'Nota 2', 35, 2, '', 5),
(114, 'Nota 2', 35, 2, '', 6),
(115, 'Nota 2', 35, 2, '', 7),
(116, 'Nota 2', 35, 2, '', 8),
(117, 'Nota 2', 35, 2, '', 9),
(118, 'Nota 2', 35, 2, '', 10),
(119, 'Nota 2', 35, 2, '', 11),
(120, 'Nota 2', 35, 2, '', 12),
(121, 'Nota 2', 35, 2, '', 13),
(122, 'Nota 2', 35, 2, '', 14),
(123, 'Nota 2', 35, 2, '', 15),
(124, 'Nota 2', 35, 2, '', 16),
(125, 'Nota 2', 35, 2, '', 17),
(126, 'Nota 2', 35, 2, '', 18),
(127, 'Nota 2', 35, 2, '', 19),
(128, 'Nota 2', 35, 2, '', 20),
(129, 'Nota 2', 35, 2, '', 21),
(130, 'Nota 2', 35, 2, '', 22),
(131, 'Nota 2', 35, 2, '', 23),
(132, 'Nota 2', 35, 2, '', 24),
(133, 'Nota 2', 35, 2, '', 25),
(134, 'Nota 2', 35, 2, '', 26),
(135, 'Nota 2', 35, 2, '', 27),
(136, 'Nota 3', 35, 2, '', 1),
(137, 'Nota 3', 35, 2, '', 2),
(138, 'Nota 3', 35, 2, '', 3),
(139, 'Nota 3', 35, 2, '', 4),
(140, 'Nota 3', 35, 2, '', 5),
(141, 'Nota 3', 35, 2, '', 6),
(142, 'Nota 3', 35, 2, '', 7),
(143, 'Nota 3', 35, 2, '', 8),
(144, 'Nota 3', 35, 2, '', 9),
(145, 'Nota 3', 35, 2, '', 10),
(146, 'Nota 3', 35, 2, '', 11),
(147, 'Nota 3', 35, 2, '', 12),
(148, 'Nota 3', 35, 2, '', 13),
(149, 'Nota 3', 35, 2, '', 14),
(150, 'Nota 3', 35, 2, '', 15),
(151, 'Nota 3', 35, 2, '', 16),
(152, 'Nota 3', 35, 2, '', 17),
(153, 'Nota 3', 35, 2, '', 18),
(154, 'Nota 3', 35, 2, '', 19),
(155, 'Nota 3', 35, 2, '', 20),
(156, 'Nota 3', 35, 2, '', 21),
(157, 'Nota 3', 35, 2, '', 22),
(158, 'Nota 3', 35, 2, '', 23),
(159, 'Nota 3', 35, 2, '', 24),
(160, 'Nota 3', 35, 2, '', 25),
(161, 'Nota 3', 35, 2, '', 26),
(162, 'Nota 3', 35, 2, '', 27);

-- --------------------------------------------------------

--
-- Estructura de tabla para la tabla `gnrl_code`
--

CREATE TABLE `gnrl_code` (
  `id_GnrlCode` int(11) NOT NULL,
  `code_reference` varchar(1) COLLATE utf8_spanish2_ci NOT NULL,
  `cant_code` int(11) NOT NULL,
  `code_result` int(15) NOT NULL,
  `type_result` varchar(20) COLLATE utf8_spanish2_ci NOT NULL
) ENGINE=InnoDB DEFAULT CHARSET=utf8 COLLATE=utf8_spanish2_ci;

--
-- Volcado de datos para la tabla `gnrl_code`
--

INSERT INTO `gnrl_code` (`id_GnrlCode`, `code_reference`, `cant_code`, `code_result`, `type_result`) VALUES
(1, 'L', 6, 2, 'G'),
(2, 'G', 2, 1, 'MG');

-- --------------------------------------------------------

--
-- Estructura de tabla para la tabla `gnrl_info`
--

CREATE TABLE `gnrl_info` (
  `id_Info` int(15) NOT NULL,
  `num_hour` int(11) NOT NULL,
  `duration_hour` time NOT NULL,
  `num_breaks` int(11) NOT NULL,
  `duration_breaks` time NOT NULL,
  `max_student` int(11) NOT NULL,
  `expulsion_state` varchar(1) COLLATE utf8_spanish2_ci NOT NULL,
  `days_expulsion` int(11) NOT NULL,
  `cant_days` int(11) NOT NULL,
  `start_day` varchar(15) COLLATE utf8_spanish2_ci NOT NULL,
  `end_day` varchar(15) COLLATE utf8_spanish2_ci NOT NULL,
  `approved_grade` float NOT NULL
) ENGINE=InnoDB DEFAULT CHARSET=utf8 COLLATE=utf8_spanish2_ci;

--
-- Volcado de datos para la tabla `gnrl_info`
--

INSERT INTO `gnrl_info` (`id_Info`, `num_hour`, `duration_hour`, `num_breaks`, `duration_breaks`, `max_student`, `expulsion_state`, `days_expulsion`, `cant_days`, `start_day`, `end_day`, `approved_grade`) VALUES
(1, 10, '00:45:00', 2, '00:15:00', 40, 'E', 3, 5, 'Lunes', 'Viernes', 7);

-- --------------------------------------------------------

--
-- Estructura de tabla para la tabla `grade`
--

CREATE TABLE `grade` (
  `idGrade` int(15) NOT NULL,
  `grade` float NOT NULL,
  `idProfile` int(15) NOT NULL,
  `idStudent` varchar(15) COLLATE utf8_spanish2_ci NOT NULL
) ENGINE=InnoDB DEFAULT CHARSET=utf8 COLLATE=utf8_spanish2_ci;

--
-- Volcado de datos para la tabla `grade`
--

INSERT INTO `grade` (`idGrade`, `grade`, `idProfile`, `idStudent`) VALUES
(1, 7, 2, 'AS1983'),
(2, 7, 2, 'BS9588'),
(3, 7, 2, 'DB4645'),
(4, 7, 2, 'ER8335'),
(5, 7, 2, 'FT9543'),
(6, 7, 2, 'GG5559'),
(7, 7, 2, 'IA3668'),
(8, 7, 2, 'JA6681'),
(9, 7, 2, 'JL7274'),
(10, 7, 2, 'KÁ4733'),
(11, 7, 2, 'LM5852'),
(12, 7, 2, 'LR3335'),
(13, 7, 2, 'MD4436'),
(14, 7, 2, 'MM4921'),
(15, 7, 2, 'MR6891'),
(16, 7, 2, 'MS8242'),
(17, 8, 29, 'AS1983'),
(18, 8, 29, 'BS9588'),
(19, 8, 29, 'DB4645'),
(20, 8, 29, 'ER8335'),
(21, 8, 29, 'FT9543'),
(22, 8, 29, 'GG5559'),
(23, 8, 29, 'IA3668'),
(24, 8, 29, 'JA6681'),
(25, 8, 29, 'JL7274'),
(26, 8, 29, 'KÁ4733'),
(27, 8, 29, 'LM5852'),
(28, 8, 29, 'LR3335'),
(29, 8, 29, 'MD4436'),
(30, 8, 29, 'MM4921'),
(31, 8, 29, 'MR6891'),
(32, 8, 29, 'MS8242'),
(33, 8, 56, 'AS1983'),
(34, 8, 56, 'BS9588'),
(35, 8, 56, 'DB4645'),
(36, 8, 56, 'ER8335'),
(37, 8, 56, 'FT9543'),
(38, 8, 56, 'GG5559'),
(39, 8, 56, 'IA3668'),
(40, 8, 56, 'JA6681'),
(41, 8, 56, 'JL7274'),
(42, 8, 56, 'KÁ4733'),
(43, 8, 56, 'LM5852'),
(44, 8, 56, 'LR3335'),
(45, 8, 56, 'MD4436'),
(46, 8, 56, 'MM4921'),
(47, 8, 56, 'MR6891'),
(48, 8, 56, 'MS8242'),
(49, 7, 2, 'AC5563'),
(50, 7, 2, 'AM1638'),
(51, 7, 2, 'ÁN9224'),
(52, 7, 2, 'ÁR5923'),
(53, 7, 2, 'AR7259'),
(54, 7, 2, 'CL9634'),
(55, 7, 2, 'DJ1737'),
(56, 7, 2, 'DR7348'),
(57, 7, 2, 'DV9275'),
(58, 7, 2, 'EA4795'),
(59, 7, 2, 'EP4352'),
(60, 7, 2, 'ES9328'),
(61, 7, 2, 'FC1423'),
(62, 7, 2, 'GG3259'),
(63, 7, 2, 'HP7681'),
(64, 7, 2, 'JA2924'),
(65, 7, 2, 'JA3561'),
(66, 7, 2, 'JG7323'),
(67, 7, 2, 'JG8296'),
(68, 7, 2, 'JM7153'),
(69, 7, 2, 'JQ8827'),
(70, 7, 2, 'JR2253'),
(71, 7, 2, 'JS1311'),
(72, 7, 2, 'JT3175'),
(73, 7, 2, 'LP3696'),
(74, 7, 2, 'LP6885'),
(75, 7, 2, 'MC8646'),
(76, 7, 2, 'ML9342'),
(77, 7, 2, 'RG8592'),
(78, 7, 2, 'RS9179'),
(79, 7, 2, 'SC6342'),
(80, 8, 29, 'AC5563'),
(81, 8, 29, 'AM1638'),
(82, 8, 29, 'ÁN9224'),
(83, 8, 29, 'ÁR5923'),
(84, 8, 29, 'AR7259'),
(85, 8, 29, 'CL9634'),
(86, 8, 29, 'DJ1737'),
(87, 8, 29, 'DR7348'),
(88, 8, 29, 'DV9275'),
(89, 8, 29, 'EA4795'),
(90, 8, 29, 'EP4352'),
(91, 8, 29, 'ES9328'),
(92, 8, 29, 'FC1423'),
(93, 8, 29, 'GG3259'),
(94, 8, 29, 'HP7681'),
(95, 8, 29, 'JA2924'),
(96, 8, 29, 'JA3561'),
(97, 8, 29, 'JG7323'),
(98, 8, 29, 'JG8296'),
(99, 8, 29, 'JM7153'),
(100, 8, 29, 'JQ8827'),
(101, 8, 29, 'JR2253'),
(102, 8, 29, 'JS1311'),
(103, 8, 29, 'JT3175'),
(104, 8, 29, 'LP3696'),
(105, 8, 29, 'LP6885'),
(106, 8, 29, 'MC8646'),
(107, 8, 29, 'ML9342'),
(108, 8, 29, 'RG8592'),
(109, 8, 29, 'RS9179'),
(110, 8, 29, 'SC6342'),
(111, 9, 56, 'AC5563'),
(112, 9, 56, 'AM1638'),
(113, 9, 56, 'ÁN9224'),
(114, 9, 56, 'ÁR5923'),
(115, 9, 56, 'AR7259'),
(116, 9, 56, 'CL9634'),
(117, 9, 56, 'DJ1737'),
(118, 9, 56, 'DR7348'),
(119, 9, 56, 'DV9275'),
(120, 9, 56, 'EA4795'),
(121, 9, 56, 'EP4352'),
(122, 9, 56, 'ES9328'),
(123, 9, 56, 'FC1423'),
(124, 9, 56, 'GG3259'),
(125, 9, 56, 'HP7681'),
(126, 9, 56, 'JA2924'),
(127, 9, 56, 'JA3561'),
(128, 9, 56, 'JG7323'),
(129, 9, 56, 'JG8296'),
(130, 9, 56, 'JM7153'),
(131, 9, 56, 'JQ8827'),
(132, 9, 56, 'JR2253'),
(133, 9, 56, 'JS1311'),
(134, 9, 56, 'JT3175'),
(135, 9, 56, 'LP3696'),
(136, 9, 56, 'LP6885'),
(137, 9, 56, 'MC8646'),
(138, 9, 56, 'ML9342'),
(139, 9, 56, 'RG8592'),
(140, 9, 56, 'RS9179'),
(141, 9, 56, 'SC6342'),
(142, 7, 2, 'AG5462'),
(143, 7, 2, 'AP7669'),
(144, 7, 2, 'BR9523'),
(145, 7, 2, 'CC2413'),
(146, 7, 2, 'DV2282'),
(147, 7, 2, 'ES3336'),
(148, 7, 2, 'GM2599'),
(149, 7, 2, 'GR7387'),
(150, 7, 2, 'IP4186'),
(151, 7, 2, 'JF6817'),
(152, 7, 2, 'JO5431'),
(153, 7, 2, 'JR8381'),
(154, 7, 2, 'JV9236'),
(155, 7, 2, 'KM6618'),
(156, 7, 2, 'LC4825'),
(157, 7, 2, 'LM7791'),
(158, 7, 2, 'LO5959'),
(159, 7, 2, 'MA9567'),
(160, 7, 2, 'MD9555'),
(161, 7, 2, 'MM4716'),
(162, 7, 2, 'NR2346'),
(163, 7, 2, 'PC6556'),
(164, 7, 2, 'PG4466'),
(165, 7, 2, 'RA5176'),
(166, 7, 2, 'RV4421'),
(167, 7, 2, 'RV5182'),
(168, 8, 29, 'AG5462'),
(169, 8, 29, 'AP7669'),
(170, 8, 29, 'BR9523'),
(171, 8, 29, 'CC2413'),
(172, 8, 29, 'DV2282'),
(173, 8, 29, 'ES3336'),
(174, 8, 29, 'GM2599'),
(175, 8, 29, 'GR7387'),
(176, 8, 29, 'IP4186'),
(177, 8, 29, 'JF6817'),
(178, 8, 29, 'JO5431'),
(179, 8, 29, 'JR8381'),
(180, 8, 29, 'JV9236'),
(181, 8, 29, 'KM6618'),
(182, 8, 29, 'LC4825'),
(183, 8, 29, 'LM7791'),
(184, 8, 29, 'LO5959'),
(185, 8, 29, 'MA9567'),
(186, 8, 29, 'MD9555'),
(187, 8, 29, 'MM4716'),
(188, 8, 29, 'NR2346'),
(189, 8, 29, 'PC6556'),
(190, 8, 29, 'PG4466'),
(191, 8, 29, 'RA5176'),
(192, 8, 29, 'RV4421'),
(193, 8, 29, 'RV5182'),
(194, 7, 56, 'AG5462'),
(195, 7, 56, 'AP7669'),
(196, 7, 56, 'BR9523'),
(197, 7, 56, 'CC2413'),
(198, 7, 56, 'DV2282'),
(199, 7, 56, 'ES3336'),
(200, 7, 56, 'GM2599'),
(201, 7, 56, 'GR7387'),
(202, 7, 56, 'IP4186'),
(203, 7, 56, 'JF6817'),
(204, 7, 56, 'JO5431'),
(205, 7, 56, 'JR8381'),
(206, 7, 56, 'JV9236'),
(207, 7, 56, 'KM6618'),
(208, 7, 56, 'LC4825'),
(209, 7, 56, 'LM7791'),
(210, 7, 56, 'LO5959'),
(211, 7, 56, 'MA9567'),
(212, 7, 56, 'MD9555'),
(213, 7, 56, 'MM4716'),
(214, 7, 56, 'NR2346'),
(215, 7, 56, 'PC6556'),
(216, 7, 56, 'PG4466'),
(217, 7, 56, 'RA5176'),
(218, 7, 56, 'RV4421'),
(219, 7, 56, 'RV5182'),
(220, 7, 2, 'AC8372'),
(221, 7, 2, 'ÁT4399'),
(222, 7, 2, 'BC3517'),
(223, 7, 2, 'BG9639'),
(224, 7, 2, 'CG3314'),
(225, 7, 2, 'CG8874'),
(226, 7, 2, 'EF1291'),
(227, 7, 2, 'ER1325'),
(228, 7, 2, 'FL3514'),
(229, 7, 2, 'FP2126'),
(230, 7, 2, 'GF9739'),
(231, 7, 2, 'IP1554'),
(232, 7, 2, 'IV6296'),
(233, 7, 2, 'IV9459'),
(234, 7, 2, 'JC1912'),
(235, 7, 2, 'JJ8389'),
(236, 7, 2, 'JM9226'),
(237, 7, 2, 'LP9455'),
(238, 7, 2, 'MC4456'),
(239, 7, 2, 'MO3283'),
(240, 7, 2, 'MS4199'),
(241, 8, 29, 'AC8372'),
(242, 8, 29, 'ÁT4399'),
(243, 8, 29, 'BC3517'),
(244, 8, 29, 'BG9639'),
(245, 8, 29, 'CG3314'),
(246, 8, 29, 'CG8874'),
(247, 8, 29, 'EF1291'),
(248, 8, 29, 'ER1325'),
(249, 8, 29, 'FL3514'),
(250, 8, 29, 'FP2126'),
(251, 8, 29, 'GF9739'),
(252, 8, 29, 'IP1554'),
(253, 8, 29, 'IV6296'),
(254, 8, 29, 'IV9459'),
(255, 8, 29, 'JC1912'),
(256, 8, 29, 'JJ8389'),
(257, 8, 29, 'JM9226'),
(258, 8, 29, 'LP9455'),
(259, 8, 29, 'MC4456'),
(260, 8, 29, 'MO3283'),
(261, 8, 29, 'MS4199'),
(262, 9, 56, 'AC8372'),
(263, 9, 56, 'ÁT4399'),
(264, 9, 56, 'BC3517'),
(265, 9, 56, 'BG9639'),
(266, 9, 56, 'CG3314'),
(267, 9, 56, 'CG8874'),
(268, 9, 56, 'EF1291'),
(269, 9, 56, 'ER1325'),
(270, 9, 56, 'FL3514'),
(271, 9, 56, 'FP2126'),
(272, 9, 56, 'GF9739'),
(273, 9, 56, 'IP1554'),
(274, 9, 56, 'IV6296'),
(275, 9, 56, 'IV9459'),
(276, 9, 56, 'JC1912'),
(277, 9, 56, 'JJ8389'),
(278, 9, 56, 'JM9226'),
(279, 9, 56, 'LP9455'),
(280, 9, 56, 'MC4456'),
(281, 9, 56, 'MO3283'),
(282, 9, 56, 'MS4199'),
(283, 7, 15, 'AC5563'),
(284, 7, 15, 'AM1638'),
(285, 7, 15, 'ÁN9224'),
(286, 7, 15, 'ÁR5923'),
(287, 7, 15, 'AR7259'),
(288, 7, 15, 'CL9634'),
(289, 7, 15, 'DJ1737'),
(290, 7, 15, 'DR7348'),
(291, 7, 15, 'DV9275'),
(292, 7, 15, 'EA4795'),
(293, 7, 15, 'EP4352'),
(294, 7, 15, 'ES9328'),
(295, 7, 15, 'FC1423'),
(296, 7, 15, 'GG3259'),
(297, 7, 15, 'HP7681'),
(298, 7, 15, 'JA2924'),
(299, 7, 15, 'JA3561'),
(300, 7, 15, 'JG7323'),
(301, 7, 15, 'JG8296'),
(302, 7, 15, 'JM7153'),
(303, 7, 15, 'JQ8827'),
(304, 7, 15, 'JR2253'),
(305, 7, 15, 'JS1311'),
(306, 7, 15, 'JT3175'),
(307, 7, 15, 'LP3696'),
(308, 7, 15, 'LP6885'),
(309, 7, 15, 'MC8646'),
(310, 7, 15, 'ML9342'),
(311, 7, 15, 'RG8592'),
(312, 7, 15, 'RS9179'),
(313, 7, 15, 'SC6342'),
(314, 7, 42, 'AC5563'),
(315, 8, 42, 'AM1638'),
(316, 8, 42, 'ÁN9224'),
(317, 8, 42, 'ÁR5923'),
(318, 8, 42, 'AR7259'),
(319, 8, 42, 'CL9634'),
(320, 8, 42, 'DJ1737'),
(321, 8, 42, 'DR7348'),
(322, 8, 42, 'DV9275'),
(323, 8, 42, 'EA4795'),
(324, 8, 42, 'EP4352'),
(325, 8, 42, 'ES9328'),
(326, 8, 42, 'FC1423'),
(327, 8, 42, 'GG3259'),
(328, 8, 42, 'HP7681'),
(329, 8, 42, 'JA2924'),
(330, 8, 42, 'JA3561'),
(331, 8, 42, 'JG7323'),
(332, 8, 42, 'JG8296'),
(333, 8, 42, 'JM7153'),
(334, 8, 42, 'JQ8827'),
(335, 8, 42, 'JR2253'),
(336, 8, 42, 'JS1311'),
(337, 8, 42, 'JT3175'),
(338, 8, 42, 'LP3696'),
(339, 8, 42, 'LP6885'),
(340, 8, 42, 'MC8646'),
(341, 8, 42, 'ML9342'),
(342, 8, 42, 'RG8592'),
(343, 8, 42, 'RS9179'),
(344, 8, 42, 'SC6342'),
(345, 9, 69, 'AC5563'),
(346, 9, 69, 'AM1638'),
(347, 9, 69, 'ÁN9224'),
(348, 9, 69, 'ÁR5923'),
(349, 9, 69, 'AR7259'),
(350, 9, 69, 'CL9634'),
(351, 9, 69, 'DJ1737'),
(352, 9, 69, 'DR7348'),
(353, 9, 69, 'DV9275'),
(354, 9, 69, 'EA4795'),
(355, 9, 69, 'EP4352'),
(356, 9, 69, 'ES9328'),
(357, 9, 69, 'FC1423'),
(358, 9, 69, 'GG3259'),
(359, 9, 69, 'HP7681'),
(360, 9, 69, 'JA2924'),
(361, 9, 69, 'JA3561'),
(362, 9, 69, 'JG7323'),
(363, 9, 69, 'JG8296'),
(364, 9, 69, 'JM7153'),
(365, 9, 69, 'JQ8827'),
(366, 9, 69, 'JR2253'),
(367, 9, 69, 'JS1311'),
(368, 9, 69, 'JT3175'),
(369, 9, 69, 'LP3696'),
(370, 9, 69, 'LP6885'),
(371, 9, 69, 'MC8646'),
(372, 9, 69, 'ML9342'),
(373, 9, 69, 'RG8592'),
(374, 9, 69, 'RS9179'),
(375, 9, 69, 'SC6342'),
(376, 7, 16, 'AG3433'),
(377, 7, 16, 'AR5325'),
(378, 7, 16, 'BQ2628'),
(379, 7, 16, 'CD8339'),
(380, 7, 16, 'CL7913'),
(381, 7, 16, 'ER1971'),
(382, 7, 16, 'ER8677'),
(383, 7, 16, 'ET6197'),
(384, 7, 16, 'FB7737'),
(385, 7, 16, 'GL3842'),
(386, 7, 16, 'IA8993'),
(387, 7, 16, 'IQ8729'),
(388, 7, 16, 'JJ2182'),
(389, 7, 16, 'JM1958'),
(390, 7, 16, 'JM2892'),
(391, 7, 16, 'LR6137'),
(392, 7, 16, 'MH6433'),
(393, 7, 16, 'MM4383'),
(394, 7, 16, 'MP3665'),
(395, 7, 16, 'NR5288'),
(396, 7, 16, 'OD7389'),
(397, 8, 43, 'AG3433'),
(398, 8, 43, 'AR5325'),
(399, 8, 43, 'BQ2628'),
(400, 8, 43, 'CD8339'),
(401, 8, 43, 'CL7913'),
(402, 8, 43, 'ER1971'),
(403, 8, 43, 'ER8677'),
(404, 8, 43, 'ET6197'),
(405, 8, 43, 'FB7737'),
(406, 8, 43, 'GL3842'),
(407, 8, 43, 'IA8993'),
(408, 8, 43, 'IQ8729'),
(409, 8, 43, 'JJ2182'),
(410, 8, 43, 'JM1958'),
(411, 8, 43, 'JM2892'),
(412, 8, 43, 'LR6137'),
(413, 8, 43, 'MH6433'),
(414, 8, 43, 'MM4383'),
(415, 8, 43, 'MP3665'),
(416, 8, 43, 'NR5288'),
(417, 8, 43, 'OD7389'),
(418, 9, 70, 'AG3433'),
(419, 9, 70, 'AR5325'),
(420, 9, 70, 'BQ2628'),
(421, 9, 70, 'CD8339'),
(422, 9, 70, 'CL7913'),
(423, 9, 70, 'ER1971'),
(424, 9, 70, 'ER8677'),
(425, 9, 70, 'ET6197'),
(426, 9, 70, 'FB7737'),
(427, 9, 70, 'GL3842'),
(428, 9, 70, 'IA8993'),
(429, 9, 70, 'IQ8729'),
(430, 9, 70, 'JJ2182'),
(431, 9, 70, 'JM1958'),
(432, 9, 70, 'JM2892'),
(433, 9, 70, 'LR6137'),
(434, 9, 70, 'MH6433'),
(435, 9, 70, 'MM4383'),
(436, 9, 70, 'MP3665'),
(437, 9, 70, 'NR5288'),
(438, 9, 70, 'OD7389'),
(439, 7, 23, 'AG3433'),
(440, 7, 23, 'AR5325'),
(441, 7, 23, 'BQ2628'),
(442, 7, 23, 'CD8339'),
(443, 7, 23, 'CL7913'),
(444, 7, 23, 'ER1971'),
(445, 7, 23, 'ER8677'),
(446, 7, 23, 'ET6197'),
(447, 7, 23, 'FB7737'),
(448, 7, 23, 'GL3842'),
(449, 7, 23, 'IA8993'),
(450, 7, 23, 'IQ8729'),
(451, 7, 23, 'JJ2182'),
(452, 7, 23, 'JM1958'),
(453, 7, 23, 'JM2892'),
(454, 7, 23, 'LR6137'),
(455, 7, 23, 'MH6433'),
(456, 7, 23, 'MM4383'),
(457, 7, 23, 'MP3665'),
(458, 7, 23, 'NR5288'),
(459, 7, 23, 'OD7389'),
(460, 7, 50, 'AG3433'),
(461, 7, 50, 'AR5325'),
(462, 7, 50, 'BQ2628'),
(463, 7, 50, 'CD8339'),
(464, 7, 50, 'CL7913'),
(465, 7, 50, 'ER1971'),
(466, 7, 50, 'ER8677'),
(467, 8, 50, 'ET6197'),
(468, 8, 50, 'FB7737'),
(469, 8, 50, 'GL3842'),
(470, 8, 50, 'IA8993'),
(471, 8, 50, 'IQ8729'),
(472, 8, 50, 'JJ2182'),
(473, 8, 50, 'JM1958'),
(474, 8, 50, 'JM2892'),
(475, 8, 50, 'LR6137'),
(476, 8, 50, 'MH6433'),
(477, 8, 50, 'MM4383'),
(478, 8, 50, 'MP3665'),
(479, 8, 50, 'NR5288'),
(480, 8, 50, 'OD7389'),
(481, 9, 77, 'AG3433'),
(482, 9, 77, 'AR5325'),
(483, 9, 77, 'BQ2628'),
(484, 9, 77, 'CD8339'),
(485, 9, 77, 'CL7913'),
(486, 9, 77, 'ER1971'),
(487, 9, 77, 'ER8677'),
(488, 9, 77, 'ET6197'),
(489, 9, 77, 'FB7737'),
(490, 9, 77, 'GL3842'),
(491, 9, 77, 'IA8993'),
(492, 9, 77, 'IQ8729'),
(493, 9, 77, 'JJ2182'),
(494, 9, 77, 'JM1958'),
(495, 9, 77, 'JM2892'),
(496, 9, 77, 'LR6137'),
(497, 9, 77, 'MH6433'),
(498, 9, 77, 'MM4383'),
(499, 9, 77, 'MP3665'),
(500, 9, 77, 'NR5288'),
(501, 9, 77, 'OD7389'),
(502, 7, 23, 'AC9757'),
(503, 7, 23, 'AF6686'),
(504, 7, 23, 'AV1432'),
(505, 7, 23, 'BN8146'),
(506, 7, 23, 'CG6284'),
(507, 7, 23, 'CM1768'),
(508, 7, 23, 'CP2577'),
(509, 7, 23, 'CV1817'),
(510, 7, 23, 'EF2321'),
(511, 7, 23, 'FN9269'),
(512, 7, 23, 'IP9464'),
(513, 7, 23, 'JÁ1787'),
(514, 7, 23, 'JA6979'),
(515, 7, 23, 'JF6956'),
(516, 7, 23, 'JF9166'),
(517, 7, 23, 'JM6166'),
(518, 7, 23, 'JP1338'),
(519, 7, 23, 'JP9542'),
(520, 7, 23, 'JS1631'),
(521, 7, 23, 'JS5228'),
(522, 7, 23, 'LG3866'),
(523, 8, 50, 'AC9757'),
(524, 8, 50, 'AF6686'),
(525, 8, 50, 'AV1432'),
(526, 8, 50, 'BN8146'),
(527, 8, 50, 'CG6284'),
(528, 8, 50, 'CM1768'),
(529, 8, 50, 'CP2577'),
(530, 8, 50, 'CV1817'),
(531, 8, 50, 'EF2321'),
(532, 8, 50, 'FN9269'),
(533, 8, 50, 'IP9464'),
(534, 8, 50, 'JÁ1787'),
(535, 8, 50, 'JA6979'),
(536, 8, 50, 'JF6956'),
(537, 8, 50, 'JF9166'),
(538, 8, 50, 'JM6166'),
(539, 8, 50, 'JP1338'),
(540, 8, 50, 'JP9542'),
(541, 8, 50, 'JS1631'),
(542, 8, 50, 'JS5228'),
(543, 8, 50, 'LG3866'),
(544, 7, 77, 'AC9757'),
(545, 7, 77, 'AF6686'),
(546, 7, 77, 'AV1432'),
(547, 7, 77, 'BN8146'),
(548, 7, 77, 'CG6284'),
(549, 7, 77, 'CM1768'),
(550, 7, 77, 'CP2577'),
(551, 7, 77, 'CV1817'),
(552, 7, 77, 'EF2321'),
(553, 7, 77, 'FN9269'),
(554, 7, 77, 'IP9464'),
(555, 7, 77, 'JÁ1787'),
(556, 7, 77, 'JA6979'),
(557, 7, 77, 'JF6956'),
(558, 7, 77, 'JF9166'),
(559, 7, 77, 'JM6166'),
(560, 7, 77, 'JP1338'),
(561, 7, 77, 'JP9542'),
(562, 7, 77, 'JS1631'),
(563, 7, 77, 'JS5228'),
(564, 7, 77, 'LG3866'),
(565, 7, 23, 'AV2194'),
(566, 7, 23, 'AV9782'),
(567, 7, 23, 'CF7283'),
(568, 7, 23, 'CR3815'),
(569, 7, 23, 'DA6344'),
(570, 7, 23, 'DC7557'),
(571, 7, 23, 'DV6321'),
(572, 7, 23, 'EL4666'),
(573, 7, 23, 'EP9486'),
(574, 7, 23, 'ER2461'),
(575, 7, 23, 'FM6585'),
(576, 7, 23, 'FR8934'),
(577, 7, 23, 'FT1489'),
(578, 7, 23, 'FV5729'),
(579, 7, 23, 'GM3695'),
(580, 7, 23, 'JL5461'),
(581, 7, 23, 'JM4873'),
(582, 7, 23, 'JR3327'),
(583, 7, 23, 'KL8952'),
(584, 7, 23, 'LA2352'),
(585, 7, 23, 'LS1267'),
(586, 7, 23, 'MÁ5258'),
(587, 7, 23, 'MA9739'),
(588, 7, 23, 'OP9186'),
(589, 7, 23, 'OR5469'),
(590, 7, 23, 'PV2487'),
(591, 7, 50, 'AV2194'),
(592, 7, 50, 'AV9782'),
(593, 7, 50, 'CF7283'),
(594, 7, 50, 'CR3815'),
(595, 7, 50, 'DA6344'),
(596, 7, 50, 'DC7557'),
(597, 8, 50, 'DV6321'),
(598, 8, 50, 'EL4666'),
(599, 8, 50, 'EP9486'),
(600, 8, 50, 'ER2461'),
(601, 8, 50, 'FM6585'),
(602, 8, 50, 'FR8934'),
(603, 8, 50, 'FT1489'),
(604, 8, 50, 'FV5729'),
(605, 8, 50, 'GM3695'),
(606, 8, 50, 'JL5461'),
(607, 8, 50, 'JM4873'),
(608, 8, 50, 'JR3327'),
(609, 8, 50, 'KL8952'),
(610, 8, 50, 'LA2352'),
(611, 8, 50, 'LS1267'),
(612, 8, 50, 'MÁ5258'),
(613, 8, 50, 'MA9739'),
(614, 8, 50, 'OP9186'),
(615, 8, 50, 'OR5469'),
(616, 8, 50, 'PV2487'),
(617, 8, 77, 'AV2194'),
(618, 8, 77, 'AV9782'),
(619, 8, 77, 'CF7283'),
(620, 8, 77, 'CR3815'),
(621, 8, 77, 'DA6344'),
(622, 8, 77, 'DC7557'),
(623, 8, 77, 'DV6321'),
(624, 9, 77, 'EL4666'),
(625, 9, 77, 'EP9486'),
(626, 9, 77, 'ER2461'),
(627, 9, 77, 'FM6585'),
(628, 9, 77, 'FR8934'),
(629, 9, 77, 'FT1489'),
(630, 9, 77, 'FV5729'),
(631, 9, 77, 'GM3695'),
(632, 9, 77, 'JL5461'),
(633, 9, 77, 'JM4873'),
(634, 9, 77, 'JR3327'),
(635, 9, 77, 'KL8952'),
(636, 9, 77, 'LA2352'),
(637, 9, 77, 'LS1267'),
(638, 9, 77, 'MÁ5258'),
(639, 9, 77, 'MA9739'),
(640, 9, 77, 'OP9186'),
(641, 9, 77, 'OR5469'),
(642, 9, 77, 'PV2487'),
(643, 7, 23, 'AJ3557'),
(644, 7, 23, 'AL1951'),
(645, 7, 23, 'AT5162'),
(646, 7, 23, 'AV5191'),
(647, 7, 23, 'BL2957'),
(648, 7, 23, 'BO2759'),
(649, 7, 23, 'DR7596'),
(650, 7, 23, 'DR8694'),
(651, 7, 23, 'EM8842'),
(652, 7, 23, 'GM2229'),
(653, 7, 23, 'GV2633'),
(654, 7, 23, 'IB1332'),
(655, 7, 23, 'IP9558'),
(656, 7, 23, 'JÁ7773'),
(657, 7, 23, 'JB7154'),
(658, 7, 23, 'JC8281'),
(659, 7, 23, 'JG8863'),
(660, 7, 23, 'JP6494'),
(661, 7, 23, 'JQ9587'),
(662, 7, 23, 'KO6831'),
(663, 7, 23, 'LC8432'),
(664, 7, 23, 'LQ3145'),
(665, 7, 23, 'MF1821'),
(666, 7, 23, 'MN2956'),
(667, 7, 23, 'MQ5455'),
(668, 7, 23, 'MR3799'),
(669, 8, 50, 'AJ3557'),
(670, 8, 50, 'AL1951'),
(671, 8, 50, 'AT5162'),
(672, 8, 50, 'AV5191'),
(673, 8, 50, 'BL2957'),
(674, 8, 50, 'BO2759'),
(675, 8, 50, 'DR7596'),
(676, 8, 50, 'DR8694'),
(677, 8, 50, 'EM8842'),
(678, 8, 50, 'GM2229'),
(679, 8, 50, 'GV2633'),
(680, 8, 50, 'IB1332'),
(681, 8, 50, 'IP9558'),
(682, 8, 50, 'JÁ7773'),
(683, 8, 50, 'JB7154'),
(684, 8, 50, 'JC8281'),
(685, 8, 50, 'JG8863'),
(686, 8, 50, 'JP6494'),
(687, 8, 50, 'JQ9587'),
(688, 8, 50, 'KO6831'),
(689, 8, 50, 'LC8432'),
(690, 8, 50, 'LQ3145'),
(691, 8, 50, 'MF1821'),
(692, 8, 50, 'MN2956'),
(693, 8, 50, 'MQ5455'),
(694, 8, 50, 'MR3799'),
(695, 9, 77, 'AJ3557'),
(696, 9, 77, 'AL1951'),
(697, 9, 77, 'AT5162'),
(698, 9, 77, 'AV5191'),
(699, 9, 77, 'BL2957'),
(700, 9, 77, 'BO2759'),
(701, 9, 77, 'DR7596'),
(702, 9, 77, 'DR8694'),
(703, 9, 77, 'EM8842'),
(704, 9, 77, 'GM2229'),
(705, 9, 77, 'GV2633'),
(706, 9, 77, 'IB1332'),
(707, 9, 77, 'IP9558'),
(708, 9, 77, 'JÁ7773'),
(709, 9, 77, 'JB7154'),
(710, 9, 77, 'JC8281'),
(711, 9, 77, 'JG8863'),
(712, 9, 77, 'JP6494'),
(713, 9, 77, 'JQ9587'),
(714, 9, 77, 'KO6831'),
(715, 9, 77, 'LC8432'),
(716, 9, 77, 'LQ3145'),
(717, 9, 77, 'MF1821'),
(718, 9, 77, 'MN2956'),
(719, 9, 77, 'MQ5455'),
(720, 9, 77, 'MR3799'),
(721, 7, 1, 'AS1983'),
(722, 7, 1, 'BS9588'),
(723, 7, 1, 'DB4645'),
(724, 7, 1, 'ER8335'),
(725, 7, 1, 'FT9543'),
(726, 7, 1, 'GG5559'),
(727, 7, 1, 'IA3668'),
(728, 7, 1, 'JA6681'),
(729, 7, 1, 'JL7274'),
(730, 7, 1, 'KÁ4733'),
(731, 7, 1, 'LM5852'),
(732, 7, 1, 'LR3335'),
(733, 7, 1, 'MD4436'),
(734, 7, 1, 'MM4921'),
(735, 7, 1, 'MR6891'),
(736, 7, 1, 'MS8242'),
(737, 7, 28, 'AS1983'),
(738, 7, 28, 'BS9588'),
(739, 7, 28, 'DB4645'),
(740, 7, 28, 'ER8335'),
(741, 7, 28, 'FT9543'),
(742, 7, 28, 'GG5559'),
(743, 7, 28, 'IA3668'),
(744, 7, 28, 'JA6681'),
(745, 8, 28, 'JL7274'),
(746, 8, 28, 'KÁ4733'),
(747, 8, 28, 'LM5852'),
(748, 8, 28, 'LR3335'),
(749, 8, 28, 'MD4436'),
(750, 8, 28, 'MM4921'),
(751, 8, 28, 'MR6891'),
(752, 8, 28, 'MS8242'),
(753, 9, 55, 'AS1983'),
(754, 9, 55, 'BS9588'),
(755, 9, 55, 'DB4645'),
(756, 9, 55, 'ER8335'),
(757, 9, 55, 'FT9543'),
(758, 9, 55, 'GG5559'),
(759, 9, 55, 'IA3668'),
(760, 9, 55, 'JA6681'),
(761, 9, 55, 'JL7274'),
(762, 9, 55, 'KÁ4733'),
(763, 9, 55, 'LM5852'),
(764, 9, 55, 'LR3335'),
(765, 9, 55, 'MD4436'),
(766, 9, 55, 'MM4921'),
(767, 9, 55, 'MR6891'),
(768, 9, 55, 'MS8242'),
(769, 7, 1, 'AC5563'),
(770, 7, 1, 'AM1638'),
(771, 7, 1, 'ÁN9224'),
(772, 7, 1, 'ÁR5923'),
(773, 7, 1, 'AR7259'),
(774, 7, 1, 'CL9634'),
(775, 7, 1, 'DJ1737'),
(776, 7, 1, 'DR7348'),
(777, 7, 1, 'DV9275'),
(778, 7, 1, 'EA4795'),
(779, 7, 1, 'EP4352'),
(780, 7, 1, 'ES9328'),
(781, 7, 1, 'FC1423'),
(782, 7, 1, 'GG3259'),
(783, 7, 1, 'HP7681'),
(784, 7, 1, 'JA2924'),
(785, 7, 1, 'JA3561'),
(786, 7, 1, 'JG7323'),
(787, 7, 1, 'JG8296'),
(788, 7, 1, 'JM7153'),
(789, 7, 1, 'JQ8827'),
(790, 7, 1, 'JR2253'),
(791, 7, 1, 'JS1311'),
(792, 7, 1, 'JT3175'),
(793, 7, 1, 'LP3696'),
(794, 7, 1, 'LP6885'),
(795, 7, 1, 'MC8646'),
(796, 7, 1, 'ML9342'),
(797, 7, 1, 'RG8592'),
(798, 7, 1, 'RS9179'),
(799, 7, 1, 'SC6342'),
(800, 8, 28, 'AC5563'),
(801, 8, 28, 'AM1638'),
(802, 8, 28, 'ÁN9224'),
(803, 8, 28, 'ÁR5923'),
(804, 8, 28, 'AR7259'),
(805, 8, 28, 'CL9634'),
(806, 8, 28, 'DJ1737'),
(807, 8, 28, 'DR7348'),
(808, 8, 28, 'DV9275'),
(809, 8, 28, 'EA4795'),
(810, 8, 28, 'EP4352'),
(811, 8, 28, 'ES9328'),
(812, 8, 28, 'FC1423'),
(813, 8, 28, 'GG3259'),
(814, 8, 28, 'HP7681'),
(815, 8, 28, 'JA2924'),
(816, 8, 28, 'JA3561'),
(817, 8, 28, 'JG7323'),
(818, 8, 28, 'JG8296'),
(819, 8, 28, 'JM7153'),
(820, 8, 28, 'JQ8827'),
(821, 8, 28, 'JR2253'),
(822, 8, 28, 'JS1311'),
(823, 8, 28, 'JT3175'),
(824, 8, 28, 'LP3696'),
(825, 8, 28, 'LP6885'),
(826, 8, 28, 'MC8646'),
(827, 8, 28, 'ML9342'),
(828, 8, 28, 'RG8592'),
(829, 8, 28, 'RS9179'),
(830, 8, 28, 'SC6342'),
(831, 9, 55, 'AC5563'),
(832, 9, 55, 'AM1638'),
(833, 9, 55, 'ÁN9224'),
(834, 9, 55, 'ÁR5923'),
(835, 9, 55, 'AR7259'),
(836, 9, 55, 'CL9634'),
(837, 9, 55, 'DJ1737'),
(838, 9, 55, 'DR7348'),
(839, 9, 55, 'DV9275'),
(840, 9, 55, 'EA4795'),
(841, 9, 55, 'EP4352'),
(842, 9, 55, 'ES9328'),
(843, 9, 55, 'FC1423'),
(844, 9, 55, 'GG3259'),
(845, 9, 55, 'HP7681'),
(846, 9, 55, 'JA2924'),
(847, 9, 55, 'JA3561'),
(848, 9, 55, 'JG7323'),
(849, 9, 55, 'JG8296'),
(850, 9, 55, 'JM7153'),
(851, 9, 55, 'JQ8827'),
(852, 9, 55, 'JR2253'),
(853, 9, 55, 'JS1311'),
(854, 9, 55, 'JT3175'),
(855, 9, 55, 'LP3696'),
(856, 9, 55, 'LP6885'),
(857, 9, 55, 'MC8646'),
(858, 9, 55, 'ML9342'),
(859, 9, 55, 'RG8592'),
(860, 9, 55, 'RS9179'),
(861, 9, 55, 'SC6342'),
(862, 7, 1, 'AG5462'),
(863, 7, 1, 'AP7669'),
(864, 7, 1, 'BR9523'),
(865, 7, 1, 'CC2413'),
(866, 7, 1, 'DV2282'),
(867, 7, 1, 'ES3336'),
(868, 7, 1, 'GM2599'),
(869, 7, 1, 'GR7387'),
(870, 7, 1, 'IP4186'),
(871, 7, 1, 'JF6817'),
(872, 7, 1, 'JO5431'),
(873, 7, 1, 'JR8381'),
(874, 7, 1, 'JV9236'),
(875, 7, 1, 'KM6618'),
(876, 7, 1, 'LC4825'),
(877, 7, 1, 'LM7791'),
(878, 7, 1, 'LO5959'),
(879, 7, 1, 'MA9567'),
(880, 7, 1, 'MD9555'),
(881, 7, 1, 'MM4716'),
(882, 7, 1, 'NR2346'),
(883, 7, 1, 'PC6556'),
(884, 7, 1, 'PG4466'),
(885, 7, 1, 'RA5176'),
(886, 7, 1, 'RV4421'),
(887, 7, 1, 'RV5182'),
(888, 8, 28, 'AG5462'),
(889, 8, 28, 'AP7669'),
(890, 8, 28, 'BR9523'),
(891, 8, 28, 'CC2413'),
(892, 8, 28, 'DV2282'),
(893, 8, 28, 'ES3336'),
(894, 8, 28, 'GM2599'),
(895, 8, 28, 'GR7387'),
(896, 8, 28, 'IP4186'),
(897, 8, 28, 'JF6817'),
(898, 8, 28, 'JO5431'),
(899, 8, 28, 'JR8381'),
(900, 8, 28, 'JV9236'),
(901, 8, 28, 'KM6618'),
(902, 8, 28, 'LC4825'),
(903, 8, 28, 'LM7791'),
(904, 8, 28, 'LO5959'),
(905, 8, 28, 'MA9567'),
(906, 8, 28, 'MD9555'),
(907, 8, 28, 'MM4716'),
(908, 8, 28, 'NR2346'),
(909, 8, 28, 'PC6556'),
(910, 8, 28, 'PG4466'),
(911, 8, 28, 'RA5176'),
(912, 8, 28, 'RV4421'),
(913, 8, 28, 'RV5182'),
(914, 9, 55, 'AG5462'),
(915, 9, 55, 'AP7669'),
(916, 9, 55, 'BR9523'),
(917, 9, 55, 'CC2413'),
(918, 9, 55, 'DV2282'),
(919, 9, 55, 'ES3336'),
(920, 9, 55, 'GM2599'),
(921, 9, 55, 'GR7387'),
(922, 9, 55, 'IP4186'),
(923, 9, 55, 'JF6817'),
(924, 9, 55, 'JO5431'),
(925, 9, 55, 'JR8381'),
(926, 9, 55, 'JV9236'),
(927, 9, 55, 'KM6618'),
(928, 9, 55, 'LC4825'),
(929, 9, 55, 'LM7791'),
(930, 9, 55, 'LO5959'),
(931, 9, 55, 'MA9567'),
(932, 9, 55, 'MD9555'),
(933, 9, 55, 'MM4716'),
(934, 9, 55, 'NR2346'),
(935, 9, 55, 'PC6556'),
(936, 9, 55, 'PG4466'),
(937, 9, 55, 'RA5176'),
(938, 9, 55, 'RV4421'),
(939, 9, 55, 'RV5182'),
(940, 7, 1, 'AC8372'),
(941, 7, 1, 'ÁT4399'),
(942, 7, 1, 'BC3517'),
(943, 7, 1, 'BG9639'),
(944, 7, 1, 'CG3314'),
(945, 7, 1, 'CG8874'),
(946, 7, 1, 'EF1291'),
(947, 7, 1, 'ER1325'),
(948, 7, 1, 'FL3514'),
(949, 7, 1, 'FP2126'),
(950, 7, 1, 'GF9739'),
(951, 8, 1, 'IP1554'),
(952, 8, 1, 'IV6296'),
(953, 8, 1, 'IV9459'),
(954, 8, 1, 'JC1912'),
(955, 8, 1, 'JJ8389'),
(956, 8, 1, 'JM9226'),
(957, 8, 1, 'LP9455'),
(958, 8, 1, 'MC4456'),
(959, 8, 1, 'MO3283'),
(960, 8, 1, 'MS4199'),
(961, 7, 28, 'AC8372'),
(962, 7, 28, 'ÁT4399'),
(963, 7, 28, 'BC3517'),
(964, 7, 28, 'BG9639'),
(965, 7, 28, 'CG3314'),
(966, 7, 28, 'CG8874'),
(967, 7, 28, 'EF1291'),
(968, 7, 28, 'ER1325'),
(969, 7, 28, 'FL3514'),
(970, 7, 28, 'FP2126'),
(971, 7, 28, 'GF9739'),
(972, 7, 28, 'IP1554'),
(973, 7, 28, 'IV6296'),
(974, 7, 28, 'IV9459'),
(975, 7, 28, 'JC1912'),
(976, 7, 28, 'JJ8389'),
(977, 7, 28, 'JM9226'),
(978, 7, 28, 'LP9455'),
(979, 7, 28, 'MC4456'),
(980, 7, 28, 'MO3283'),
(981, 7, 28, 'MS4199'),
(982, 7, 55, 'AC8372'),
(983, 7, 55, 'ÁT4399'),
(984, 7, 55, 'BC3517'),
(985, 8, 55, 'BG9639'),
(986, 8, 55, 'CG3314'),
(987, 8, 55, 'CG8874'),
(988, 8, 55, 'EF1291'),
(989, 8, 55, 'ER1325'),
(990, 9, 55, 'FL3514'),
(991, 9, 55, 'FP2126'),
(992, 9, 55, 'GF9739'),
(993, 9, 55, 'IP1554'),
(994, 9, 55, 'IV6296'),
(995, 9, 55, 'IV9459'),
(996, 9, 55, 'JC1912'),
(997, 9, 55, 'JJ8389'),
(998, 9, 55, 'JM9226'),
(999, 9, 55, 'LP9455'),
(1000, 9, 55, 'MC4456'),
(1001, 9, 55, 'MO3283'),
(1002, 9, 55, 'MS4199'),
(1003, 7, 17, 'AC5755'),
(1004, 7, 17, 'AS7999'),
(1005, 7, 17, 'BA3564'),
(1006, 7, 17, 'BM7119'),
(1007, 7, 17, 'CL9294'),
(1008, 7, 17, 'CP7186'),
(1009, 7, 17, 'DR7987'),
(1010, 7, 17, 'DS5899'),
(1011, 7, 17, 'EP2846'),
(1012, 7, 17, 'FV5372'),
(1013, 7, 17, 'GR9232'),
(1014, 7, 17, 'IJ2434'),
(1015, 7, 17, 'JF6695'),
(1016, 7, 17, 'JG8253'),
(1017, 7, 17, 'JH1242'),
(1018, 7, 17, 'JM5279'),
(1019, 7, 17, 'JS5299'),
(1020, 7, 17, 'LC2335'),
(1021, 7, 17, 'LM8535'),
(1022, 7, 17, 'SP1535'),
(1023, 7, 17, 'SS6823'),
(1024, 7, 44, 'AC5755'),
(1025, 7, 44, 'AS7999'),
(1026, 8, 44, 'BA3564'),
(1027, 8, 44, 'BM7119'),
(1028, 8, 44, 'CL9294'),
(1029, 8, 44, 'CP7186'),
(1030, 8, 44, 'DR7987'),
(1031, 8, 44, 'DS5899'),
(1032, 8, 44, 'EP2846'),
(1033, 8, 44, 'FV5372'),
(1034, 8, 44, 'GR9232'),
(1035, 8, 44, 'IJ2434'),
(1036, 8, 44, 'JF6695'),
(1037, 8, 44, 'JG8253'),
(1038, 8, 44, 'JH1242'),
(1039, 8, 44, 'JM5279'),
(1040, 8, 44, 'JS5299'),
(1041, 8, 44, 'LC2335'),
(1042, 8, 44, 'LM8535'),
(1043, 8, 44, 'SP1535'),
(1044, 8, 44, 'SS6823'),
(1045, 9, 71, 'AC5755'),
(1046, 9, 71, 'AS7999'),
(1047, 9, 71, 'BA3564'),
(1048, 9, 71, 'BM7119'),
(1049, 9, 71, 'CL9294'),
(1050, 9, 71, 'CP7186'),
(1051, 9, 71, 'DR7987'),
(1052, 9, 71, 'DS5899'),
(1053, 9, 71, 'EP2846'),
(1054, 9, 71, 'FV5372'),
(1055, 9, 71, 'GR9232'),
(1056, 9, 71, 'IJ2434'),
(1057, 9, 71, 'JF6695'),
(1058, 9, 71, 'JG8253'),
(1059, 9, 71, 'JH1242'),
(1060, 9, 71, 'JM5279'),
(1061, 9, 71, 'JS5299'),
(1062, 9, 71, 'LC2335'),
(1063, 9, 71, 'LM8535'),
(1064, 9, 71, 'SP1535'),
(1065, 9, 71, 'SS6823'),
(1066, 7, 7, 'AG5462'),
(1067, 7, 7, 'AP7669'),
(1068, 7, 7, 'BR9523'),
(1069, 7, 7, 'CC2413'),
(1070, 7, 7, 'DV2282'),
(1071, 7, 7, 'ES3336'),
(1072, 7, 7, 'GM2599'),
(1073, 7, 7, 'GR7387'),
(1074, 7, 7, 'IP4186'),
(1075, 7, 7, 'JF6817'),
(1076, 7, 7, 'JO5431'),
(1077, 7, 7, 'JR8381'),
(1078, 7, 7, 'JV9236'),
(1079, 7, 7, 'KM6618'),
(1080, 7, 7, 'LC4825'),
(1081, 7, 7, 'LM7791'),
(1082, 7, 7, 'LO5959'),
(1083, 7, 7, 'MA9567'),
(1084, 7, 7, 'MD9555'),
(1085, 7, 7, 'MM4716'),
(1086, 7, 7, 'NR2346'),
(1087, 7, 7, 'PC6556'),
(1088, 7, 7, 'PG4466'),
(1089, 7, 7, 'RA5176'),
(1090, 7, 7, 'RV4421'),
(1091, 7, 7, 'RV5182'),
(1092, 8, 34, 'AG5462'),
(1093, 8, 34, 'AP7669'),
(1094, 8, 34, 'BR9523'),
(1095, 8, 34, 'CC2413'),
(1096, 8, 34, 'DV2282'),
(1097, 8, 34, 'ES3336'),
(1098, 8, 34, 'GM2599'),
(1099, 8, 34, 'GR7387'),
(1100, 8, 34, 'IP4186'),
(1101, 8, 34, 'JF6817'),
(1102, 8, 34, 'JO5431'),
(1103, 8, 34, 'JR8381'),
(1104, 8, 34, 'JV9236'),
(1105, 8, 34, 'KM6618'),
(1106, 8, 34, 'LC4825'),
(1107, 8, 34, 'LM7791'),
(1108, 8, 34, 'LO5959'),
(1109, 8, 34, 'MA9567'),
(1110, 8, 34, 'MD9555'),
(1111, 8, 34, 'MM4716'),
(1112, 8, 34, 'NR2346'),
(1113, 8, 34, 'PC6556'),
(1114, 8, 34, 'PG4466'),
(1115, 8, 34, 'RA5176'),
(1116, 8, 34, 'RV4421'),
(1117, 8, 34, 'RV5182'),
(1118, 9, 61, 'AG5462'),
(1119, 9, 61, 'AP7669'),
(1120, 9, 61, 'BR9523'),
(1121, 9, 61, 'CC2413'),
(1122, 9, 61, 'DV2282'),
(1123, 9, 61, 'ES3336'),
(1124, 9, 61, 'GM2599'),
(1125, 9, 61, 'GR7387'),
(1126, 9, 61, 'IP4186'),
(1127, 9, 61, 'JF6817'),
(1128, 9, 61, 'JO5431'),
(1129, 9, 61, 'JR8381'),
(1130, 9, 61, 'JV9236'),
(1131, 9, 61, 'KM6618'),
(1132, 9, 61, 'LC4825'),
(1133, 9, 61, 'LM7791'),
(1134, 9, 61, 'LO5959'),
(1135, 9, 61, 'MA9567'),
(1136, 9, 61, 'MD9555'),
(1137, 9, 61, 'MM4716'),
(1138, 9, 61, 'NR2346'),
(1139, 9, 61, 'PC6556'),
(1140, 9, 61, 'PG4466'),
(1141, 9, 61, 'RA5176'),
(1142, 9, 61, 'RV4421'),
(1143, 9, 61, 'RV5182'),
(1144, 7, 7, 'AC8372'),
(1145, 7, 7, 'ÁT4399'),
(1146, 7, 7, 'BC3517'),
(1147, 7, 7, 'BG9639'),
(1148, 7, 7, 'CG3314'),
(1149, 7, 7, 'CG8874'),
(1150, 7, 7, 'EF1291'),
(1151, 7, 7, 'ER1325'),
(1152, 7, 7, 'FL3514'),
(1153, 7, 7, 'FP2126'),
(1154, 7, 7, 'GF9739'),
(1155, 7, 7, 'IP1554'),
(1156, 7, 7, 'IV6296'),
(1157, 7, 7, 'IV9459'),
(1158, 7, 7, 'JC1912'),
(1159, 7, 7, 'JJ8389'),
(1160, 7, 7, 'JM9226'),
(1161, 7, 7, 'LP9455'),
(1162, 7, 7, 'MC4456'),
(1163, 7, 7, 'MO3283'),
(1164, 7, 7, 'MS4199'),
(1165, 8, 34, 'AC8372'),
(1166, 8, 34, 'ÁT4399'),
(1167, 8, 34, 'BC3517'),
(1168, 8, 34, 'BG9639'),
(1169, 8, 34, 'CG3314'),
(1170, 8, 34, 'CG8874'),
(1171, 8, 34, 'EF1291'),
(1172, 8, 34, 'ER1325'),
(1173, 8, 34, 'FL3514'),
(1174, 8, 34, 'FP2126'),
(1175, 8, 34, 'GF9739'),
(1176, 8, 34, 'IP1554'),
(1177, 8, 34, 'IV6296'),
(1178, 8, 34, 'IV9459'),
(1179, 8, 34, 'JC1912'),
(1180, 8, 34, 'JJ8389'),
(1181, 8, 34, 'JM9226'),
(1182, 8, 34, 'LP9455'),
(1183, 8, 34, 'MC4456'),
(1184, 8, 34, 'MO3283'),
(1185, 8, 34, 'MS4199'),
(1186, 9, 61, 'AC8372'),
(1187, 9, 61, 'ÁT4399'),
(1188, 9, 61, 'BC3517'),
(1189, 9, 61, 'BG9639'),
(1190, 9, 61, 'CG3314'),
(1191, 9, 61, 'CG8874'),
(1192, 9, 61, 'EF1291'),
(1193, 9, 61, 'ER1325'),
(1194, 9, 61, 'FL3514'),
(1195, 9, 61, 'FP2126'),
(1196, 9, 61, 'GF9739'),
(1197, 9, 61, 'IP1554'),
(1198, 9, 61, 'IV6296'),
(1199, 9, 61, 'IV9459'),
(1200, 9, 61, 'JC1912'),
(1201, 9, 61, 'JJ8389'),
(1202, 9, 61, 'JM9226'),
(1203, 9, 61, 'LP9455'),
(1204, 9, 61, 'MC4456'),
(1205, 9, 61, 'MO3283'),
(1206, 9, 61, 'MS4199'),
(1207, 7, 8, 'AV2194'),
(1208, 7, 8, 'AV9782'),
(1209, 7, 8, 'CF7283'),
(1210, 7, 8, 'CR3815'),
(1211, 7, 8, 'DA6344'),
(1212, 7, 8, 'DC7557'),
(1213, 7, 8, 'DV6321'),
(1214, 7, 8, 'EL4666'),
(1215, 7, 8, 'EP9486'),
(1216, 7, 8, 'ER2461'),
(1217, 7, 8, 'FM6585'),
(1218, 7, 8, 'FR8934'),
(1219, 7, 8, 'FT1489'),
(1220, 7, 8, 'FV5729'),
(1221, 7, 8, 'GM3695'),
(1222, 7, 8, 'JL5461'),
(1223, 7, 8, 'JM4873'),
(1224, 7, 8, 'JR3327'),
(1225, 7, 8, 'KL8952'),
(1226, 7, 8, 'LA2352'),
(1227, 7, 8, 'LS1267'),
(1228, 7, 8, 'MÁ5258'),
(1229, 7, 8, 'MA9739'),
(1230, 7, 8, 'OP9186'),
(1231, 7, 8, 'OR5469'),
(1232, 7, 8, 'PV2487'),
(1233, 8, 35, 'AV2194'),
(1234, 8, 35, 'AV9782'),
(1235, 8, 35, 'CF7283'),
(1236, 8, 35, 'CR3815'),
(1237, 8, 35, 'DA6344'),
(1238, 8, 35, 'DC7557'),
(1239, 8, 35, 'DV6321'),
(1240, 8, 35, 'EL4666'),
(1241, 8, 35, 'EP9486'),
(1242, 8, 35, 'ER2461'),
(1243, 8, 35, 'FM6585'),
(1244, 8, 35, 'FR8934'),
(1245, 8, 35, 'FT1489'),
(1246, 8, 35, 'FV5729'),
(1247, 8, 35, 'GM3695'),
(1248, 8, 35, 'JL5461'),
(1249, 8, 35, 'JM4873'),
(1250, 8, 35, 'JR3327'),
(1251, 8, 35, 'KL8952'),
(1252, 8, 35, 'LA2352'),
(1253, 8, 35, 'LS1267'),
(1254, 8, 35, 'MÁ5258'),
(1255, 8, 35, 'MA9739'),
(1256, 8, 35, 'OP9186'),
(1257, 8, 35, 'OR5469'),
(1258, 8, 35, 'PV2487'),
(1259, 9, 62, 'AV2194'),
(1260, 9, 62, 'AV9782'),
(1261, 9, 62, 'CF7283'),
(1262, 9, 62, 'CR3815'),
(1263, 9, 62, 'DA6344'),
(1264, 9, 62, 'DC7557'),
(1265, 9, 62, 'DV6321'),
(1266, 9, 62, 'EL4666'),
(1267, 9, 62, 'EP9486'),
(1268, 9, 62, 'ER2461'),
(1269, 9, 62, 'FM6585'),
(1270, 9, 62, 'FR8934'),
(1271, 9, 62, 'FT1489'),
(1272, 9, 62, 'FV5729'),
(1273, 9, 62, 'GM3695'),
(1274, 9, 62, 'JL5461'),
(1275, 9, 62, 'JM4873'),
(1276, 9, 62, 'JR3327'),
(1277, 9, 62, 'KL8952'),
(1278, 9, 62, 'LA2352'),
(1279, 9, 62, 'LS1267'),
(1280, 9, 62, 'MÁ5258'),
(1281, 9, 62, 'MA9739'),
(1282, 9, 62, 'OP9186'),
(1283, 9, 62, 'OR5469'),
(1284, 9, 62, 'PV2487'),
(1285, 7, 8, 'AJ3557'),
(1286, 7, 8, 'AL1951'),
(1287, 7, 8, 'AT5162'),
(1288, 7, 8, 'AV5191'),
(1289, 7, 8, 'BL2957'),
(1290, 7, 8, 'BO2759'),
(1291, 7, 8, 'DR7596'),
(1292, 7, 8, 'DR8694'),
(1293, 7, 8, 'EM8842'),
(1294, 7, 8, 'GM2229'),
(1295, 7, 8, 'GV2633'),
(1296, 7, 8, 'IB1332'),
(1297, 7, 8, 'IP9558'),
(1298, 7, 8, 'JÁ7773'),
(1299, 7, 8, 'JB7154'),
(1300, 7, 8, 'JC8281'),
(1301, 7, 8, 'JG8863'),
(1302, 7, 8, 'JP6494'),
(1303, 7, 8, 'JQ9587'),
(1304, 7, 8, 'KO6831'),
(1305, 7, 8, 'LC8432'),
(1306, 7, 8, 'LQ3145'),
(1307, 7, 8, 'MF1821'),
(1308, 7, 8, 'MN2956'),
(1309, 7, 8, 'MQ5455'),
(1310, 7, 8, 'MR3799'),
(1311, 7, 35, 'AJ3557'),
(1312, 7, 35, 'AL1951'),
(1313, 7, 35, 'AT5162'),
(1314, 7, 35, 'AV5191'),
(1315, 7, 35, 'BL2957'),
(1316, 7, 35, 'BO2759'),
(1317, 7, 35, 'DR7596'),
(1318, 7, 35, 'DR8694'),
(1319, 7, 35, 'EM8842'),
(1320, 7, 35, 'GM2229'),
(1321, 7, 35, 'GV2633'),
(1322, 7, 35, 'IB1332'),
(1323, 7, 35, 'IP9558'),
(1324, 7, 35, 'JÁ7773'),
(1325, 7, 35, 'JB7154'),
(1326, 7, 35, 'JC8281'),
(1327, 7, 35, 'JG8863'),
(1328, 7, 35, 'JP6494'),
(1329, 7, 35, 'JQ9587'),
(1330, 7, 35, 'KO6831'),
(1331, 7, 35, 'LC8432'),
(1332, 7, 35, 'LQ3145'),
(1333, 7, 35, 'MF1821'),
(1334, 7, 35, 'MN2956'),
(1335, 7, 35, 'MQ5455'),
(1336, 7, 35, 'MR3799'),
(1337, 9, 62, 'AJ3557'),
(1338, 9, 62, 'AL1951'),
(1339, 9, 62, 'AT5162'),
(1340, 9, 62, 'AV5191'),
(1341, 9, 62, 'BL2957'),
(1342, 9, 62, 'BO2759'),
(1343, 9, 62, 'DR7596'),
(1344, 9, 62, 'DR8694'),
(1345, 9, 62, 'EM8842'),
(1346, 9, 62, 'GM2229'),
(1347, 9, 62, 'GV2633'),
(1348, 9, 62, 'IB1332'),
(1349, 9, 62, 'IP9558'),
(1350, 9, 62, 'JÁ7773'),
(1351, 9, 62, 'JB7154'),
(1352, 9, 62, 'JC8281'),
(1353, 9, 62, 'JG8863'),
(1354, 9, 62, 'JP6494'),
(1355, 9, 62, 'JQ9587'),
(1356, 9, 62, 'KO6831'),
(1357, 9, 62, 'LC8432'),
(1358, 9, 62, 'LQ3145'),
(1359, 9, 62, 'MF1821'),
(1360, 9, 62, 'MN2956'),
(1361, 9, 62, 'MQ5455'),
(1362, 9, 62, 'MR3799'),
(1363, 7, 11, 'AS1983'),
(1364, 7, 11, 'BS9588'),
(1365, 7, 11, 'DB4645'),
(1366, 7, 11, 'ER8335'),
(1367, 7, 11, 'FT9543'),
(1368, 7, 11, 'GG5559'),
(1369, 7, 11, 'IA3668'),
(1370, 7, 11, 'JA6681'),
(1371, 7, 11, 'JL7274'),
(1372, 7, 11, 'KÁ4733'),
(1373, 7, 11, 'LM5852'),
(1374, 7, 11, 'LR3335'),
(1375, 7, 11, 'MD4436'),
(1376, 7, 11, 'MM4921'),
(1377, 7, 11, 'MR6891'),
(1378, 7, 11, 'MS8242'),
(1379, 8, 38, 'AS1983'),
(1380, 8, 38, 'BS9588'),
(1381, 8, 38, 'DB4645'),
(1382, 8, 38, 'ER8335'),
(1383, 8, 38, 'FT9543'),
(1384, 8, 38, 'GG5559'),
(1385, 8, 38, 'IA3668'),
(1386, 7.98, 38, 'JA6681'),
(1387, 8, 38, 'JL7274'),
(1388, 8, 38, 'KÁ4733'),
(1389, 8, 38, 'LM5852'),
(1390, 8, 38, 'LR3335'),
(1391, 8, 38, 'MD4436'),
(1392, 8, 38, 'MM4921'),
(1393, 8, 38, 'MR6891'),
(1394, 8, 38, 'MS8242'),
(1395, 9, 65, 'AS1983'),
(1396, 9, 65, 'BS9588'),
(1397, 9, 65, 'DB4645'),
(1398, 9, 65, 'ER8335'),
(1399, 9, 65, 'FT9543'),
(1400, 9, 65, 'GG5559'),
(1401, 9, 65, 'IA3668'),
(1402, 9, 65, 'JA6681'),
(1403, 9, 65, 'JL7274'),
(1404, 9, 65, 'KÁ4733'),
(1405, 9, 65, 'LM5852'),
(1406, 9, 65, 'LR3335'),
(1407, 9, 65, 'MD4436'),
(1408, 9, 65, 'MM4921'),
(1409, 9, 65, 'MR6891'),
(1410, 9, 65, 'MS8242'),
(1411, 7, 11, 'AC5563'),
(1412, 7, 11, 'AM1638'),
(1413, 7, 11, 'ÁN9224'),
(1414, 7, 11, 'ÁR5923'),
(1415, 7, 11, 'AR7259'),
(1416, 7, 11, 'CL9634'),
(1417, 7, 11, 'DJ1737'),
(1418, 7, 11, 'DR7348'),
(1419, 7, 11, 'DV9275'),
(1420, 7, 11, 'EA4795'),
(1421, 7, 11, 'EP4352'),
(1422, 7, 11, 'ES9328'),
(1423, 7, 11, 'FC1423'),
(1424, 7, 11, 'GG3259'),
(1425, 7, 11, 'HP7681'),
(1426, 7, 11, 'JA2924'),
(1427, 7, 11, 'JA3561'),
(1428, 7, 11, 'JG7323'),
(1429, 7, 11, 'JG8296'),
(1430, 7, 11, 'JM7153'),
(1431, 7, 11, 'JQ8827'),
(1432, 7, 11, 'JR2253'),
(1433, 7, 11, 'JS1311'),
(1434, 7, 11, 'JT3175'),
(1435, 7, 11, 'LP3696'),
(1436, 7, 11, 'LP6885'),
(1437, 7, 11, 'MC8646'),
(1438, 7, 11, 'ML9342'),
(1439, 7, 11, 'RG8592'),
(1440, 7, 11, 'RS9179'),
(1441, 7, 11, 'SC6342'),
(1442, 8, 38, 'AC5563'),
(1443, 8, 38, 'AM1638'),
(1444, 8, 38, 'ÁN9224'),
(1445, 8, 38, 'ÁR5923'),
(1446, 8, 38, 'AR7259'),
(1447, 8, 38, 'CL9634'),
(1448, 8, 38, 'DJ1737'),
(1449, 8, 38, 'DR7348'),
(1450, 8, 38, 'DV9275'),
(1451, 8, 38, 'EA4795'),
(1452, 8, 38, 'EP4352'),
(1453, 8, 38, 'ES9328'),
(1454, 8, 38, 'FC1423'),
(1455, 8, 38, 'GG3259'),
(1456, 8, 38, 'HP7681'),
(1457, 8, 38, 'JA2924'),
(1458, 8, 38, 'JA3561'),
(1459, 8, 38, 'JG7323'),
(1460, 8, 38, 'JG8296'),
(1461, 8, 38, 'JM7153'),
(1462, 8, 38, 'JQ8827'),
(1463, 8, 38, 'JR2253'),
(1464, 8, 38, 'JS1311'),
(1465, 8, 38, 'JT3175'),
(1466, 8, 38, 'LP3696'),
(1467, 8, 38, 'LP6885'),
(1468, 8, 38, 'MC8646'),
(1469, 8, 38, 'ML9342'),
(1470, 8, 38, 'RG8592'),
(1471, 8, 38, 'RS9179'),
(1472, 8, 38, 'SC6342'),
(1473, 9, 65, 'AC5563'),
(1474, 9, 65, 'AM1638'),
(1475, 9, 65, 'ÁN9224'),
(1476, 9, 65, 'ÁR5923'),
(1477, 9, 65, 'AR7259'),
(1478, 9, 65, 'CL9634'),
(1479, 9, 65, 'DJ1737'),
(1480, 9, 65, 'DR7348'),
(1481, 9, 65, 'DV9275'),
(1482, 9, 65, 'EA4795'),
(1483, 9, 65, 'EP4352'),
(1484, 9, 65, 'ES9328'),
(1485, 8, 65, 'FC1423'),
(1486, 8, 65, 'GG3259'),
(1487, 8, 65, 'HP7681'),
(1488, 8, 65, 'JA2924'),
(1489, 8, 65, 'JA3561'),
(1490, 8, 65, 'JG7323'),
(1491, 8, 65, 'JG8296'),
(1492, 7, 65, 'JM7153'),
(1493, 7, 65, 'JQ8827'),
(1494, 7, 65, 'JR2253'),
(1495, 7, 65, 'JS1311'),
(1496, 7, 65, 'JT3175'),
(1497, 7, 65, 'LP3696'),
(1498, 7, 65, 'LP6885'),
(1499, 7, 65, 'MC8646'),
(1500, 7, 65, 'ML9342'),
(1501, 7, 65, 'RG8592'),
(1502, 7, 65, 'RS9179'),
(1503, 7, 65, 'SC6342'),
(1504, 7, 11, 'AG5462'),
(1505, 7, 11, 'AP7669'),
(1506, 7, 11, 'BR9523'),
(1507, 7, 11, 'CC2413'),
(1508, 7, 11, 'DV2282'),
(1509, 7, 11, 'ES3336'),
(1510, 7, 11, 'GM2599'),
(1511, 7, 11, 'GR7387'),
(1512, 7, 11, 'IP4186'),
(1513, 7, 11, 'JF6817'),
(1514, 7, 11, 'JO5431'),
(1515, 7, 11, 'JR8381'),
(1516, 7, 11, 'JV9236'),
(1517, 7, 11, 'KM6618'),
(1518, 7, 11, 'LC4825'),
(1519, 7, 11, 'LM7791'),
(1520, 7, 11, 'LO5959'),
(1521, 7, 11, 'MA9567'),
(1522, 7, 11, 'MD9555'),
(1523, 7, 11, 'MM4716'),
(1524, 7, 11, 'NR2346'),
(1525, 7, 11, 'PC6556'),
(1526, 7, 11, 'PG4466'),
(1527, 7, 11, 'RA5176'),
(1528, 7, 11, 'RV4421'),
(1529, 7, 11, 'RV5182'),
(1530, 8, 38, 'AG5462'),
(1531, 8, 38, 'AP7669'),
(1532, 8, 38, 'BR9523'),
(1533, 8, 38, 'CC2413'),
(1534, 8, 38, 'DV2282'),
(1535, 8, 38, 'ES3336'),
(1536, 8, 38, 'GM2599'),
(1537, 8, 38, 'GR7387'),
(1538, 8, 38, 'IP4186'),
(1539, 8, 38, 'JF6817'),
(1540, 8, 38, 'JO5431'),
(1541, 8, 38, 'JR8381'),
(1542, 8, 38, 'JV9236'),
(1543, 8, 38, 'KM6618'),
(1544, 8, 38, 'LC4825'),
(1545, 8, 38, 'LM7791'),
(1546, 8, 38, 'LO5959'),
(1547, 8, 38, 'MA9567'),
(1548, 8, 38, 'MD9555'),
(1549, 8, 38, 'MM4716'),
(1550, 8, 38, 'NR2346'),
(1551, 8, 38, 'PC6556'),
(1552, 8, 38, 'PG4466'),
(1553, 8, 38, 'RA5176'),
(1554, 8, 38, 'RV4421'),
(1555, 8, 38, 'RV5182'),
(1556, 9, 65, 'AG5462'),
(1557, 9, 65, 'AP7669'),
(1558, 9, 65, 'BR9523'),
(1559, 9, 65, 'CC2413'),
(1560, 9, 65, 'DV2282'),
(1561, 9, 65, 'ES3336'),
(1562, 9, 65, 'GM2599'),
(1563, 9, 65, 'GR7387'),
(1564, 9, 65, 'IP4186'),
(1565, 9, 65, 'JF6817'),
(1566, 9, 65, 'JO5431'),
(1567, 9, 65, 'JR8381'),
(1568, 9, 65, 'JV9236'),
(1569, 9, 65, 'KM6618'),
(1570, 9, 65, 'LC4825'),
(1571, 9, 65, 'LM7791'),
(1572, 9, 65, 'LO5959'),
(1573, 9, 65, 'MA9567'),
(1574, 9, 65, 'MD9555'),
(1575, 9, 65, 'MM4716'),
(1576, 9, 65, 'NR2346'),
(1577, 9, 65, 'PC6556'),
(1578, 9, 65, 'PG4466'),
(1579, 9, 65, 'RA5176'),
(1580, 9, 65, 'RV4421'),
(1581, 9, 65, 'RV5182'),
(1582, 9, 11, 'AC8372'),
(1583, 9, 11, 'ÁT4399'),
(1584, 9, 11, 'BC3517'),
(1585, 9, 11, 'BG9639'),
(1586, 9, 11, 'CG3314'),
(1587, 9, 11, 'CG8874'),
(1588, 9, 11, 'EF1291'),
(1589, 9, 11, 'ER1325'),
(1590, 9, 11, 'FL3514'),
(1591, 9, 11, 'FP2126'),
(1592, 9, 11, 'GF9739'),
(1593, 9, 11, 'IP1554'),
(1594, 9, 11, 'IV6296'),
(1595, 9, 11, 'IV9459'),
(1596, 9, 11, 'JC1912'),
(1597, 9, 11, 'JJ8389'),
(1598, 9, 11, 'JM9226'),
(1599, 9, 11, 'LP9455'),
(1600, 9, 11, 'MC4456'),
(1601, 9, 11, 'MO3283'),
(1602, 9, 11, 'MS4199'),
(1603, 8, 38, 'AC8372'),
(1604, 8, 38, 'ÁT4399'),
(1605, 8, 38, 'BC3517'),
(1606, 8, 38, 'BG9639'),
(1607, 8, 38, 'CG3314'),
(1608, 8, 38, 'CG8874'),
(1609, 8, 38, 'EF1291'),
(1610, 8, 38, 'ER1325'),
(1611, 8, 38, 'FL3514'),
(1612, 8, 38, 'FP2126'),
(1613, 8, 38, 'GF9739'),
(1614, 8, 38, 'IP1554'),
(1615, 8, 38, 'IV6296'),
(1616, 8, 38, 'IV9459'),
(1617, 8, 38, 'JC1912'),
(1618, 8, 38, 'JJ8389'),
(1619, 8, 38, 'JM9226'),
(1620, 8, 38, 'LP9455'),
(1621, 8, 38, 'MC4456'),
(1622, 8, 38, 'MO3283'),
(1623, 8, 38, 'MS4199'),
(1624, 7, 65, 'AC8372'),
(1625, 7, 65, 'ÁT4399'),
(1626, 7, 65, 'BC3517'),
(1627, 7, 65, 'BG9639'),
(1628, 7, 65, 'CG3314'),
(1629, 7, 65, 'CG8874'),
(1630, 7, 65, 'EF1291'),
(1631, 7, 65, 'ER1325'),
(1632, 7, 65, 'FL3514'),
(1633, 7, 65, 'FP2126'),
(1634, 7, 65, 'GF9739'),
(1635, 7, 65, 'IP1554'),
(1636, 7, 65, 'IV6296'),
(1637, 7, 65, 'IV9459'),
(1638, 7, 65, 'JC1912'),
(1639, 7, 65, 'JJ8389'),
(1640, 7, 65, 'JM9226'),
(1641, 7, 65, 'LP9455'),
(1642, 7, 65, 'MC4456'),
(1643, 7, 65, 'MO3283'),
(1644, 7, 65, 'MS4199'),
(1645, 7, 14, 'AS1983'),
(1646, 7, 14, 'BS9588'),
(1647, 7, 14, 'DB4645'),
(1648, 7, 14, 'ER8335'),
(1649, 7, 14, 'FT9543'),
(1650, 7, 14, 'GG5559'),
(1651, 7, 14, 'IA3668'),
(1652, 7, 14, 'JA6681'),
(1653, 7, 14, 'JL7274'),
(1654, 7, 14, 'KÁ4733'),
(1655, 7, 14, 'LM5852'),
(1656, 7, 14, 'LR3335'),
(1657, 7, 14, 'MD4436'),
(1658, 7, 14, 'MM4921'),
(1659, 7, 14, 'MR6891'),
(1660, 7, 14, 'MS8242'),
(1661, 8, 41, 'AS1983'),
(1662, 8, 41, 'BS9588'),
(1663, 8, 41, 'DB4645'),
(1664, 8, 41, 'ER8335'),
(1665, 8, 41, 'FT9543'),
(1666, 8, 41, 'GG5559'),
(1667, 8, 41, 'IA3668'),
(1668, 8, 41, 'JA6681'),
(1669, 8, 41, 'JL7274'),
(1670, 8, 41, 'KÁ4733'),
(1671, 8, 41, 'LM5852'),
(1672, 8, 41, 'LR3335'),
(1673, 8, 41, 'MD4436'),
(1674, 8, 41, 'MM4921'),
(1675, 8, 41, 'MR6891'),
(1676, 8, 41, 'MS8242'),
(1677, 9, 68, 'AS1983'),
(1678, 9, 68, 'BS9588'),
(1679, 9, 68, 'DB4645'),
(1680, 9, 68, 'ER8335'),
(1681, 9, 68, 'FT9543'),
(1682, 9, 68, 'GG5559'),
(1683, 9, 68, 'IA3668'),
(1684, 9, 68, 'JA6681'),
(1685, 9, 68, 'JL7274'),
(1686, 9, 68, 'KÁ4733'),
(1687, 9, 68, 'LM5852'),
(1688, 9, 68, 'LR3335'),
(1689, 9, 68, 'MD4436'),
(1690, 9, 68, 'MM4921'),
(1691, 9, 68, 'MR6891'),
(1692, 9, 68, 'MS8242'),
(1693, 7, 14, 'AC5563'),
(1694, 7, 14, 'AM1638'),
(1695, 7, 14, 'ÁN9224'),
(1696, 7, 14, 'ÁR5923'),
(1697, 7, 14, 'AR7259'),
(1698, 7, 14, 'CL9634'),
(1699, 7, 14, 'DJ1737'),
(1700, 7, 14, 'DR7348'),
(1701, 7, 14, 'DV9275'),
(1702, 7, 14, 'EA4795'),
(1703, 7, 14, 'EP4352'),
(1704, 7, 14, 'ES9328'),
(1705, 7, 14, 'FC1423'),
(1706, 7, 14, 'GG3259'),
(1707, 7, 14, 'HP7681'),
(1708, 7, 14, 'JA2924'),
(1709, 7, 14, 'JA3561'),
(1710, 7, 14, 'JG7323'),
(1711, 7, 14, 'JG8296'),
(1712, 7, 14, 'JM7153'),
(1713, 7, 14, 'JQ8827'),
(1714, 7, 14, 'JR2253'),
(1715, 7, 14, 'JS1311'),
(1716, 7, 14, 'JT3175'),
(1717, 7, 14, 'LP3696'),
(1718, 7, 14, 'LP6885'),
(1719, 7, 14, 'MC8646'),
(1720, 7, 14, 'ML9342'),
(1721, 7, 14, 'RG8592'),
(1722, 7, 14, 'RS9179'),
(1723, 7, 14, 'SC6342'),
(1724, 8, 41, 'AC5563'),
(1725, 8, 41, 'AM1638'),
(1726, 8, 41, 'ÁN9224'),
(1727, 8, 41, 'ÁR5923'),
(1728, 8, 41, 'AR7259'),
(1729, 8, 41, 'CL9634'),
(1730, 8, 41, 'DJ1737'),
(1731, 8, 41, 'DR7348'),
(1732, 8, 41, 'DV9275'),
(1733, 8, 41, 'EA4795'),
(1734, 8, 41, 'EP4352'),
(1735, 8, 41, 'ES9328'),
(1736, 8, 41, 'FC1423'),
(1737, 8, 41, 'GG3259'),
(1738, 8, 41, 'HP7681'),
(1739, 8, 41, 'JA2924'),
(1740, 8, 41, 'JA3561'),
(1741, 8, 41, 'JG7323'),
(1742, 8, 41, 'JG8296'),
(1743, 8, 41, 'JM7153'),
(1744, 8, 41, 'JQ8827'),
(1745, 8, 41, 'JR2253'),
(1746, 8, 41, 'JS1311'),
(1747, 8, 41, 'JT3175'),
(1748, 8, 41, 'LP3696'),
(1749, 8, 41, 'LP6885'),
(1750, 8, 41, 'MC8646'),
(1751, 8, 41, 'ML9342'),
(1752, 8, 41, 'RG8592'),
(1753, 8, 41, 'RS9179'),
(1754, 8, 41, 'SC6342'),
(1755, 9, 68, 'AC5563'),
(1756, 9, 68, 'AM1638'),
(1757, 9, 68, 'ÁN9224'),
(1758, 9, 68, 'ÁR5923'),
(1759, 9, 68, 'AR7259'),
(1760, 9, 68, 'CL9634'),
(1761, 9, 68, 'DJ1737'),
(1762, 9, 68, 'DR7348'),
(1763, 9, 68, 'DV9275'),
(1764, 9, 68, 'EA4795'),
(1765, 9, 68, 'EP4352'),
(1766, 9, 68, 'ES9328'),
(1767, 9, 68, 'FC1423'),
(1768, 9, 68, 'GG3259'),
(1769, 9, 68, 'HP7681'),
(1770, 9, 68, 'JA2924'),
(1771, 9, 68, 'JA3561'),
(1772, 9, 68, 'JG7323'),
(1773, 9, 68, 'JG8296'),
(1774, 9, 68, 'JM7153'),
(1775, 9, 68, 'JQ8827'),
(1776, 9, 68, 'JR2253'),
(1777, 9, 68, 'JS1311'),
(1778, 9, 68, 'JT3175'),
(1779, 9, 68, 'LP3696'),
(1780, 9, 68, 'LP6885'),
(1781, 9, 68, 'MC8646'),
(1782, 9, 68, 'ML9342'),
(1783, 9, 68, 'RG8592'),
(1784, 9, 68, 'RS9179'),
(1785, 9, 68, 'SC6342'),
(1786, 7, 14, 'AG5462'),
(1787, 7, 14, 'AP7669'),
(1788, 7, 14, 'BR9523'),
(1789, 7, 14, 'CC2413'),
(1790, 7, 14, 'DV2282'),
(1791, 7, 14, 'ES3336'),
(1792, 7, 14, 'GM2599'),
(1793, 7, 14, 'GR7387'),
(1794, 7, 14, 'IP4186'),
(1795, 7, 14, 'JF6817'),
(1796, 7, 14, 'JO5431'),
(1797, 7, 14, 'JR8381'),
(1798, 7, 14, 'JV9236'),
(1799, 7, 14, 'KM6618'),
(1800, 7, 14, 'LC4825'),
(1801, 7, 14, 'LM7791'),
(1802, 7, 14, 'LO5959'),
(1803, 7, 14, 'MA9567'),
(1804, 7, 14, 'MD9555'),
(1805, 7, 14, 'MM4716'),
(1806, 7, 14, 'NR2346'),
(1807, 7, 14, 'PC6556'),
(1808, 7, 14, 'PG4466'),
(1809, 7, 14, 'RA5176'),
(1810, 7, 14, 'RV4421'),
(1811, 7, 14, 'RV5182'),
(1812, 7, 41, 'AG5462'),
(1813, 7, 41, 'AP7669'),
(1814, 7, 41, 'BR9523'),
(1815, 7, 41, 'CC2413'),
(1816, 7, 41, 'DV2282'),
(1817, 7, 41, 'ES3336'),
(1818, 7, 41, 'GM2599'),
(1819, 7, 41, 'GR7387'),
(1820, 7, 41, 'IP4186'),
(1821, 7, 41, 'JF6817'),
(1822, 7, 41, 'JO5431'),
(1823, 7, 41, 'JR8381'),
(1824, 7, 41, 'JV9236'),
(1825, 7, 41, 'KM6618'),
(1826, 7, 41, 'LC4825'),
(1827, 7, 41, 'LM7791'),
(1828, 7, 41, 'LO5959'),
(1829, 7, 41, 'MA9567'),
(1830, 7, 41, 'MD9555'),
(1831, 7, 41, 'MM4716'),
(1832, 7, 41, 'NR2346'),
(1833, 7, 41, 'PC6556'),
(1834, 7, 41, 'PG4466'),
(1835, 7, 41, 'RA5176'),
(1836, 7, 41, 'RV4421'),
(1837, 7, 41, 'RV5182'),
(1838, 9, 68, 'AG5462'),
(1839, 9, 68, 'AP7669'),
(1840, 9, 68, 'BR9523'),
(1841, 9, 68, 'CC2413'),
(1842, 9, 68, 'DV2282'),
(1843, 9, 68, 'ES3336'),
(1844, 9, 68, 'GM2599'),
(1845, 9, 68, 'GR7387'),
(1846, 9, 68, 'IP4186'),
(1847, 9, 68, 'JF6817'),
(1848, 9, 68, 'JO5431'),
(1849, 9, 68, 'JR8381'),
(1850, 9, 68, 'JV9236'),
(1851, 9, 68, 'KM6618'),
(1852, 9, 68, 'LC4825'),
(1853, 9, 68, 'LM7791'),
(1854, 9, 68, 'LO5959'),
(1855, 9, 68, 'MA9567'),
(1856, 9, 68, 'MD9555'),
(1857, 9, 68, 'MM4716'),
(1858, 9, 68, 'NR2346'),
(1859, 9, 68, 'PC6556'),
(1860, 9, 68, 'PG4466'),
(1861, 9, 68, 'RA5176'),
(1862, 9, 68, 'RV4421'),
(1863, 9, 68, 'RV5182'),
(1864, 7, 14, 'AC8372'),
(1865, 7, 14, 'ÁT4399'),
(1866, 7, 14, 'BC3517'),
(1867, 7, 14, 'BG9639'),
(1868, 7, 14, 'CG3314'),
(1869, 7, 14, 'CG8874'),
(1870, 7, 14, 'EF1291'),
(1871, 7, 14, 'ER1325'),
(1872, 7, 14, 'FL3514'),
(1873, 7, 14, 'FP2126'),
(1874, 7, 14, 'GF9739'),
(1875, 7, 14, 'IP1554'),
(1876, 7, 14, 'IV6296'),
(1877, 7, 14, 'IV9459'),
(1878, 7, 14, 'JC1912'),
(1879, 7, 14, 'JJ8389'),
(1880, 7, 14, 'JM9226'),
(1881, 7, 14, 'LP9455'),
(1882, 7, 14, 'MC4456'),
(1883, 7, 14, 'MO3283'),
(1884, 7, 14, 'MS4199'),
(1885, 8, 41, 'AC8372'),
(1886, 8, 41, 'ÁT4399'),
(1887, 8, 41, 'BC3517'),
(1888, 8, 41, 'BG9639'),
(1889, 8, 41, 'CG3314'),
(1890, 8, 41, 'CG8874'),
(1891, 8, 41, 'EF1291'),
(1892, 8, 41, 'ER1325'),
(1893, 8, 41, 'FL3514'),
(1894, 8, 41, 'FP2126'),
(1895, 8, 41, 'GF9739'),
(1896, 8, 41, 'IP1554'),
(1897, 8, 41, 'IV6296'),
(1898, 8, 41, 'IV9459'),
(1899, 8, 41, 'JC1912'),
(1900, 8, 41, 'JJ8389'),
(1901, 8, 41, 'JM9226'),
(1902, 8, 41, 'LP9455'),
(1903, 8, 41, 'MC4456'),
(1904, 8, 41, 'MO3283'),
(1905, 8, 41, 'MS4199'),
(1906, 9, 68, 'AC8372'),
(1907, 9, 68, 'ÁT4399'),
(1908, 9, 68, 'BC3517'),
(1909, 9, 68, 'BG9639'),
(1910, 9, 68, 'CG3314'),
(1911, 9, 68, 'CG8874'),
(1912, 9, 68, 'EF1291'),
(1913, 9, 68, 'ER1325'),
(1914, 9, 68, 'FL3514'),
(1915, 9, 68, 'FP2126'),
(1916, 9, 68, 'GF9739'),
(1917, 9, 68, 'IP1554'),
(1918, 9, 68, 'IV6296'),
(1919, 9, 68, 'IV9459'),
(1920, 9, 68, 'JC1912'),
(1921, 9, 68, 'JJ8389'),
(1922, 9, 68, 'JM9226'),
(1923, 9, 68, 'LP9455'),
(1924, 9, 68, 'MC4456'),
(1925, 9, 68, 'MO3283'),
(1926, 9, 68, 'MS4199'),
(1927, 7, 26, 'AG3433'),
(1928, 7, 26, 'AR5325'),
(1929, 7, 26, 'BQ2628'),
(1930, 7, 26, 'CD8339'),
(1931, 7, 26, 'CL7913'),
(1932, 7, 26, 'ER1971'),
(1933, 7, 26, 'ER8677'),
(1934, 7, 26, 'ET6197'),
(1935, 7, 26, 'FB7737'),
(1936, 7, 26, 'GL3842'),
(1937, 7, 26, 'IA8993'),
(1938, 7, 26, 'IQ8729'),
(1939, 7, 26, 'JJ2182'),
(1940, 7, 26, 'JM1958'),
(1941, 7, 26, 'JM2892'),
(1942, 7, 26, 'LR6137'),
(1943, 7, 26, 'MH6433'),
(1944, 7, 26, 'MM4383'),
(1945, 7, 26, 'MP3665'),
(1946, 7, 26, 'NR5288'),
(1947, 7, 26, 'OD7389'),
(1948, 8, 53, 'AG3433'),
(1949, 8, 53, 'AR5325'),
(1950, 8, 53, 'BQ2628'),
(1951, 8, 53, 'CD8339'),
(1952, 8, 53, 'CL7913'),
(1953, 8, 53, 'ER1971'),
(1954, 8, 53, 'ER8677'),
(1955, 8, 53, 'ET6197'),
(1956, 8, 53, 'FB7737'),
(1957, 8, 53, 'GL3842'),
(1958, 8, 53, 'IA8993'),
(1959, 8, 53, 'IQ8729'),
(1960, 8, 53, 'JJ2182'),
(1961, 8, 53, 'JM1958'),
(1962, 8, 53, 'JM2892'),
(1963, 8, 53, 'LR6137'),
(1964, 8, 53, 'MH6433'),
(1965, 8, 53, 'MM4383'),
(1966, 8, 53, 'MP3665'),
(1967, 8, 53, 'NR5288'),
(1968, 8, 53, 'OD7389'),
(1969, 9, 80, 'AG3433'),
(1970, 9, 80, 'AR5325'),
(1971, 9, 80, 'BQ2628'),
(1972, 9, 80, 'CD8339'),
(1973, 9, 80, 'CL7913'),
(1974, 9, 80, 'ER1971'),
(1975, 9, 80, 'ER8677'),
(1976, 9, 80, 'ET6197'),
(1977, 9, 80, 'FB7737'),
(1978, 9, 80, 'GL3842'),
(1979, 9, 80, 'IA8993'),
(1980, 9, 80, 'IQ8729'),
(1981, 9, 80, 'JJ2182'),
(1982, 9, 80, 'JM1958'),
(1983, 9, 80, 'JM2892'),
(1984, 9, 80, 'LR6137'),
(1985, 9, 80, 'MH6433'),
(1986, 9, 80, 'MM4383'),
(1987, 9, 80, 'MP3665'),
(1988, 9, 80, 'NR5288'),
(1989, 9, 80, 'OD7389'),
(1990, 7, 26, 'AC9757'),
(1991, 7, 26, 'AF6686'),
(1992, 7, 26, 'AV1432'),
(1993, 7, 26, 'BN8146'),
(1994, 7, 26, 'CG6284'),
(1995, 7, 26, 'CM1768'),
(1996, 7, 26, 'CP2577'),
(1997, 7, 26, 'CV1817'),
(1998, 7, 26, 'EF2321'),
(1999, 7, 26, 'FN9269'),
(2000, 7, 26, 'IP9464'),
(2001, 7, 26, 'JÁ1787'),
(2002, 7, 26, 'JA6979'),
(2003, 7, 26, 'JF6956'),
(2004, 7, 26, 'JF9166'),
(2005, 7, 26, 'JM6166'),
(2006, 7, 26, 'JP1338'),
(2007, 7, 26, 'JP9542'),
(2008, 7, 26, 'JS1631'),
(2009, 7, 26, 'JS5228'),
(2010, 7, 26, 'LG3866'),
(2011, 8, 53, 'AC9757'),
(2012, 8, 53, 'AF6686'),
(2013, 8, 53, 'AV1432'),
(2014, 8, 53, 'BN8146'),
(2015, 8, 53, 'CG6284'),
(2016, 8, 53, 'CM1768'),
(2017, 8, 53, 'CP2577'),
(2018, 8, 53, 'CV1817'),
(2019, 8, 53, 'EF2321'),
(2020, 8, 53, 'FN9269'),
(2021, 8, 53, 'IP9464'),
(2022, 8, 53, 'JÁ1787'),
(2023, 8, 53, 'JA6979'),
(2024, 8, 53, 'JF6956'),
(2025, 8, 53, 'JF9166'),
(2026, 8, 53, 'JM6166'),
(2027, 8, 53, 'JP1338'),
(2028, 8, 53, 'JP9542'),
(2029, 8, 53, 'JS1631'),
(2030, 8, 53, 'JS5228'),
(2031, 8, 53, 'LG3866'),
(2032, 9, 80, 'AC9757'),
(2033, 9, 80, 'AF6686'),
(2034, 9, 80, 'AV1432'),
(2035, 9, 80, 'BN8146'),
(2036, 9, 80, 'CG6284'),
(2037, 9, 80, 'CM1768'),
(2038, 9, 80, 'CP2577'),
(2039, 9, 80, 'CV1817'),
(2040, 9, 80, 'EF2321'),
(2041, 9, 80, 'FN9269'),
(2042, 9, 80, 'IP9464'),
(2043, 9, 80, 'JÁ1787'),
(2044, 9, 80, 'JA6979'),
(2045, 9, 80, 'JF6956'),
(2046, 9, 80, 'JF9166'),
(2047, 9, 80, 'JM6166'),
(2048, 9, 80, 'JP1338'),
(2049, 9, 80, 'JP9542'),
(2050, 9, 80, 'JS1631'),
(2051, 9, 80, 'JS5228'),
(2052, 9, 80, 'LG3866'),
(2053, 7, 26, 'AV2194'),
(2054, 7, 26, 'AV9782'),
(2055, 7, 26, 'CF7283'),
(2056, 7, 26, 'CR3815'),
(2057, 7, 26, 'DA6344'),
(2058, 7, 26, 'DC7557'),
(2059, 7, 26, 'DV6321'),
(2060, 7, 26, 'EL4666'),
(2061, 7, 26, 'EP9486'),
(2062, 7, 26, 'ER2461'),
(2063, 7, 26, 'FM6585'),
(2064, 7, 26, 'FR8934'),
(2065, 7, 26, 'FT1489'),
(2066, 7, 26, 'FV5729'),
(2067, 7, 26, 'GM3695'),
(2068, 7, 26, 'JL5461'),
(2069, 7, 26, 'JM4873'),
(2070, 7, 26, 'JR3327'),
(2071, 7, 26, 'KL8952'),
(2072, 7, 26, 'LA2352'),
(2073, 7, 26, 'LS1267'),
(2074, 7, 26, 'MÁ5258'),
(2075, 7, 26, 'MA9739'),
(2076, 6.97, 26, 'OP9186'),
(2077, 7, 26, 'OR5469'),
(2078, 7, 26, 'PV2487'),
(2079, 7, 53, 'AV2194'),
(2080, 7, 53, 'AV9782'),
(2081, 7, 53, 'CF7283'),
(2082, 7, 53, 'CR3815'),
(2083, 7, 53, 'DA6344'),
(2084, 7, 53, 'DC7557'),
(2085, 7, 53, 'DV6321'),
(2086, 7, 53, 'EL4666'),
(2087, 7, 53, 'EP9486'),
(2088, 7, 53, 'ER2461'),
(2089, 7, 53, 'FM6585'),
(2090, 7, 53, 'FR8934'),
(2091, 7, 53, 'FT1489'),
(2092, 7, 53, 'FV5729'),
(2093, 7, 53, 'GM3695'),
(2094, 7, 53, 'JL5461'),
(2095, 7, 53, 'JM4873'),
(2096, 7, 53, 'JR3327'),
(2097, 7, 53, 'KL8952'),
(2098, 7, 53, 'LA2352'),
(2099, 7, 53, 'LS1267'),
(2100, 7, 53, 'MÁ5258'),
(2101, 7, 53, 'MA9739'),
(2102, 7, 53, 'OP9186'),
(2103, 7, 53, 'OR5469'),
(2104, 7, 53, 'PV2487'),
(2105, 9, 80, 'AV2194'),
(2106, 9, 80, 'AV9782'),
(2107, 9, 80, 'CF7283'),
(2108, 9, 80, 'CR3815'),
(2109, 9, 80, 'DA6344'),
(2110, 9, 80, 'DC7557'),
(2111, 9, 80, 'DV6321'),
(2112, 9, 80, 'EL4666'),
(2113, 9, 80, 'EP9486'),
(2114, 9, 80, 'ER2461'),
(2115, 9, 80, 'FM6585'),
(2116, 9, 80, 'FR8934'),
(2117, 9, 80, 'FT1489'),
(2118, 9, 80, 'FV5729'),
(2119, 9, 80, 'GM3695'),
(2120, 9, 80, 'JL5461'),
(2121, 9, 80, 'JM4873'),
(2122, 9, 80, 'JR3327'),
(2123, 9, 80, 'KL8952'),
(2124, 9, 80, 'LA2352'),
(2125, 9, 80, 'LS1267'),
(2126, 9, 80, 'MÁ5258'),
(2127, 9, 80, 'MA9739'),
(2128, 9, 80, 'OP9186'),
(2129, 9, 80, 'OR5469'),
(2130, 8.99, 80, 'PV2487'),
(2131, 7, 26, 'AJ3557'),
(2132, 7, 26, 'AL1951'),
(2133, 7, 26, 'AT5162'),
(2134, 7, 26, 'AV5191'),
(2135, 7, 26, 'BL2957'),
(2136, 7, 26, 'BO2759'),
(2137, 7, 26, 'DR7596'),
(2138, 7, 26, 'DR8694'),
(2139, 7, 26, 'EM8842'),
(2140, 7, 26, 'GM2229'),
(2141, 7, 26, 'GV2633'),
(2142, 7, 26, 'IB1332'),
(2143, 7, 26, 'IP9558'),
(2144, 7, 26, 'JÁ7773'),
(2145, 7, 26, 'JB7154'),
(2146, 7, 26, 'JC8281'),
(2147, 7, 26, 'JG8863'),
(2148, 7, 26, 'JP6494'),
(2149, 7, 26, 'JQ9587'),
(2150, 7, 26, 'KO6831'),
(2151, 7, 26, 'LC8432'),
(2152, 7, 26, 'LQ3145'),
(2153, 7, 26, 'MF1821'),
(2154, 7, 26, 'MN2956'),
(2155, 7, 26, 'MQ5455'),
(2156, 7, 26, 'MR3799'),
(2157, 8, 53, 'AJ3557'),
(2158, 8, 53, 'AL1951'),
(2159, 8, 53, 'AT5162'),
(2160, 8, 53, 'AV5191'),
(2161, 8, 53, 'BL2957'),
(2162, 8, 53, 'BO2759'),
(2163, 8, 53, 'DR7596'),
(2164, 8, 53, 'DR8694'),
(2165, 8, 53, 'EM8842'),
(2166, 8, 53, 'GM2229'),
(2167, 8, 53, 'GV2633'),
(2168, 8, 53, 'IB1332'),
(2169, 8, 53, 'IP9558'),
(2170, 8, 53, 'JÁ7773'),
(2171, 8, 53, 'JB7154'),
(2172, 8, 53, 'JC8281'),
(2173, 8, 53, 'JG8863'),
(2174, 8, 53, 'JP6494'),
(2175, 8, 53, 'JQ9587'),
(2176, 8, 53, 'KO6831'),
(2177, 8, 53, 'LC8432'),
(2178, 8, 53, 'LQ3145'),
(2179, 8, 53, 'MF1821'),
(2180, 8, 53, 'MN2956'),
(2181, 8, 53, 'MQ5455'),
(2182, 8, 53, 'MR3799'),
(2183, 9, 80, 'AJ3557'),
(2184, 9, 80, 'AL1951'),
(2185, 9, 80, 'AT5162'),
(2186, 9, 80, 'AV5191'),
(2187, 9, 80, 'BL2957'),
(2188, 9, 80, 'BO2759'),
(2189, 9, 80, 'DR7596'),
(2190, 9, 80, 'DR8694'),
(2191, 9, 80, 'EM8842'),
(2192, 9, 80, 'GM2229'),
(2193, 9, 80, 'GV2633'),
(2194, 9, 80, 'IB1332'),
(2195, 9, 80, 'IP9558'),
(2196, 9, 80, 'JÁ7773'),
(2197, 9, 80, 'JB7154'),
(2198, 9, 80, 'JC8281'),
(2199, 9, 80, 'JG8863'),
(2200, 9, 80, 'JP6494'),
(2201, 9, 80, 'JQ9587'),
(2202, 9, 80, 'KO6831'),
(2203, 9, 80, 'LC8432'),
(2204, 9, 80, 'LQ3145'),
(2205, 9, 80, 'MF1821'),
(2206, 9, 80, 'MN2956'),
(2207, 9, 80, 'MQ5455'),
(2208, 9, 80, 'MR3799'),
(2209, 7, 27, 'AG3433'),
(2210, 7, 27, 'AR5325'),
(2211, 7, 27, 'BQ2628'),
(2212, 7, 27, 'CD8339'),
(2213, 7, 27, 'CL7913'),
(2214, 7, 27, 'ER1971'),
(2215, 7, 27, 'ER8677'),
(2216, 7, 27, 'ET6197'),
(2217, 7, 27, 'FB7737'),
(2218, 7, 27, 'GL3842'),
(2219, 7, 27, 'IA8993'),
(2220, 7, 27, 'IQ8729'),
(2221, 7, 27, 'JJ2182'),
(2222, 7, 27, 'JM1958'),
(2223, 7, 27, 'JM2892'),
(2224, 7, 27, 'LR6137'),
(2225, 7, 27, 'MH6433'),
(2226, 7, 27, 'MM4383'),
(2227, 7, 27, 'MP3665'),
(2228, 7, 27, 'NR5288'),
(2229, 7, 27, 'OD7389'),
(2230, 8, 54, 'AG3433');
INSERT INTO `grade` (`idGrade`, `grade`, `idProfile`, `idStudent`) VALUES
(2231, 8, 54, 'AR5325'),
(2232, 8, 54, 'BQ2628'),
(2233, 8, 54, 'CD8339'),
(2234, 8, 54, 'CL7913'),
(2235, 8, 54, 'ER1971'),
(2236, 8, 54, 'ER8677'),
(2237, 8, 54, 'ET6197'),
(2238, 8, 54, 'FB7737'),
(2239, 8, 54, 'GL3842'),
(2240, 8, 54, 'IA8993'),
(2241, 8, 54, 'IQ8729'),
(2242, 8, 54, 'JJ2182'),
(2243, 8, 54, 'JM1958'),
(2244, 8, 54, 'JM2892'),
(2245, 8, 54, 'LR6137'),
(2246, 8, 54, 'MH6433'),
(2247, 8, 54, 'MM4383'),
(2248, 8, 54, 'MP3665'),
(2249, 8, 54, 'NR5288'),
(2250, 8, 54, 'OD7389'),
(2251, 9, 81, 'AG3433'),
(2252, 9, 81, 'AR5325'),
(2253, 9, 81, 'BQ2628'),
(2254, 9, 81, 'CD8339'),
(2255, 9, 81, 'CL7913'),
(2256, 9, 81, 'ER1971'),
(2257, 9, 81, 'ER8677'),
(2258, 9, 81, 'ET6197'),
(2259, 9, 81, 'FB7737'),
(2260, 9, 81, 'GL3842'),
(2261, 9, 81, 'IA8993'),
(2262, 9, 81, 'IQ8729'),
(2263, 9, 81, 'JJ2182'),
(2264, 9, 81, 'JM1958'),
(2265, 9, 81, 'JM2892'),
(2266, 9, 81, 'LR6137'),
(2267, 9, 81, 'MH6433'),
(2268, 9, 81, 'MM4383'),
(2269, 9, 81, 'MP3665'),
(2270, 9, 81, 'NR5288'),
(2271, 9, 81, 'OD7389'),
(2272, 7, 27, 'AC9757'),
(2273, 7, 27, 'AF6686'),
(2274, 7, 27, 'AV1432'),
(2275, 7, 27, 'BN8146'),
(2276, 7, 27, 'CG6284'),
(2277, 7, 27, 'CM1768'),
(2278, 7, 27, 'CP2577'),
(2279, 8, 27, 'CV1817'),
(2280, 8, 27, 'EF2321'),
(2281, 8, 27, 'FN9269'),
(2282, 8, 27, 'IP9464'),
(2283, 8, 27, 'JÁ1787'),
(2284, 8, 27, 'JA6979'),
(2285, 8, 27, 'JF6956'),
(2286, 8, 27, 'JF9166'),
(2287, 8, 27, 'JM6166'),
(2288, 8, 27, 'JP1338'),
(2289, 8, 27, 'JP9542'),
(2290, 8, 27, 'JS1631'),
(2291, 8, 27, 'JS5228'),
(2292, 8, 27, 'LG3866'),
(2293, 7, 54, 'AC9757'),
(2294, 7, 54, 'AF6686'),
(2295, 7, 54, 'AV1432'),
(2296, 7, 54, 'BN8146'),
(2297, 7, 54, 'CG6284'),
(2298, 7, 54, 'CM1768'),
(2299, 7, 54, 'CP2577'),
(2300, 7, 54, 'CV1817'),
(2301, 7, 54, 'EF2321'),
(2302, 7, 54, 'FN9269'),
(2303, 7, 54, 'IP9464'),
(2304, 7, 54, 'JÁ1787'),
(2305, 7, 54, 'JA6979'),
(2306, 7, 54, 'JF6956'),
(2307, 7, 54, 'JF9166'),
(2308, 7, 54, 'JM6166'),
(2309, 7, 54, 'JP1338'),
(2310, 7, 54, 'JP9542'),
(2311, 7, 54, 'JS1631'),
(2312, 7, 54, 'JS5228'),
(2313, 7, 54, 'LG3866'),
(2314, 9, 81, 'AC9757'),
(2315, 9, 81, 'AF6686'),
(2316, 9, 81, 'AV1432'),
(2317, 9, 81, 'BN8146'),
(2318, 9, 81, 'CG6284'),
(2319, 9, 81, 'CM1768'),
(2320, 9, 81, 'CP2577'),
(2321, 9, 81, 'CV1817'),
(2322, 9, 81, 'EF2321'),
(2323, 9, 81, 'FN9269'),
(2324, 9, 81, 'IP9464'),
(2325, 9, 81, 'JÁ1787'),
(2326, 9, 81, 'JA6979'),
(2327, 9, 81, 'JF6956'),
(2328, 9, 81, 'JF9166'),
(2329, 9, 81, 'JM6166'),
(2330, 9, 81, 'JP1338'),
(2331, 9, 81, 'JP9542'),
(2332, 9, 81, 'JS1631'),
(2333, 9, 81, 'JS5228'),
(2334, 9, 81, 'LG3866'),
(2335, 7, 27, 'AV2194'),
(2336, 7, 27, 'AV9782'),
(2337, 7, 27, 'CF7283'),
(2338, 7, 27, 'CR3815'),
(2339, 7, 27, 'DA6344'),
(2340, 7, 27, 'DC7557'),
(2341, 7, 27, 'DV6321'),
(2342, 7, 27, 'EL4666'),
(2343, 7, 27, 'EP9486'),
(2344, 7, 27, 'ER2461'),
(2345, 7, 27, 'FM6585'),
(2346, 7, 27, 'FR8934'),
(2347, 7, 27, 'FT1489'),
(2348, 7, 27, 'FV5729'),
(2349, 7, 27, 'GM3695'),
(2350, 7, 27, 'JL5461'),
(2351, 7, 27, 'JM4873'),
(2352, 7, 27, 'JR3327'),
(2353, 7, 27, 'KL8952'),
(2354, 7, 27, 'LA2352'),
(2355, 7, 27, 'LS1267'),
(2356, 7, 27, 'MÁ5258'),
(2357, 7, 27, 'MA9739'),
(2358, 7, 27, 'OP9186'),
(2359, 7, 27, 'OR5469'),
(2360, 7, 27, 'PV2487'),
(2361, 8, 54, 'AV2194'),
(2362, 8, 54, 'AV9782'),
(2363, 8, 54, 'CF7283'),
(2364, 8, 54, 'CR3815'),
(2365, 8, 54, 'DA6344'),
(2366, 8, 54, 'DC7557'),
(2367, 8, 54, 'DV6321'),
(2368, 8, 54, 'EL4666'),
(2369, 8, 54, 'EP9486'),
(2370, 8, 54, 'ER2461'),
(2371, 8, 54, 'FM6585'),
(2372, 8, 54, 'FR8934'),
(2373, 8, 54, 'FT1489'),
(2374, 8, 54, 'FV5729'),
(2375, 8, 54, 'GM3695'),
(2376, 8, 54, 'JL5461'),
(2377, 8, 54, 'JM4873'),
(2378, 8, 54, 'JR3327'),
(2379, 8, 54, 'KL8952'),
(2380, 8, 54, 'LA2352'),
(2381, 8, 54, 'LS1267'),
(2382, 8, 54, 'MÁ5258'),
(2383, 8, 54, 'MA9739'),
(2384, 8, 54, 'OP9186'),
(2385, 8, 54, 'OR5469'),
(2386, 8, 54, 'PV2487'),
(2387, 9, 81, 'AV2194'),
(2388, 9, 81, 'AV9782'),
(2389, 9, 81, 'CF7283'),
(2390, 9, 81, 'CR3815'),
(2391, 9, 81, 'DA6344'),
(2392, 9, 81, 'DC7557'),
(2393, 9, 81, 'DV6321'),
(2394, 9, 81, 'EL4666'),
(2395, 9, 81, 'EP9486'),
(2396, 9, 81, 'ER2461'),
(2397, 9, 81, 'FM6585'),
(2398, 9, 81, 'FR8934'),
(2399, 9, 81, 'FT1489'),
(2400, 9, 81, 'FV5729'),
(2401, 9, 81, 'GM3695'),
(2402, 9, 81, 'JL5461'),
(2403, 9, 81, 'JM4873'),
(2404, 9, 81, 'JR3327'),
(2405, 9, 81, 'KL8952'),
(2406, 9, 81, 'LA2352'),
(2407, 9, 81, 'LS1267'),
(2408, 9, 81, 'MÁ5258'),
(2409, 9, 81, 'MA9739'),
(2410, 9, 81, 'OP9186'),
(2411, 9, 81, 'OR5469'),
(2412, 9, 81, 'PV2487'),
(2413, 7, 27, 'AJ3557'),
(2414, 7, 27, 'AL1951'),
(2415, 7, 27, 'AT5162'),
(2416, 7, 27, 'AV5191'),
(2417, 7, 27, 'BL2957'),
(2418, 7, 27, 'BO2759'),
(2419, 7, 27, 'DR7596'),
(2420, 7, 27, 'DR8694'),
(2421, 7, 27, 'EM8842'),
(2422, 7, 27, 'GM2229'),
(2423, 7, 27, 'GV2633'),
(2424, 7, 27, 'IB1332'),
(2425, 7, 27, 'IP9558'),
(2426, 7, 27, 'JÁ7773'),
(2427, 7, 27, 'JB7154'),
(2428, 7, 27, 'JC8281'),
(2429, 7, 27, 'JG8863'),
(2430, 7, 27, 'JP6494'),
(2431, 7, 27, 'JQ9587'),
(2432, 7, 27, 'KO6831'),
(2433, 7, 27, 'LC8432'),
(2434, 7, 27, 'LQ3145'),
(2435, 7, 27, 'MF1821'),
(2436, 7, 27, 'MN2956'),
(2437, 7, 27, 'MQ5455'),
(2438, 7, 27, 'MR3799'),
(2439, 7, 54, 'AJ3557'),
(2440, 7, 54, 'AL1951'),
(2441, 7, 54, 'AT5162'),
(2442, 7, 54, 'AV5191'),
(2443, 7, 54, 'BL2957'),
(2444, 8, 54, 'BO2759'),
(2445, 8, 54, 'DR7596'),
(2446, 8, 54, 'DR8694'),
(2447, 8, 54, 'EM8842'),
(2448, 8, 54, 'GM2229'),
(2449, 8, 54, 'GV2633'),
(2450, 8, 54, 'IB1332'),
(2451, 8, 54, 'IP9558'),
(2452, 8, 54, 'JÁ7773'),
(2453, 8, 54, 'JB7154'),
(2454, 8, 54, 'JC8281'),
(2455, 8, 54, 'JG8863'),
(2456, 8, 54, 'JP6494'),
(2457, 8, 54, 'JQ9587'),
(2458, 8, 54, 'KO6831'),
(2459, 8, 54, 'LC8432'),
(2460, 8, 54, 'LQ3145'),
(2461, 8, 54, 'MF1821'),
(2462, 8, 54, 'MN2956'),
(2463, 8, 54, 'MQ5455'),
(2464, 8, 54, 'MR3799'),
(2465, 9, 81, 'AJ3557'),
(2466, 9, 81, 'AL1951'),
(2467, 9, 81, 'AT5162'),
(2468, 9, 81, 'AV5191'),
(2469, 9, 81, 'BL2957'),
(2470, 9, 81, 'BO2759'),
(2471, 9, 81, 'DR7596'),
(2472, 9, 81, 'DR8694'),
(2473, 9, 81, 'EM8842'),
(2474, 9, 81, 'GM2229'),
(2475, 9, 81, 'GV2633'),
(2476, 9, 81, 'IB1332'),
(2477, 9, 81, 'IP9558'),
(2478, 9, 81, 'JÁ7773'),
(2479, 9, 81, 'JB7154'),
(2480, 9, 81, 'JC8281'),
(2481, 9, 81, 'JG8863'),
(2482, 9, 81, 'JP6494'),
(2483, 9, 81, 'JQ9587'),
(2484, 9, 81, 'KO6831'),
(2485, 9, 81, 'LC8432'),
(2486, 9, 81, 'LQ3145'),
(2487, 9, 81, 'MF1821'),
(2488, 9, 81, 'MN2956'),
(2489, 9, 81, 'MQ5455'),
(2490, 9, 81, 'MR3799'),
(2491, 7, 3, 'AS1983'),
(2492, 7, 3, 'BS9588'),
(2493, 7, 3, 'DB4645'),
(2494, 7, 3, 'ER8335'),
(2495, 7, 3, 'FT9543'),
(2496, 7, 3, 'GG5559'),
(2497, 7, 3, 'IA3668'),
(2498, 7, 3, 'JA6681'),
(2499, 7, 3, 'JL7274'),
(2500, 7, 3, 'KÁ4733'),
(2501, 7, 3, 'LM5852'),
(2502, 7, 3, 'LR3335'),
(2503, 7, 3, 'MD4436'),
(2504, 7, 3, 'MM4921'),
(2505, 7, 3, 'MR6891'),
(2506, 7, 3, 'MS8242'),
(2507, 7, 30, 'AS1983'),
(2508, 7, 30, 'BS9588'),
(2509, 7, 30, 'DB4645'),
(2510, 7, 30, 'ER8335'),
(2511, 7, 30, 'FT9543'),
(2512, 8, 30, 'GG5559'),
(2513, 8, 30, 'IA3668'),
(2514, 8, 30, 'JA6681'),
(2515, 8, 30, 'JL7274'),
(2516, 8, 30, 'KÁ4733'),
(2517, 8, 30, 'LM5852'),
(2518, 8, 30, 'LR3335'),
(2519, 8, 30, 'MD4436'),
(2520, 8, 30, 'MM4921'),
(2521, 8, 30, 'MR6891'),
(2522, 8, 30, 'MS8242'),
(2523, 9, 57, 'AS1983'),
(2524, 9, 57, 'BS9588'),
(2525, 9, 57, 'DB4645'),
(2526, 9, 57, 'ER8335'),
(2527, 9, 57, 'FT9543'),
(2528, 9, 57, 'GG5559'),
(2529, 9, 57, 'IA3668'),
(2530, 9, 57, 'JA6681'),
(2531, 9, 57, 'JL7274'),
(2532, 9, 57, 'KÁ4733'),
(2533, 9, 57, 'LM5852'),
(2534, 9, 57, 'LR3335'),
(2535, 9, 57, 'MD4436'),
(2536, 9, 57, 'MM4921'),
(2537, 9, 57, 'MR6891'),
(2538, 9, 57, 'MS8242'),
(2539, 8, 3, 'AG5462'),
(2540, 8, 3, 'AP7669'),
(2541, 8, 3, 'BR9523'),
(2542, 8, 3, 'CC2413'),
(2543, 8, 3, 'DV2282'),
(2544, 8, 3, 'ES3336'),
(2545, 8, 3, 'GM2599'),
(2546, 8, 3, 'GR7387'),
(2547, 8, 3, 'IP4186'),
(2548, 8, 3, 'JF6817'),
(2549, 8, 3, 'JO5431'),
(2550, 8, 3, 'JR8381'),
(2551, 8, 3, 'JV9236'),
(2552, 8, 3, 'KM6618'),
(2553, 8, 3, 'LC4825'),
(2554, 8, 3, 'LM7791'),
(2555, 8, 3, 'LO5959'),
(2556, 8, 3, 'MA9567'),
(2557, 8, 3, 'MD9555'),
(2558, 8, 3, 'MM4716'),
(2559, 8, 3, 'NR2346'),
(2560, 8, 3, 'PC6556'),
(2561, 8, 3, 'PG4466'),
(2562, 8, 3, 'RA5176'),
(2563, 8, 3, 'RV4421'),
(2564, 8, 3, 'RV5182'),
(2565, 8, 30, 'AG5462'),
(2566, 8, 30, 'AP7669'),
(2567, 8, 30, 'BR9523'),
(2568, 8, 30, 'CC2413'),
(2569, 8, 30, 'DV2282'),
(2570, 8, 30, 'ES3336'),
(2571, 8, 30, 'GM2599'),
(2572, 8, 30, 'GR7387'),
(2573, 8, 30, 'IP4186'),
(2574, 8, 30, 'JF6817'),
(2575, 8, 30, 'JO5431'),
(2576, 8, 30, 'JR8381'),
(2577, 8, 30, 'JV9236'),
(2578, 8, 30, 'KM6618'),
(2579, 8, 30, 'LC4825'),
(2580, 8, 30, 'LM7791'),
(2581, 8, 30, 'LO5959'),
(2582, 8, 30, 'MA9567'),
(2583, 8, 30, 'MD9555'),
(2584, 8, 30, 'MM4716'),
(2585, 8, 30, 'NR2346'),
(2586, 8, 30, 'PC6556'),
(2587, 8, 30, 'PG4466'),
(2588, 8, 30, 'RA5176'),
(2589, 8, 30, 'RV4421'),
(2590, 8, 30, 'RV5182'),
(2591, 9, 57, 'AG5462'),
(2592, 9, 57, 'AP7669'),
(2593, 9, 57, 'BR9523'),
(2594, 9, 57, 'CC2413'),
(2595, 9, 57, 'DV2282'),
(2596, 9, 57, 'ES3336'),
(2597, 9, 57, 'GM2599'),
(2598, 9, 57, 'GR7387'),
(2599, 9, 57, 'IP4186'),
(2600, 9, 57, 'JF6817'),
(2601, 9, 57, 'JO5431'),
(2602, 9, 57, 'JR8381'),
(2603, 9, 57, 'JV9236'),
(2604, 9, 57, 'KM6618'),
(2605, 9, 57, 'LC4825'),
(2606, 9, 57, 'LM7791'),
(2607, 9, 57, 'LO5959'),
(2608, 9, 57, 'MA9567'),
(2609, 9, 57, 'MD9555'),
(2610, 9, 57, 'MM4716'),
(2611, 9, 57, 'NR2346'),
(2612, 9, 57, 'PC6556'),
(2613, 9, 57, 'PG4466'),
(2614, 9, 57, 'RA5176'),
(2615, 9, 57, 'RV4421'),
(2616, 9, 57, 'RV5182'),
(2617, 7, 3, 'AC8372'),
(2618, 7, 3, 'ÁT4399'),
(2619, 7, 3, 'BC3517'),
(2620, 7, 3, 'BG9639'),
(2621, 7, 3, 'CG3314'),
(2622, 7, 3, 'CG8874'),
(2623, 7, 3, 'EF1291'),
(2624, 7, 3, 'ER1325'),
(2625, 7, 3, 'FL3514'),
(2626, 7, 3, 'FP2126'),
(2627, 7, 3, 'GF9739'),
(2628, 7, 3, 'IP1554'),
(2629, 7, 3, 'IV6296'),
(2630, 7, 3, 'IV9459'),
(2631, 7, 3, 'JC1912'),
(2632, 7, 3, 'JJ8389'),
(2633, 7, 3, 'JM9226'),
(2634, 7, 3, 'LP9455'),
(2635, 7, 3, 'MC4456'),
(2636, 7, 3, 'MO3283'),
(2637, 7, 3, 'MS4199'),
(2638, 7, 30, 'AC8372'),
(2639, 7, 30, 'ÁT4399'),
(2640, 7, 30, 'BC3517'),
(2641, 7, 30, 'BG9639'),
(2642, 7, 30, 'CG3314'),
(2643, 7, 30, 'CG8874'),
(2644, 7, 30, 'EF1291'),
(2645, 7, 30, 'ER1325'),
(2646, 7, 30, 'FL3514'),
(2647, 7, 30, 'FP2126'),
(2648, 7, 30, 'GF9739'),
(2649, 7, 30, 'IP1554'),
(2650, 7, 30, 'IV6296'),
(2651, 7, 30, 'IV9459'),
(2652, 7, 30, 'JC1912'),
(2653, 7, 30, 'JJ8389'),
(2654, 7, 30, 'JM9226'),
(2655, 7, 30, 'LP9455'),
(2656, 7, 30, 'MC4456'),
(2657, 7, 30, 'MO3283'),
(2658, 6.97, 30, 'MS4199'),
(2659, 9, 57, 'AC8372'),
(2660, 9, 57, 'ÁT4399'),
(2661, 9, 57, 'BC3517'),
(2662, 9, 57, 'BG9639'),
(2663, 9, 57, 'CG3314'),
(2664, 9, 57, 'CG8874'),
(2665, 9, 57, 'EF1291'),
(2666, 9, 57, 'ER1325'),
(2667, 9, 57, 'FL3514'),
(2668, 9, 57, 'FP2126'),
(2669, 9, 57, 'GF9739'),
(2670, 9, 57, 'IP1554'),
(2671, 9, 57, 'IV6296'),
(2672, 9, 57, 'IV9459'),
(2673, 9, 57, 'JC1912'),
(2674, 9, 57, 'JJ8389'),
(2675, 9, 57, 'JM9226'),
(2676, 9, 57, 'LP9455'),
(2677, 9, 57, 'MC4456'),
(2678, 9, 57, 'MO3283'),
(2679, 9, 57, 'MS4199'),
(2680, 7, 4, 'AC9757'),
(2681, 7, 4, 'AF6686'),
(2682, 7, 4, 'AV1432'),
(2683, 7, 4, 'BN8146'),
(2684, 7, 4, 'CG6284'),
(2685, 7, 4, 'CM1768'),
(2686, 7, 4, 'CP2577'),
(2687, 7, 4, 'CV1817'),
(2688, 7, 4, 'EF2321'),
(2689, 7, 4, 'FN9269'),
(2690, 7, 4, 'IP9464'),
(2691, 7, 4, 'JÁ1787'),
(2692, 7, 4, 'JA6979'),
(2693, 7, 4, 'JF6956'),
(2694, 7, 4, 'JF9166'),
(2695, 7, 4, 'JM6166'),
(2696, 7, 4, 'JP1338'),
(2697, 7, 4, 'JP9542'),
(2698, 7, 4, 'JS1631'),
(2699, 7, 4, 'JS5228'),
(2700, 7, 4, 'LG3866'),
(2701, 7, 31, 'AC9757'),
(2702, 7, 31, 'AF6686'),
(2703, 7, 31, 'AV1432'),
(2704, 7, 31, 'BN8146'),
(2705, 7, 31, 'CG6284'),
(2706, 7, 31, 'CM1768'),
(2707, 7, 31, 'CP2577'),
(2708, 7, 31, 'CV1817'),
(2709, 7, 31, 'EF2321'),
(2710, 7, 31, 'FN9269'),
(2711, 7, 31, 'IP9464'),
(2712, 7, 31, 'JÁ1787'),
(2713, 7, 31, 'JA6979'),
(2714, 7, 31, 'JF6956'),
(2715, 7, 31, 'JF9166'),
(2716, 7, 31, 'JM6166'),
(2717, 7, 31, 'JP1338'),
(2718, 7, 31, 'JP9542'),
(2719, 7, 31, 'JS1631'),
(2720, 7, 31, 'JS5228'),
(2721, 7, 31, 'LG3866'),
(2722, 9, 58, 'AC9757'),
(2723, 9, 58, 'AF6686'),
(2724, 9, 58, 'AV1432'),
(2725, 9, 58, 'BN8146'),
(2726, 9, 58, 'CG6284'),
(2727, 9, 58, 'CM1768'),
(2728, 9, 58, 'CP2577'),
(2729, 9, 58, 'CV1817'),
(2730, 9, 58, 'EF2321'),
(2731, 9, 58, 'FN9269'),
(2732, 9, 58, 'IP9464'),
(2733, 9, 58, 'JÁ1787'),
(2734, 9, 58, 'JA6979'),
(2735, 9, 58, 'JF6956'),
(2736, 9, 58, 'JF9166'),
(2737, 9, 58, 'JM6166'),
(2738, 9, 58, 'JP1338'),
(2739, 9, 58, 'JP9542'),
(2740, 9, 58, 'JS1631'),
(2741, 9, 58, 'JS5228'),
(2742, 9, 58, 'LG3866'),
(2743, 9, 4, 'AV2194'),
(2744, 9, 4, 'AV9782'),
(2745, 9, 4, 'CF7283'),
(2746, 9, 4, 'CR3815'),
(2747, 9, 4, 'DA6344'),
(2748, 9, 4, 'DC7557'),
(2749, 9, 4, 'DV6321'),
(2750, 9, 4, 'EL4666'),
(2751, 9, 4, 'EP9486'),
(2752, 9, 4, 'ER2461'),
(2753, 9, 4, 'FM6585'),
(2754, 9, 4, 'FR8934'),
(2755, 9, 4, 'FT1489'),
(2756, 9, 4, 'FV5729'),
(2757, 9, 4, 'GM3695'),
(2758, 9, 4, 'JL5461'),
(2759, 9, 4, 'JM4873'),
(2760, 9, 4, 'JR3327'),
(2761, 9, 4, 'KL8952'),
(2762, 9, 4, 'LA2352'),
(2763, 9, 4, 'LS1267'),
(2764, 9, 4, 'MÁ5258'),
(2765, 9, 4, 'MA9739'),
(2766, 9, 4, 'OP9186'),
(2767, 9, 4, 'OR5469'),
(2768, 9, 4, 'PV2487'),
(2769, 8, 31, 'AV2194'),
(2770, 8, 31, 'AV9782'),
(2771, 8, 31, 'CF7283'),
(2772, 8, 31, 'CR3815'),
(2773, 8, 31, 'DA6344'),
(2774, 8, 31, 'DC7557'),
(2775, 8, 31, 'DV6321'),
(2776, 8, 31, 'EL4666'),
(2777, 8, 31, 'EP9486'),
(2778, 8, 31, 'ER2461'),
(2779, 8, 31, 'FM6585'),
(2780, 8, 31, 'FR8934'),
(2781, 8, 31, 'FT1489'),
(2782, 8, 31, 'FV5729'),
(2783, 8, 31, 'GM3695'),
(2784, 8, 31, 'JL5461'),
(2785, 8, 31, 'JM4873'),
(2786, 8, 31, 'JR3327'),
(2787, 8, 31, 'KL8952'),
(2788, 8, 31, 'LA2352'),
(2789, 8, 31, 'LS1267'),
(2790, 8, 31, 'MÁ5258'),
(2791, 8, 31, 'MA9739'),
(2792, 8, 31, 'OP9186'),
(2793, 8, 31, 'OR5469'),
(2794, 8, 31, 'PV2487'),
(2795, 9, 58, 'AV2194'),
(2796, 9, 58, 'AV9782'),
(2797, 9, 58, 'CF7283'),
(2798, 9, 58, 'CR3815'),
(2799, 9, 58, 'DA6344'),
(2800, 9, 58, 'DC7557'),
(2801, 9, 58, 'DV6321'),
(2802, 9, 58, 'EL4666'),
(2803, 9, 58, 'EP9486'),
(2804, 9, 58, 'ER2461'),
(2805, 9, 58, 'FM6585'),
(2806, 9, 58, 'FR8934'),
(2807, 9, 58, 'FT1489'),
(2808, 9, 58, 'FV5729'),
(2809, 9, 58, 'GM3695'),
(2810, 9, 58, 'JL5461'),
(2811, 9, 58, 'JM4873'),
(2812, 9, 58, 'JR3327'),
(2813, 9, 58, 'KL8952'),
(2814, 9, 58, 'LA2352'),
(2815, 9, 58, 'LS1267'),
(2816, 9, 58, 'MÁ5258'),
(2817, 9, 58, 'MA9739'),
(2818, 9, 58, 'OP9186'),
(2819, 9, 58, 'OR5469'),
(2820, 9, 58, 'PV2487'),
(2821, 7, 4, 'AJ3557'),
(2822, 7, 4, 'AL1951'),
(2823, 7, 4, 'AT5162'),
(2824, 7, 4, 'AV5191'),
(2825, 7, 4, 'BL2957'),
(2826, 7, 4, 'BO2759'),
(2827, 7, 4, 'DR7596'),
(2828, 7, 4, 'DR8694'),
(2829, 7, 4, 'EM8842'),
(2830, 7, 4, 'GM2229'),
(2831, 7, 4, 'GV2633'),
(2832, 7, 4, 'IB1332'),
(2833, 7, 4, 'IP9558'),
(2834, 7, 4, 'JÁ7773'),
(2835, 7, 4, 'JB7154'),
(2836, 7, 4, 'JC8281'),
(2837, 7, 4, 'JG8863'),
(2838, 7, 4, 'JP6494'),
(2839, 7, 4, 'JQ9587'),
(2840, 7, 4, 'KO6831'),
(2841, 7, 4, 'LC8432'),
(2842, 7, 4, 'LQ3145'),
(2843, 7, 4, 'MF1821'),
(2844, 7, 4, 'MN2956'),
(2845, 7, 4, 'MQ5455'),
(2846, 7, 4, 'MR3799'),
(2847, 8, 48, 'AC4113'),
(2848, 8, 48, 'AM3292'),
(2849, 8, 48, 'AR6454'),
(2850, 8, 48, 'AT6834'),
(2851, 8, 48, 'CG7763'),
(2852, 8, 48, 'CM6312'),
(2853, 8, 48, 'DC2479'),
(2854, 8, 48, 'EJ7742'),
(2855, 8, 48, 'ER4698'),
(2856, 8, 48, 'FD6561'),
(2857, 8, 48, 'GÁ5585'),
(2858, 8, 48, 'IH1539'),
(2859, 8, 48, 'IH4598'),
(2860, 8, 48, 'IJ1129'),
(2861, 8, 48, 'IM4233'),
(2862, 8, 48, 'JF4522'),
(2863, 8, 48, 'JJ5873'),
(2864, 8, 48, 'JM3769'),
(2865, 8, 48, 'JR7753'),
(2866, 8, 48, 'JS9711'),
(2867, 8, 48, 'JV1362'),
(2868, 8, 48, 'LB9832'),
(2869, 8, 48, 'MA1436'),
(2870, 8, 48, 'MF8216'),
(2871, 8, 48, 'MS5346'),
(2872, 8, 48, 'MV1492'),
(2873, 8, 31, 'AJ3557'),
(2874, 8, 31, 'AL1951'),
(2875, 8, 31, 'AT5162'),
(2876, 8, 31, 'AV5191'),
(2877, 8, 31, 'BL2957'),
(2878, 8, 31, 'BO2759'),
(2879, 8, 31, 'DR7596'),
(2880, 8, 31, 'DR8694'),
(2881, 8, 31, 'EM8842'),
(2882, 8, 31, 'GM2229'),
(2883, 8, 31, 'GV2633'),
(2884, 8, 31, 'IB1332'),
(2885, 8, 31, 'IP9558'),
(2886, 8, 31, 'JÁ7773'),
(2887, 8, 31, 'JB7154'),
(2888, 8, 31, 'JC8281'),
(2889, 8, 31, 'JG8863'),
(2890, 8, 31, 'JP6494'),
(2891, 8, 31, 'JQ9587'),
(2892, 8, 31, 'KO6831'),
(2893, 8, 31, 'LC8432'),
(2894, 8, 31, 'LQ3145'),
(2895, 8, 31, 'MF1821'),
(2896, 8, 31, 'MN2956'),
(2897, 8, 31, 'MQ5455'),
(2898, 8, 31, 'MR3799'),
(2899, 9, 58, 'AJ3557'),
(2900, 9, 58, 'AL1951'),
(2901, 9, 58, 'AT5162'),
(2902, 9, 58, 'AV5191'),
(2903, 9, 58, 'BL2957'),
(2904, 9, 58, 'BO2759'),
(2905, 9, 58, 'DR7596'),
(2906, 9, 58, 'DR8694'),
(2907, 9, 58, 'EM8842'),
(2908, 9, 58, 'GM2229'),
(2909, 9, 58, 'GV2633'),
(2910, 9, 58, 'IB1332'),
(2911, 9, 58, 'IP9558'),
(2912, 9, 58, 'JÁ7773'),
(2913, 9, 58, 'JB7154'),
(2914, 9, 58, 'JC8281'),
(2915, 9, 58, 'JG8863'),
(2916, 9, 58, 'JP6494'),
(2917, 9, 58, 'JQ9587'),
(2918, 9, 58, 'KO6831'),
(2919, 9, 58, 'LC8432'),
(2920, 9, 58, 'LQ3145'),
(2921, 9, 58, 'MF1821'),
(2922, 9, 58, 'MN2956'),
(2923, 9, 58, 'MQ5455'),
(2924, 9, 58, 'MR3799'),
(2925, 7, 21, 'AC4113'),
(2926, 7, 21, 'AM3292'),
(2927, 7, 21, 'AR6454'),
(2928, 7, 21, 'AT6834'),
(2929, 7, 21, 'CG7763'),
(2930, 7, 21, 'CM6312'),
(2931, 7, 21, 'DC2479'),
(2932, 7, 21, 'EJ7742'),
(2933, 7, 21, 'ER4698'),
(2934, 7, 21, 'FD6561'),
(2935, 7, 21, 'GÁ5585'),
(2936, 7, 21, 'IH1539'),
(2937, 7, 21, 'IH4598'),
(2938, 7, 21, 'IJ1129'),
(2939, 7, 21, 'IM4233'),
(2940, 7, 21, 'JF4522'),
(2941, 7, 21, 'JJ5873'),
(2942, 7, 21, 'JM3769'),
(2943, 7, 21, 'JR7753'),
(2944, 7, 21, 'JS9711'),
(2945, 7, 21, 'JV1362'),
(2946, 7, 21, 'LB9832'),
(2947, 7, 21, 'MA1436'),
(2948, 7, 21, 'MF8216'),
(2949, 7, 21, 'MS5346'),
(2950, 7, 21, 'MV1492'),
(2951, 9, 75, 'AC4113'),
(2952, 9, 75, 'AM3292'),
(2953, 9, 75, 'AR6454'),
(2954, 9, 75, 'AT6834'),
(2955, 9, 75, 'CG7763'),
(2956, 9, 75, 'CM6312'),
(2957, 9, 75, 'DC2479'),
(2958, 9, 75, 'EJ7742'),
(2959, 9, 75, 'ER4698'),
(2960, 9, 75, 'FD6561'),
(2961, 9, 75, 'GÁ5585'),
(2962, 9, 75, 'IH1539'),
(2963, 9, 75, 'IH4598'),
(2964, 9, 75, 'IJ1129'),
(2965, 9, 75, 'IM4233'),
(2966, 9, 75, 'JF4522'),
(2967, 9, 75, 'JJ5873'),
(2968, 9, 75, 'JM3769'),
(2969, 9, 75, 'JR7753'),
(2970, 9, 75, 'JS9711'),
(2971, 9, 75, 'JV1362'),
(2972, 9, 75, 'LB9832'),
(2973, 9, 75, 'MA1436'),
(2974, 9, 75, 'MF8216'),
(2975, 9, 75, 'MS5346'),
(2976, 9, 75, 'MV1492'),
(2977, 7, 9, 'AS1983'),
(2978, 7, 9, 'BS9588'),
(2979, 7, 9, 'DB4645'),
(2980, 7, 9, 'ER8335'),
(2981, 7, 9, 'FT9543'),
(2982, 7, 9, 'GG5559'),
(2983, 7, 9, 'IA3668'),
(2984, 7, 9, 'JA6681'),
(2985, 7, 9, 'JL7274'),
(2986, 7, 9, 'KÁ4733'),
(2987, 7, 9, 'LM5852'),
(2988, 7, 9, 'LR3335'),
(2989, 7, 9, 'MD4436'),
(2990, 7, 9, 'MM4921'),
(2991, 7, 9, 'MR6891'),
(2992, 7, 9, 'MS8242'),
(2993, 8, 36, 'AS1983'),
(2994, 8, 36, 'BS9588'),
(2995, 8, 36, 'DB4645'),
(2996, 8, 36, 'ER8335'),
(2997, 8, 36, 'FT9543'),
(2998, 8, 36, 'GG5559'),
(2999, 8, 36, 'IA3668'),
(3000, 8, 36, 'JA6681'),
(3001, 8, 36, 'JL7274'),
(3002, 8, 36, 'KÁ4733'),
(3003, 8, 36, 'LM5852'),
(3004, 8, 36, 'LR3335'),
(3005, 8, 36, 'MD4436'),
(3006, 8, 36, 'MM4921'),
(3007, 8, 36, 'MR6891'),
(3008, 8, 36, 'MS8242'),
(3009, 7, 63, 'AS1983'),
(3010, 7, 63, 'BS9588'),
(3011, 7, 63, 'DB4645'),
(3012, 7, 63, 'ER8335'),
(3013, 7, 63, 'FT9543'),
(3014, 7, 63, 'GG5559'),
(3015, 7, 63, 'IA3668'),
(3016, 7, 63, 'JA6681'),
(3017, 7, 63, 'JL7274'),
(3018, 7, 63, 'KÁ4733'),
(3019, 7, 63, 'LM5852'),
(3020, 7, 63, 'LR3335'),
(3021, 7, 63, 'MD4436'),
(3022, 7, 63, 'MM4921'),
(3023, 7, 63, 'MR6891'),
(3024, 7, 63, 'MS8242'),
(3025, 8, 10, 'AC9757'),
(3026, 8, 10, 'AF6686'),
(3027, 8, 10, 'AV1432'),
(3028, 8, 10, 'BN8146'),
(3029, 8, 10, 'CG6284'),
(3030, 8, 10, 'CM1768'),
(3031, 8, 10, 'CP2577'),
(3032, 8, 10, 'CV1817'),
(3033, 8, 10, 'EF2321'),
(3034, 8, 10, 'FN9269'),
(3035, 8, 10, 'IP9464'),
(3036, 8, 10, 'JÁ1787'),
(3037, 8, 10, 'JA6979'),
(3038, 8, 10, 'JF6956'),
(3039, 8, 10, 'JF9166'),
(3040, 8, 10, 'JM6166'),
(3041, 8, 10, 'JP1338'),
(3042, 8, 10, 'JP9542'),
(3043, 8, 10, 'JS1631'),
(3044, 8, 10, 'JS5228'),
(3045, 8, 10, 'LG3866'),
(3046, 7, 37, 'AC9757'),
(3047, 7, 37, 'AF6686'),
(3048, 7, 37, 'AV1432'),
(3049, 7, 37, 'BN8146'),
(3050, 7, 37, 'CG6284'),
(3051, 7, 37, 'CM1768'),
(3052, 7, 37, 'CP2577'),
(3053, 7, 37, 'CV1817'),
(3054, 7, 37, 'EF2321'),
(3055, 7, 37, 'FN9269'),
(3056, 7, 37, 'IP9464'),
(3057, 7, 37, 'JÁ1787'),
(3058, 7, 37, 'JA6979'),
(3059, 7, 37, 'JF6956'),
(3060, 7, 37, 'JF9166'),
(3061, 7, 37, 'JM6166'),
(3062, 7, 37, 'JP1338'),
(3063, 7, 37, 'JP9542'),
(3064, 7, 37, 'JS1631'),
(3065, 7, 37, 'JS5228'),
(3066, 7, 37, 'LG3866'),
(3067, 7, 64, 'AC9757'),
(3068, 7, 64, 'AF6686'),
(3069, 8, 64, 'AV1432'),
(3070, 8, 64, 'BN8146'),
(3071, 9, 64, 'CG6284'),
(3072, 9, 64, 'CM1768'),
(3073, 9, 64, 'CP2577'),
(3074, 9, 64, 'CV1817'),
(3075, 9, 64, 'EF2321'),
(3076, 9, 64, 'FN9269'),
(3077, 9, 64, 'IP9464'),
(3078, 9, 64, 'JÁ1787'),
(3079, 9, 64, 'JA6979'),
(3080, 9, 64, 'JF6956'),
(3081, 9, 64, 'JF9166'),
(3082, 9, 64, 'JM6166'),
(3083, 9, 64, 'JP1338'),
(3084, 9, 64, 'JP9542'),
(3085, 9, 64, 'JS1631'),
(3086, 9, 64, 'JS5228'),
(3087, 9, 64, 'LG3866'),
(3088, 7, 12, 'AS1983'),
(3089, 7, 12, 'BS9588'),
(3090, 7, 12, 'DB4645'),
(3091, 7, 12, 'ER8335'),
(3092, 7, 12, 'FT9543'),
(3093, 7, 12, 'GG5559'),
(3094, 7, 12, 'IA3668'),
(3095, 7, 12, 'JA6681'),
(3096, 7, 12, 'JL7274'),
(3097, 7, 12, 'KÁ4733'),
(3098, 7, 12, 'LM5852'),
(3099, 7, 12, 'LR3335'),
(3100, 7, 12, 'MD4436'),
(3101, 7, 12, 'MM4921'),
(3102, 7, 12, 'MR6891'),
(3103, 7, 12, 'MS8242'),
(3104, 8, 39, 'AS1983'),
(3105, 8, 39, 'BS9588'),
(3106, 8, 39, 'DB4645'),
(3107, 8, 39, 'ER8335'),
(3108, 8, 39, 'FT9543'),
(3109, 8, 39, 'GG5559'),
(3110, 8, 39, 'IA3668'),
(3111, 8, 39, 'JA6681'),
(3112, 8, 39, 'JL7274'),
(3113, 8, 39, 'KÁ4733'),
(3114, 8, 39, 'LM5852'),
(3115, 8, 39, 'LR3335'),
(3116, 8, 39, 'MD4436'),
(3117, 8, 39, 'MM4921'),
(3118, 8, 39, 'MR6891'),
(3119, 8, 39, 'MS8242'),
(3120, 9, 66, 'AS1983'),
(3121, 9, 66, 'BS9588'),
(3122, 9, 66, 'DB4645'),
(3123, 9, 66, 'ER8335'),
(3124, 9, 66, 'FT9543'),
(3125, 9, 66, 'GG5559'),
(3126, 9, 66, 'IA3668'),
(3127, 9, 66, 'JA6681'),
(3128, 9, 66, 'JL7274'),
(3129, 9, 66, 'KÁ4733'),
(3130, 9, 66, 'LM5852'),
(3131, 9, 66, 'LR3335'),
(3132, 9, 66, 'MD4436'),
(3133, 9, 66, 'MM4921'),
(3134, 9, 66, 'MR6891'),
(3135, 9, 66, 'MS8242'),
(3136, 7, 12, 'AC5563'),
(3137, 7, 12, 'AM1638'),
(3138, 7, 12, 'ÁN9224'),
(3139, 7, 12, 'ÁR5923'),
(3140, 7, 12, 'AR7259'),
(3141, 7, 12, 'CL9634'),
(3142, 7, 12, 'DJ1737'),
(3143, 7, 12, 'DR7348'),
(3144, 7, 12, 'DV9275'),
(3145, 7, 12, 'EA4795'),
(3146, 7, 12, 'EP4352'),
(3147, 7, 12, 'ES9328'),
(3148, 7, 12, 'FC1423'),
(3149, 7, 12, 'GG3259'),
(3150, 7, 12, 'HP7681'),
(3151, 7, 12, 'JA2924'),
(3152, 7, 12, 'JA3561'),
(3153, 7, 12, 'JG7323'),
(3154, 7, 12, 'JG8296'),
(3155, 7, 12, 'JM7153'),
(3156, 7, 12, 'JQ8827'),
(3157, 7, 12, 'JR2253'),
(3158, 7, 12, 'JS1311'),
(3159, 7, 12, 'JT3175'),
(3160, 7, 12, 'LP3696'),
(3161, 7, 12, 'LP6885'),
(3162, 7, 12, 'MC8646'),
(3163, 7, 12, 'ML9342'),
(3164, 7, 12, 'RG8592'),
(3165, 7, 12, 'RS9179'),
(3166, 7, 12, 'SC6342'),
(3167, 8, 39, 'AC5563'),
(3168, 8, 39, 'AM1638'),
(3169, 8, 39, 'ÁN9224'),
(3170, 8, 39, 'ÁR5923'),
(3171, 8, 39, 'AR7259'),
(3172, 8, 39, 'CL9634'),
(3173, 8, 39, 'DJ1737'),
(3174, 8, 39, 'DR7348'),
(3175, 8, 39, 'DV9275'),
(3176, 8, 39, 'EA4795'),
(3177, 8, 39, 'EP4352'),
(3178, 8, 39, 'ES9328'),
(3179, 8, 39, 'FC1423'),
(3180, 8, 39, 'GG3259'),
(3181, 8, 39, 'HP7681'),
(3182, 8, 39, 'JA2924'),
(3183, 8, 39, 'JA3561'),
(3184, 8, 39, 'JG7323'),
(3185, 8, 39, 'JG8296'),
(3186, 8, 39, 'JM7153'),
(3187, 8, 39, 'JQ8827'),
(3188, 8, 39, 'JR2253'),
(3189, 8, 39, 'JS1311'),
(3190, 8, 39, 'JT3175'),
(3191, 8, 39, 'LP3696'),
(3192, 8, 39, 'LP6885'),
(3193, 8, 39, 'MC8646'),
(3194, 8, 39, 'ML9342'),
(3195, 8, 39, 'RG8592'),
(3196, 8, 39, 'RS9179'),
(3197, 8, 39, 'SC6342'),
(3198, 9, 66, 'AC5563'),
(3199, 9, 66, 'AM1638'),
(3200, 9, 66, 'ÁN9224'),
(3201, 9, 66, 'ÁR5923'),
(3202, 9, 66, 'AR7259'),
(3203, 9, 66, 'CL9634'),
(3204, 9, 66, 'DJ1737'),
(3205, 9, 66, 'DR7348'),
(3206, 9, 66, 'DV9275'),
(3207, 9, 66, 'EA4795'),
(3208, 9, 66, 'EP4352'),
(3209, 9, 66, 'ES9328'),
(3210, 9, 66, 'FC1423'),
(3211, 9, 66, 'GG3259'),
(3212, 9, 66, 'HP7681'),
(3213, 9, 66, 'JA2924'),
(3214, 9, 66, 'JA3561'),
(3215, 9, 66, 'JG7323'),
(3216, 9, 66, 'JG8296'),
(3217, 9, 66, 'JM7153'),
(3218, 9, 66, 'JQ8827'),
(3219, 9, 66, 'JR2253'),
(3220, 9, 66, 'JS1311'),
(3221, 9, 66, 'JT3175'),
(3222, 9, 66, 'LP3696'),
(3223, 9, 66, 'LP6885'),
(3224, 9, 66, 'MC8646'),
(3225, 9, 66, 'ML9342'),
(3226, 9, 66, 'RG8592'),
(3227, 9, 66, 'RS9179'),
(3228, 9, 66, 'SC6342'),
(3229, 7, 12, 'AG5462'),
(3230, 7, 12, 'AP7669'),
(3231, 7, 12, 'BR9523'),
(3232, 7, 12, 'CC2413'),
(3233, 7, 12, 'DV2282'),
(3234, 7, 12, 'ES3336'),
(3235, 7, 12, 'GM2599'),
(3236, 7, 12, 'GR7387'),
(3237, 7, 12, 'IP4186'),
(3238, 7, 12, 'JF6817'),
(3239, 7, 12, 'JO5431'),
(3240, 7, 12, 'JR8381'),
(3241, 7, 12, 'JV9236'),
(3242, 7, 12, 'KM6618'),
(3243, 7, 12, 'LC4825'),
(3244, 7, 12, 'LM7791'),
(3245, 7, 12, 'LO5959'),
(3246, 7, 12, 'MA9567'),
(3247, 7, 12, 'MD9555'),
(3248, 7, 12, 'MM4716'),
(3249, 7, 12, 'NR2346'),
(3250, 7, 12, 'PC6556'),
(3251, 7, 12, 'PG4466'),
(3252, 7, 12, 'RA5176'),
(3253, 7, 12, 'RV4421'),
(3254, 7, 12, 'RV5182'),
(3255, 8, 39, 'AG5462'),
(3256, 8, 39, 'AP7669'),
(3257, 8, 39, 'BR9523'),
(3258, 8, 39, 'CC2413'),
(3259, 8, 39, 'DV2282'),
(3260, 8, 39, 'ES3336'),
(3261, 8, 39, 'GM2599'),
(3262, 8, 39, 'GR7387'),
(3263, 8, 39, 'IP4186'),
(3264, 8, 39, 'JF6817'),
(3265, 8, 39, 'JO5431'),
(3266, 8, 39, 'JR8381'),
(3267, 8, 39, 'JV9236'),
(3268, 8, 39, 'KM6618'),
(3269, 8, 39, 'LC4825'),
(3270, 8, 39, 'LM7791'),
(3271, 8, 39, 'LO5959'),
(3272, 8, 39, 'MA9567'),
(3273, 8, 39, 'MD9555'),
(3274, 8, 39, 'MM4716'),
(3275, 8, 39, 'NR2346'),
(3276, 8, 39, 'PC6556'),
(3277, 8, 39, 'PG4466'),
(3278, 8, 39, 'RA5176'),
(3279, 8, 39, 'RV4421'),
(3280, 8, 39, 'RV5182'),
(3281, 9, 66, 'AG5462'),
(3282, 9, 66, 'AP7669'),
(3283, 9, 66, 'BR9523'),
(3284, 9, 66, 'CC2413'),
(3285, 9, 66, 'DV2282'),
(3286, 9, 66, 'ES3336'),
(3287, 9, 66, 'GM2599'),
(3288, 9, 66, 'GR7387'),
(3289, 9, 66, 'IP4186'),
(3290, 9, 66, 'JF6817'),
(3291, 9, 66, 'JO5431'),
(3292, 9, 66, 'JR8381'),
(3293, 9, 66, 'JV9236'),
(3294, 9, 66, 'KM6618'),
(3295, 9, 66, 'LC4825'),
(3296, 9, 66, 'LM7791'),
(3297, 9, 66, 'LO5959'),
(3298, 9, 66, 'MA9567'),
(3299, 9, 66, 'MD9555'),
(3300, 9, 66, 'MM4716'),
(3301, 9, 66, 'NR2346'),
(3302, 9, 66, 'PC6556'),
(3303, 9, 66, 'PG4466'),
(3304, 9, 66, 'RA5176'),
(3305, 9, 66, 'RV4421'),
(3306, 9, 66, 'RV5182'),
(3307, 7, 12, 'AC8372'),
(3308, 7, 12, 'ÁT4399'),
(3309, 7, 12, 'BC3517'),
(3310, 7, 12, 'BG9639'),
(3311, 7, 12, 'CG3314'),
(3312, 7, 12, 'CG8874'),
(3313, 7, 12, 'EF1291'),
(3314, 7, 12, 'ER1325'),
(3315, 7, 12, 'FL3514'),
(3316, 7, 12, 'FP2126'),
(3317, 7, 12, 'GF9739'),
(3318, 7, 12, 'IP1554'),
(3319, 7, 12, 'IV6296'),
(3320, 7, 12, 'IV9459'),
(3321, 7, 12, 'JC1912'),
(3322, 7, 12, 'JJ8389'),
(3323, 7, 12, 'JM9226'),
(3324, 7, 12, 'LP9455'),
(3325, 7, 12, 'MC4456'),
(3326, 7, 12, 'MO3283'),
(3327, 7, 12, 'MS4199'),
(3328, 8, 39, 'AC8372'),
(3329, 8, 39, 'ÁT4399'),
(3330, 8, 39, 'BC3517'),
(3331, 8, 39, 'BG9639'),
(3332, 8, 39, 'CG3314'),
(3333, 8, 39, 'CG8874'),
(3334, 8, 39, 'EF1291'),
(3335, 8, 39, 'ER1325'),
(3336, 8, 39, 'FL3514'),
(3337, 8, 39, 'FP2126'),
(3338, 8, 39, 'GF9739'),
(3339, 8, 39, 'IP1554'),
(3340, 8, 39, 'IV6296'),
(3341, 8, 39, 'IV9459'),
(3342, 8, 39, 'JC1912'),
(3343, 8, 39, 'JJ8389'),
(3344, 8, 39, 'JM9226'),
(3345, 8, 39, 'LP9455'),
(3346, 8, 39, 'MC4456'),
(3347, 8, 39, 'MO3283'),
(3348, 8, 39, 'MS4199'),
(3349, 9, 66, 'AC8372'),
(3350, 9, 66, 'ÁT4399'),
(3351, 9, 66, 'BC3517'),
(3352, 9, 66, 'BG9639'),
(3353, 9, 66, 'CG3314'),
(3354, 9, 66, 'CG8874'),
(3355, 9, 66, 'EF1291'),
(3356, 9, 66, 'ER1325'),
(3357, 9, 66, 'FL3514'),
(3358, 9, 66, 'FP2126'),
(3359, 9, 66, 'GF9739'),
(3360, 9, 66, 'IP1554'),
(3361, 9, 66, 'IV6296'),
(3362, 9, 66, 'IV9459'),
(3363, 9, 66, 'JC1912'),
(3364, 9, 66, 'JJ8389'),
(3365, 9, 66, 'JM9226'),
(3366, 9, 66, 'LP9455'),
(3367, 9, 66, 'MC4456'),
(3368, 9, 66, 'MO3283'),
(3369, 9, 66, 'MS4199'),
(3370, 7, 25, 'AG3433'),
(3371, 7, 25, 'AR5325'),
(3372, 7, 25, 'BQ2628'),
(3373, 7, 25, 'CD8339'),
(3374, 7, 25, 'CL7913'),
(3375, 7, 25, 'ER1971'),
(3376, 7, 25, 'ER8677'),
(3377, 7, 25, 'ET6197'),
(3378, 7, 25, 'FB7737'),
(3379, 7, 25, 'GL3842'),
(3380, 7, 25, 'IA8993'),
(3381, 7, 25, 'IQ8729'),
(3382, 7, 25, 'JJ2182'),
(3383, 7, 25, 'JM1958'),
(3384, 7, 25, 'JM2892'),
(3385, 7, 25, 'LR6137'),
(3386, 7, 25, 'MH6433'),
(3387, 7, 25, 'MM4383'),
(3388, 7, 25, 'MP3665'),
(3389, 7, 25, 'NR5288'),
(3390, 7, 25, 'OD7389'),
(3391, 7, 52, 'AG3433'),
(3392, 7, 52, 'AR5325'),
(3393, 7, 52, 'BQ2628'),
(3394, 7, 52, 'CD8339'),
(3395, 7, 52, 'CL7913'),
(3396, 7, 52, 'ER1971'),
(3397, 7, 52, 'ER8677'),
(3398, 7, 52, 'ET6197'),
(3399, 7, 52, 'FB7737'),
(3400, 7, 52, 'GL3842'),
(3401, 7, 52, 'IA8993'),
(3402, 7, 52, 'IQ8729'),
(3403, 7, 52, 'JJ2182'),
(3404, 7, 52, 'JM1958'),
(3405, 7, 52, 'JM2892'),
(3406, 7, 52, 'LR6137'),
(3407, 7, 52, 'MH6433'),
(3408, 7, 52, 'MM4383'),
(3409, 7, 52, 'MP3665'),
(3410, 7, 52, 'NR5288'),
(3411, 7, 52, 'OD7389'),
(3412, 9, 79, 'AG3433'),
(3413, 9, 79, 'AR5325'),
(3414, 9, 79, 'BQ2628'),
(3415, 9, 79, 'CD8339'),
(3416, 9, 79, 'CL7913'),
(3417, 9, 79, 'ER1971'),
(3418, 9, 79, 'ER8677'),
(3419, 9, 79, 'ET6197'),
(3420, 9, 79, 'FB7737'),
(3421, 9, 79, 'GL3842'),
(3422, 9, 79, 'IA8993'),
(3423, 9, 79, 'IQ8729'),
(3424, 9, 79, 'JJ2182'),
(3425, 9, 79, 'JM1958'),
(3426, 9, 79, 'JM2892'),
(3427, 9, 79, 'LR6137'),
(3428, 9, 79, 'MH6433'),
(3429, 9, 79, 'MM4383'),
(3430, 9, 79, 'MP3665'),
(3431, 9, 79, 'NR5288'),
(3432, 9, 79, 'OD7389'),
(3433, 7, 25, 'AC9757'),
(3434, 7, 25, 'AF6686'),
(3435, 7, 25, 'AV1432'),
(3436, 7, 25, 'BN8146'),
(3437, 7, 25, 'CG6284'),
(3438, 7, 25, 'CM1768'),
(3439, 7, 25, 'CP2577'),
(3440, 7, 25, 'CV1817'),
(3441, 7, 25, 'EF2321'),
(3442, 7, 25, 'FN9269'),
(3443, 7, 25, 'IP9464'),
(3444, 7, 25, 'JÁ1787'),
(3445, 7, 25, 'JA6979'),
(3446, 7, 25, 'JF6956'),
(3447, 7, 25, 'JF9166'),
(3448, 7, 25, 'JM6166'),
(3449, 7, 25, 'JP1338'),
(3450, 7, 25, 'JP9542'),
(3451, 7, 25, 'JS1631'),
(3452, 7, 25, 'JS5228'),
(3453, 7, 25, 'LG3866'),
(3454, 8, 52, 'AC9757'),
(3455, 8, 52, 'AF6686'),
(3456, 8, 52, 'AV1432'),
(3457, 8, 52, 'BN8146'),
(3458, 8, 52, 'CG6284'),
(3459, 8, 52, 'CM1768'),
(3460, 8, 52, 'CP2577'),
(3461, 8, 52, 'CV1817'),
(3462, 8, 52, 'EF2321'),
(3463, 8, 52, 'FN9269'),
(3464, 8, 52, 'IP9464'),
(3465, 8, 52, 'JÁ1787'),
(3466, 8, 52, 'JA6979'),
(3467, 8, 52, 'JF6956'),
(3468, 8, 52, 'JF9166'),
(3469, 8, 52, 'JM6166'),
(3470, 8, 52, 'JP1338'),
(3471, 8, 52, 'JP9542'),
(3472, 8, 52, 'JS1631'),
(3473, 8, 52, 'JS5228'),
(3474, 8, 52, 'LG3866'),
(3475, 9, 79, 'AC9757'),
(3476, 9, 79, 'AF6686'),
(3477, 9, 79, 'AV1432'),
(3478, 9, 79, 'BN8146'),
(3479, 9, 79, 'CG6284'),
(3480, 9, 79, 'CM1768'),
(3481, 9, 79, 'CP2577'),
(3482, 9, 79, 'CV1817'),
(3483, 9, 79, 'EF2321'),
(3484, 9, 79, 'FN9269'),
(3485, 9, 79, 'IP9464'),
(3486, 9, 79, 'JÁ1787'),
(3487, 9, 79, 'JA6979'),
(3488, 9, 79, 'JF6956'),
(3489, 9, 79, 'JF9166'),
(3490, 9, 79, 'JM6166'),
(3491, 9, 79, 'JP1338'),
(3492, 9, 79, 'JP9542'),
(3493, 9, 79, 'JS1631'),
(3494, 9, 79, 'JS5228'),
(3495, 9, 79, 'LG3866'),
(3496, 7, 25, 'AV2194'),
(3497, 7, 25, 'AV9782'),
(3498, 7, 25, 'CF7283'),
(3499, 7, 25, 'CR3815'),
(3500, 7, 25, 'DA6344'),
(3501, 7, 25, 'DC7557'),
(3502, 7, 25, 'DV6321'),
(3503, 7, 25, 'EL4666'),
(3504, 7, 25, 'EP9486'),
(3505, 7, 25, 'ER2461'),
(3506, 7, 25, 'FM6585'),
(3507, 7, 25, 'FR8934'),
(3508, 7, 25, 'FT1489'),
(3509, 7, 25, 'FV5729'),
(3510, 7, 25, 'GM3695'),
(3511, 7, 25, 'JL5461'),
(3512, 7, 25, 'JM4873'),
(3513, 7, 25, 'JR3327'),
(3514, 7, 25, 'KL8952'),
(3515, 7, 25, 'LA2352'),
(3516, 7, 25, 'LS1267'),
(3517, 7, 25, 'MÁ5258'),
(3518, 7, 25, 'MA9739'),
(3519, 7, 25, 'OP9186'),
(3520, 7, 25, 'OR5469'),
(3521, 7, 25, 'PV2487'),
(3522, 8, 52, 'AV2194'),
(3523, 8, 52, 'AV9782'),
(3524, 8, 52, 'CF7283'),
(3525, 8, 52, 'CR3815'),
(3526, 8, 52, 'DA6344'),
(3527, 8, 52, 'DC7557'),
(3528, 8, 52, 'DV6321'),
(3529, 8, 52, 'EL4666'),
(3530, 8, 52, 'EP9486'),
(3531, 8, 52, 'ER2461'),
(3532, 8, 52, 'FM6585'),
(3533, 8, 52, 'FR8934'),
(3534, 8, 52, 'FT1489'),
(3535, 8, 52, 'FV5729'),
(3536, 8, 52, 'GM3695'),
(3537, 8, 52, 'JL5461'),
(3538, 8, 52, 'JM4873'),
(3539, 8, 52, 'JR3327'),
(3540, 8, 52, 'KL8952'),
(3541, 8, 52, 'LA2352'),
(3542, 8, 52, 'LS1267'),
(3543, 8, 52, 'MÁ5258'),
(3544, 8, 52, 'MA9739'),
(3545, 8, 52, 'OP9186'),
(3546, 8, 52, 'OR5469'),
(3547, 8, 52, 'PV2487'),
(3548, 9, 79, 'AV2194'),
(3549, 9, 79, 'AV9782'),
(3550, 9, 79, 'CF7283'),
(3551, 9, 79, 'CR3815'),
(3552, 9, 79, 'DA6344'),
(3553, 9, 79, 'DC7557'),
(3554, 9, 79, 'DV6321'),
(3555, 9, 79, 'EL4666'),
(3556, 9, 79, 'EP9486'),
(3557, 9, 79, 'ER2461'),
(3558, 9, 79, 'FM6585'),
(3559, 9, 79, 'FR8934'),
(3560, 9, 79, 'FT1489'),
(3561, 9, 79, 'FV5729'),
(3562, 9, 79, 'GM3695'),
(3563, 9, 79, 'JL5461'),
(3564, 9, 79, 'JM4873'),
(3565, 9, 79, 'JR3327'),
(3566, 9, 79, 'KL8952'),
(3567, 9, 79, 'LA2352'),
(3568, 9, 79, 'LS1267'),
(3569, 9, 79, 'MÁ5258'),
(3570, 9, 79, 'MA9739'),
(3571, 9, 79, 'OP9186'),
(3572, 9, 79, 'OR5469'),
(3573, 9, 79, 'PV2487'),
(3574, 7, 25, 'AJ3557'),
(3575, 7, 25, 'AL1951'),
(3576, 7, 25, 'AT5162'),
(3577, 7, 25, 'AV5191'),
(3578, 7, 25, 'BL2957'),
(3579, 7, 25, 'BO2759'),
(3580, 7, 25, 'DR7596'),
(3581, 7, 25, 'DR8694'),
(3582, 7, 25, 'EM8842'),
(3583, 7, 25, 'GM2229'),
(3584, 7, 25, 'GV2633'),
(3585, 7, 25, 'IB1332'),
(3586, 7, 25, 'IP9558'),
(3587, 7, 25, 'JÁ7773'),
(3588, 7, 25, 'JB7154'),
(3589, 7, 25, 'JC8281'),
(3590, 7, 25, 'JG8863'),
(3591, 7, 25, 'JP6494'),
(3592, 7, 25, 'JQ9587'),
(3593, 7, 25, 'KO6831'),
(3594, 7, 25, 'LC8432'),
(3595, 7, 25, 'LQ3145'),
(3596, 7, 25, 'MF1821'),
(3597, 7, 25, 'MN2956'),
(3598, 7, 25, 'MQ5455'),
(3599, 7, 25, 'MR3799'),
(3600, 8, 52, 'AJ3557'),
(3601, 8, 52, 'AL1951'),
(3602, 8, 52, 'AT5162'),
(3603, 8, 52, 'AV5191'),
(3604, 8, 52, 'BL2957'),
(3605, 8, 52, 'BO2759'),
(3606, 8, 52, 'DR7596'),
(3607, 8, 52, 'DR8694'),
(3608, 8, 52, 'EM8842'),
(3609, 8, 52, 'GM2229'),
(3610, 8, 52, 'GV2633'),
(3611, 8, 52, 'IB1332'),
(3612, 8, 52, 'IP9558'),
(3613, 8, 52, 'JÁ7773'),
(3614, 8, 52, 'JB7154'),
(3615, 8, 52, 'JC8281'),
(3616, 8, 52, 'JG8863'),
(3617, 8, 52, 'JP6494'),
(3618, 8, 52, 'JQ9587'),
(3619, 8, 52, 'KO6831'),
(3620, 8, 52, 'LC8432'),
(3621, 8, 52, 'LQ3145'),
(3622, 8, 52, 'MF1821'),
(3623, 8, 52, 'MN2956'),
(3624, 8, 52, 'MQ5455'),
(3625, 8, 52, 'MR3799'),
(3626, 9, 79, 'AJ3557'),
(3627, 9, 79, 'AL1951'),
(3628, 9, 79, 'AT5162'),
(3629, 9, 79, 'AV5191'),
(3630, 9, 79, 'BL2957'),
(3631, 9, 79, 'BO2759'),
(3632, 9, 79, 'DR7596'),
(3633, 9, 79, 'DR8694'),
(3634, 9, 79, 'EM8842'),
(3635, 9, 79, 'GM2229'),
(3636, 9, 79, 'GV2633'),
(3637, 9, 79, 'IB1332'),
(3638, 9, 79, 'IP9558'),
(3639, 9, 79, 'JÁ7773'),
(3640, 9, 79, 'JB7154'),
(3641, 9, 79, 'JC8281'),
(3642, 9, 79, 'JG8863'),
(3643, 9, 79, 'JP6494'),
(3644, 9, 79, 'JQ9587'),
(3645, 9, 79, 'KO6831'),
(3646, 9, 79, 'LC8432'),
(3647, 9, 79, 'LQ3145'),
(3648, 9, 79, 'MF1821'),
(3649, 9, 79, 'MN2956'),
(3650, 9, 79, 'MQ5455'),
(3651, 9, 79, 'MR3799'),
(3652, 7, 5, 'AC5563'),
(3653, 7, 5, 'AM1638'),
(3654, 7, 5, 'ÁN9224'),
(3655, 7, 5, 'ÁR5923'),
(3656, 7, 5, 'AR7259'),
(3657, 7, 5, 'CL9634'),
(3658, 7, 5, 'DJ1737'),
(3659, 7, 5, 'DR7348'),
(3660, 7, 5, 'DV9275'),
(3661, 7, 5, 'EA4795'),
(3662, 7, 5, 'EP4352'),
(3663, 7, 5, 'ES9328'),
(3664, 7, 5, 'FC1423'),
(3665, 7, 5, 'GG3259'),
(3666, 7, 5, 'HP7681'),
(3667, 7, 5, 'JA2924'),
(3668, 7, 5, 'JA3561'),
(3669, 7, 5, 'JG7323'),
(3670, 7, 5, 'JG8296'),
(3671, 7, 5, 'JM7153'),
(3672, 7, 5, 'JQ8827'),
(3673, 7, 5, 'JR2253'),
(3674, 7, 5, 'JS1311'),
(3675, 7, 5, 'JT3175'),
(3676, 7, 5, 'LP3696'),
(3677, 7, 5, 'LP6885'),
(3678, 7, 5, 'MC8646'),
(3679, 7, 5, 'ML9342'),
(3680, 7, 5, 'RG8592'),
(3681, 7, 5, 'RS9179'),
(3682, 7, 5, 'SC6342'),
(3683, 8, 32, 'AC5563'),
(3684, 8, 32, 'AM1638'),
(3685, 8, 32, 'ÁN9224'),
(3686, 8, 32, 'ÁR5923'),
(3687, 8, 32, 'AR7259'),
(3688, 8, 32, 'CL9634'),
(3689, 8, 32, 'DJ1737'),
(3690, 8, 32, 'DR7348'),
(3691, 8, 32, 'DV9275'),
(3692, 8, 32, 'EA4795'),
(3693, 8, 32, 'EP4352'),
(3694, 8, 32, 'ES9328'),
(3695, 8, 32, 'FC1423'),
(3696, 8, 32, 'GG3259'),
(3697, 8, 32, 'HP7681'),
(3698, 8, 32, 'JA2924'),
(3699, 8, 32, 'JA3561'),
(3700, 8, 32, 'JG7323'),
(3701, 8, 32, 'JG8296'),
(3702, 8, 32, 'JM7153'),
(3703, 8, 32, 'JQ8827'),
(3704, 8, 32, 'JR2253'),
(3705, 8, 32, 'JS1311'),
(3706, 8, 32, 'JT3175'),
(3707, 8, 32, 'LP3696'),
(3708, 8, 32, 'LP6885'),
(3709, 8, 32, 'MC8646'),
(3710, 8, 32, 'ML9342'),
(3711, 8, 32, 'RG8592'),
(3712, 8, 32, 'RS9179'),
(3713, 8, 32, 'SC6342'),
(3714, 9, 59, 'AC5563'),
(3715, 9, 59, 'AM1638'),
(3716, 9, 59, 'ÁN9224'),
(3717, 9, 59, 'ÁR5923'),
(3718, 9, 59, 'AR7259'),
(3719, 9, 59, 'CL9634'),
(3720, 9, 59, 'DJ1737'),
(3721, 9, 59, 'DR7348'),
(3722, 10, 59, 'DV9275'),
(3723, 9, 59, 'EA4795'),
(3724, 9, 59, 'EP4352'),
(3725, 9, 59, 'ES9328'),
(3726, 9, 59, 'FC1423'),
(3727, 9, 59, 'GG3259'),
(3728, 9, 59, 'HP7681'),
(3729, 9, 59, 'JA2924'),
(3730, 9, 59, 'JA3561'),
(3731, 9, 59, 'JG7323'),
(3732, 9, 59, 'JG8296'),
(3733, 9, 59, 'JM7153'),
(3734, 9, 59, 'JQ8827'),
(3735, 9, 59, 'JR2253'),
(3736, 9, 59, 'JS1311'),
(3737, 8, 59, 'JT3175'),
(3738, 9, 59, 'LP3696'),
(3739, 9, 59, 'LP6885'),
(3740, 9, 59, 'MC8646'),
(3741, 9, 59, 'ML9342'),
(3742, 9, 59, 'RG8592'),
(3743, 9, 59, 'RS9179'),
(3744, 9, 59, 'SC6342'),
(3745, 7, 6, 'AG3433'),
(3746, 7, 6, 'AR5325'),
(3747, 7, 6, 'BQ2628'),
(3748, 7, 6, 'CD8339'),
(3749, 7, 6, 'CL7913'),
(3750, 7, 6, 'ER1971'),
(3751, 7, 6, 'ER8677'),
(3752, 7, 6, 'ET6197'),
(3753, 7, 6, 'FB7737'),
(3754, 7, 6, 'GL3842'),
(3755, 7, 6, 'IA8993'),
(3756, 7, 6, 'IQ8729'),
(3757, 7, 6, 'JJ2182'),
(3758, 7, 6, 'JM1958'),
(3759, 7, 6, 'JM2892'),
(3760, 7, 6, 'LR6137'),
(3761, 7, 6, 'MH6433'),
(3762, 7, 6, 'MM4383'),
(3763, 7, 6, 'MP3665'),
(3764, 7, 6, 'NR5288'),
(3765, 7, 6, 'OD7389'),
(3766, 8, 33, 'AG3433'),
(3767, 8, 33, 'AR5325'),
(3768, 8, 33, 'BQ2628'),
(3769, 8, 33, 'CD8339'),
(3770, 8, 33, 'CL7913'),
(3771, 8, 33, 'ER1971'),
(3772, 8, 33, 'ER8677'),
(3773, 8, 33, 'ET6197'),
(3774, 8, 33, 'FB7737'),
(3775, 8, 33, 'GL3842'),
(3776, 8, 33, 'IA8993'),
(3777, 8, 33, 'IQ8729'),
(3778, 8, 33, 'JJ2182'),
(3779, 8, 33, 'JM1958'),
(3780, 8, 33, 'JM2892'),
(3781, 8, 33, 'LR6137'),
(3782, 8, 33, 'MH6433'),
(3783, 8, 33, 'MM4383'),
(3784, 8, 33, 'MP3665'),
(3785, 8, 33, 'NR5288'),
(3786, 8, 33, 'OD7389'),
(3787, 9, 60, 'AG3433'),
(3788, 9, 60, 'AR5325'),
(3789, 9, 60, 'BQ2628'),
(3790, 9, 60, 'CD8339'),
(3791, 9, 60, 'CL7913'),
(3792, 9, 60, 'ER1971'),
(3793, 9, 60, 'ER8677'),
(3794, 9, 60, 'ET6197'),
(3795, 9, 60, 'FB7737'),
(3796, 9, 60, 'GL3842'),
(3797, 9, 60, 'IA8993'),
(3798, 9, 60, 'IQ8729'),
(3799, 9, 60, 'JJ2182'),
(3800, 9, 60, 'JM1958'),
(3801, 9, 60, 'JM2892'),
(3802, 9, 60, 'LR6137'),
(3803, 9, 60, 'MH6433'),
(3804, 9, 60, 'MM4383'),
(3805, 9, 60, 'MP3665'),
(3806, 9, 60, 'NR5288'),
(3807, 9, 60, 'OD7389'),
(3808, 7, 20, 'AD8319'),
(3809, 7, 20, 'AG4952'),
(3810, 7, 20, 'AR6451'),
(3811, 7, 20, 'BC4314'),
(3812, 7, 20, 'BR6494'),
(3813, 7, 20, 'EA1458'),
(3814, 7, 20, 'EH6526'),
(3815, 7, 20, 'EJ1516'),
(3816, 7, 20, 'EM7732'),
(3817, 7, 20, 'GG2548'),
(3818, 7, 20, 'IC9111'),
(3819, 7, 20, 'JA9221'),
(3820, 7, 20, 'JF8851'),
(3821, 7, 20, 'JG7617'),
(3822, 7, 20, 'JR5157'),
(3823, 7, 20, 'JR7361'),
(3824, 7, 20, 'JR9444'),
(3825, 7, 20, 'JS7314'),
(3826, 7, 20, 'JV6732'),
(3827, 7, 20, 'MS6856'),
(3828, 7, 20, 'OO1499'),
(3829, 8, 47, 'AD8319'),
(3830, 8, 47, 'AG4952'),
(3831, 8, 47, 'AR6451'),
(3832, 8, 47, 'BC4314'),
(3833, 8, 47, 'BR6494'),
(3834, 8, 47, 'EA1458'),
(3835, 8, 47, 'EH6526'),
(3836, 8, 47, 'EJ1516'),
(3837, 8, 47, 'EM7732'),
(3838, 8, 47, 'GG2548'),
(3839, 8, 47, 'IC9111'),
(3840, 8, 47, 'JA9221'),
(3841, 8, 47, 'JF8851'),
(3842, 8, 47, 'JG7617'),
(3843, 8, 47, 'JR5157'),
(3844, 8, 47, 'JR7361'),
(3845, 8, 47, 'JR9444'),
(3846, 8, 47, 'JS7314'),
(3847, 8, 47, 'JV6732'),
(3848, 8, 47, 'MS6856'),
(3849, 8, 47, 'OO1499'),
(3850, 9, 74, 'AD8319'),
(3851, 9, 74, 'AG4952'),
(3852, 9, 74, 'AR6451'),
(3853, 9, 74, 'BC4314'),
(3854, 9, 74, 'BR6494'),
(3855, 9, 74, 'EA1458'),
(3856, 9, 74, 'EH6526'),
(3857, 9, 74, 'EJ1516'),
(3858, 9, 74, 'EM7732'),
(3859, 9, 74, 'GG2548'),
(3860, 9, 74, 'IC9111'),
(3861, 9, 74, 'JA9221'),
(3862, 9, 74, 'JF8851'),
(3863, 9, 74, 'JG7617'),
(3864, 9, 74, 'JR5157'),
(3865, 9, 74, 'JR7361'),
(3866, 9, 74, 'JR9444'),
(3867, 9, 74, 'JS7314'),
(3868, 9, 74, 'JV6732'),
(3869, 9, 74, 'MS6856'),
(3870, 9, 74, 'OO1499'),
(3871, 7, 18, 'AC5755'),
(3872, 7, 18, 'AS7999'),
(3873, 7, 18, 'BA3564'),
(3874, 7, 18, 'BM7119'),
(3875, 7, 18, 'CL9294'),
(3876, 7, 18, 'CP7186'),
(3877, 7, 18, 'DR7987'),
(3878, 7, 18, 'DS5899'),
(3879, 7, 18, 'EP2846'),
(3880, 7, 18, 'FV5372'),
(3881, 7, 18, 'GR9232'),
(3882, 7, 18, 'IJ2434'),
(3883, 7, 18, 'JF6695'),
(3884, 7, 18, 'JG8253'),
(3885, 7, 18, 'JH1242'),
(3886, 7, 18, 'JM5279'),
(3887, 7, 18, 'JS5299'),
(3888, 7, 18, 'LC2335'),
(3889, 7, 18, 'LM8535'),
(3890, 7, 18, 'SP1535'),
(3891, 7, 18, 'SS6823'),
(3892, 7, 45, 'AC5755'),
(3893, 7, 45, 'AS7999'),
(3894, 7, 45, 'BA3564'),
(3895, 7, 45, 'BM7119'),
(3896, 7, 45, 'CL9294'),
(3897, 7, 45, 'CP7186'),
(3898, 7, 45, 'DR7987'),
(3899, 7, 45, 'DS5899'),
(3900, 7, 45, 'EP2846'),
(3901, 7, 45, 'FV5372'),
(3902, 7, 45, 'GR9232'),
(3903, 7, 45, 'IJ2434'),
(3904, 7, 45, 'JF6695'),
(3905, 7, 45, 'JG8253'),
(3906, 7, 45, 'JH1242'),
(3907, 7, 45, 'JM5279'),
(3908, 7, 45, 'JS5299'),
(3909, 7, 45, 'LC2335'),
(3910, 7, 45, 'LM8535'),
(3911, 7, 45, 'SP1535'),
(3912, 7, 45, 'SS6823'),
(3913, 9, 72, 'AC5755'),
(3914, 9, 72, 'AS7999'),
(3915, 9, 72, 'BA3564'),
(3916, 9, 72, 'BM7119'),
(3917, 9, 72, 'CL9294'),
(3918, 9, 72, 'CP7186'),
(3919, 9, 72, 'DR7987'),
(3920, 9, 72, 'DS5899'),
(3921, 9, 72, 'EP2846'),
(3922, 9, 72, 'FV5372'),
(3923, 9, 72, 'GR9232'),
(3924, 9, 72, 'IJ2434'),
(3925, 9, 72, 'JF6695'),
(3926, 9, 72, 'JG8253'),
(3927, 9, 72, 'JH1242'),
(3928, 9, 72, 'JM5279'),
(3929, 9, 72, 'JS5299'),
(3930, 9, 72, 'LC2335'),
(3931, 9, 72, 'LM8535'),
(3932, 9, 72, 'SP1535'),
(3933, 9, 72, 'SS6823'),
(3934, 7, 98, 'AS1983'),
(3935, 7, 98, 'BS9588'),
(3936, 7, 98, 'DB4645'),
(3937, 7, 98, 'ER8335'),
(3938, 7, 98, 'FT9543'),
(3939, 7, 98, 'GG5559'),
(3940, 7, 98, 'IA3668'),
(3941, 7, 98, 'JA6681'),
(3942, 7, 98, 'JL7274'),
(3943, 7, 98, 'KÁ4733'),
(3944, 7, 98, 'LM5852'),
(3945, 7, 98, 'LR3335'),
(3946, 7, 98, 'MD4436'),
(3947, 7, 98, 'MM4921'),
(3948, 7, 98, 'MR6891'),
(3949, 7, 98, 'MS8242'),
(3950, 7, 98, 'AC5563'),
(3951, 7, 98, 'AM1638'),
(3952, 7, 98, 'ÁN9224'),
(3953, 7, 98, 'ÁR5923'),
(3954, 7, 98, 'AR7259'),
(3955, 7, 98, 'CL9634'),
(3956, 7, 98, 'DJ1737'),
(3957, 7, 98, 'DR7348'),
(3958, 7, 98, 'DV9275'),
(3959, 7, 98, 'EA4795'),
(3960, 7, 98, 'EP4352'),
(3961, 7, 98, 'ES9328'),
(3962, 7, 98, 'FC1423'),
(3963, 7, 98, 'GG3259'),
(3964, 7, 98, 'HP7681'),
(3965, 7, 98, 'JA2924'),
(3966, 7, 98, 'JA3561'),
(3967, 7, 98, 'JG7323'),
(3968, 7, 98, 'JG8296'),
(3969, 7, 98, 'JM7153'),
(3970, 7, 98, 'JQ8827'),
(3971, 7, 98, 'JR2253'),
(3972, 7, 98, 'JS1311'),
(3973, 7, 98, 'JT3175'),
(3974, 7, 98, 'LP3696'),
(3975, 7, 98, 'LP6885'),
(3976, 7, 98, 'MC8646'),
(3977, 7, 98, 'ML9342'),
(3978, 7, 98, 'RG8592'),
(3979, 7, 98, 'RS9179'),
(3980, 7, 98, 'SC6342'),
(3981, 8, 119, 'AS1983'),
(3982, 8, 119, 'BS9588'),
(3983, 8, 119, 'DB4645'),
(3984, 8, 119, 'ER8335'),
(3985, 8, 119, 'FT9543'),
(3986, 8, 119, 'GG5559'),
(3987, 8, 119, 'IA3668'),
(3988, 8, 119, 'JA6681'),
(3989, 8, 119, 'JL7274'),
(3990, 8, 119, 'KÁ4733'),
(3991, 8, 119, 'LM5852'),
(3992, 8, 119, 'LR3335'),
(3993, 8, 119, 'MD4436'),
(3994, 8, 119, 'MM4921'),
(3995, 8, 119, 'MR6891'),
(3996, 8, 119, 'MS8242'),
(3997, 9, 146, 'AS1983'),
(3998, 9, 146, 'BS9588'),
(3999, 9, 146, 'DB4645'),
(4000, 9, 146, 'ER8335'),
(4001, 9, 146, 'FT9543'),
(4002, 9, 146, 'GG5559'),
(4003, 9, 146, 'IA3668'),
(4004, 9, 146, 'JA6681'),
(4005, 9, 146, 'JL7274'),
(4006, 9, 146, 'KÁ4733'),
(4007, 9, 146, 'LM5852'),
(4008, 9, 146, 'LR3335'),
(4009, 9, 146, 'MD4436'),
(4010, 9, 146, 'MM4921'),
(4011, 9, 146, 'MR6891'),
(4012, 9, 146, 'MS8242'),
(4013, 8, 119, 'AC5563'),
(4014, 8, 119, 'AM1638'),
(4015, 8, 119, 'ÁN9224'),
(4016, 8, 119, 'ÁR5923'),
(4017, 8, 119, 'AR7259'),
(4018, 8, 119, 'CL9634'),
(4019, 8, 119, 'DJ1737'),
(4020, 8, 119, 'DR7348'),
(4021, 8, 119, 'DV9275'),
(4022, 8, 119, 'EA4795'),
(4023, 8, 119, 'EP4352'),
(4024, 8, 119, 'ES9328'),
(4025, 8, 119, 'FC1423'),
(4026, 8, 119, 'GG3259'),
(4027, 8, 119, 'HP7681'),
(4028, 8, 119, 'JA2924'),
(4029, 8, 119, 'JA3561'),
(4030, 8, 119, 'JG7323'),
(4031, 8, 119, 'JG8296'),
(4032, 8, 119, 'JM7153'),
(4033, 8, 119, 'JQ8827'),
(4034, 8, 119, 'JR2253'),
(4035, 8, 119, 'JS1311'),
(4036, 8, 119, 'JT3175'),
(4037, 8, 119, 'LP3696'),
(4038, 8, 119, 'LP6885'),
(4039, 8, 119, 'MC8646'),
(4040, 8, 119, 'ML9342'),
(4041, 8, 119, 'RG8592'),
(4042, 8, 119, 'RS9179'),
(4043, 8, 119, 'SC6342'),
(4044, 9, 146, 'AC5563'),
(4045, 9, 146, 'AM1638'),
(4046, 9, 146, 'ÁN9224'),
(4047, 9, 146, 'ÁR5923'),
(4048, 9, 146, 'AR7259'),
(4049, 9, 146, 'CL9634'),
(4050, 9, 146, 'DJ1737'),
(4051, 9, 146, 'DR7348'),
(4052, 9, 146, 'DV9275'),
(4053, 9, 146, 'EA4795'),
(4054, 9, 146, 'EP4352'),
(4055, 9, 146, 'ES9328'),
(4056, 9, 146, 'FC1423'),
(4057, 9, 146, 'GG3259'),
(4058, 9, 146, 'HP7681'),
(4059, 9, 146, 'JA2924'),
(4060, 9, 146, 'JA3561'),
(4061, 9, 146, 'JG7323'),
(4062, 9, 146, 'JG8296'),
(4063, 9, 146, 'JM7153'),
(4064, 9, 146, 'JQ8827'),
(4065, 9, 146, 'JR2253'),
(4066, 9, 146, 'JS1311'),
(4067, 9, 146, 'JT3175'),
(4068, 9, 146, 'LP3696'),
(4069, 9, 146, 'LP6885'),
(4070, 9, 146, 'MC8646'),
(4071, 9, 146, 'ML9342'),
(4072, 9, 146, 'RG8592'),
(4073, 9, 146, 'RS9179'),
(4074, 9, 146, 'SC6342'),
(4075, 7, 98, 'AG5462'),
(4076, 7, 98, 'AP7669'),
(4077, 7, 98, 'BR9523'),
(4078, 7, 98, 'CC2413'),
(4079, 7, 98, 'DV2282'),
(4080, 7, 98, 'ES3336'),
(4081, 7, 98, 'GM2599'),
(4082, 7, 98, 'GR7387'),
(4083, 7, 98, 'IP4186'),
(4084, 7, 98, 'JF6817'),
(4085, 7, 98, 'JO5431'),
(4086, 7, 98, 'JR8381'),
(4087, 7, 98, 'JV9236'),
(4088, 7, 98, 'KM6618'),
(4089, 7, 98, 'LC4825'),
(4090, 7, 98, 'LM7791'),
(4091, 7, 98, 'LO5959'),
(4092, 7, 98, 'MA9567'),
(4093, 7, 98, 'MD9555'),
(4094, 7, 98, 'MM4716'),
(4095, 7, 98, 'NR2346'),
(4096, 7, 98, 'PC6556'),
(4097, 7, 98, 'PG4466'),
(4098, 7, 98, 'RA5176'),
(4099, 7, 98, 'RV4421'),
(4100, 7, 98, 'RV5182'),
(4101, 8, 119, 'AG5462'),
(4102, 8, 119, 'AP7669'),
(4103, 8, 119, 'BR9523'),
(4104, 8, 119, 'CC2413'),
(4105, 8, 119, 'DV2282'),
(4106, 8, 119, 'ES3336'),
(4107, 8, 119, 'GM2599'),
(4108, 8, 119, 'GR7387'),
(4109, 8, 119, 'IP4186'),
(4110, 8, 119, 'JF6817'),
(4111, 8, 119, 'JO5431'),
(4112, 8, 119, 'JR8381'),
(4113, 8, 119, 'JV9236'),
(4114, 8, 119, 'KM6618'),
(4115, 8, 119, 'LC4825'),
(4116, 8, 119, 'LM7791'),
(4117, 8, 119, 'LO5959'),
(4118, 8, 119, 'MA9567'),
(4119, 8, 119, 'MD9555'),
(4120, 8, 119, 'MM4716'),
(4121, 8, 119, 'NR2346'),
(4122, 8, 119, 'PC6556'),
(4123, 8, 119, 'PG4466'),
(4124, 8, 119, 'RA5176'),
(4125, 8, 119, 'RV4421'),
(4126, 8, 119, 'RV5182'),
(4127, 9, 146, 'AG5462'),
(4128, 9, 146, 'AP7669'),
(4129, 9, 146, 'BR9523'),
(4130, 9, 146, 'CC2413'),
(4131, 9, 146, 'DV2282'),
(4132, 9, 146, 'ES3336'),
(4133, 9, 146, 'GM2599'),
(4134, 9, 146, 'GR7387'),
(4135, 9, 146, 'IP4186'),
(4136, 9, 146, 'JF6817'),
(4137, 9, 146, 'JO5431'),
(4138, 9, 146, 'JR8381'),
(4139, 9, 146, 'JV9236'),
(4140, 9, 146, 'KM6618'),
(4141, 9, 146, 'LC4825'),
(4142, 9, 146, 'LM7791'),
(4143, 9, 146, 'LO5959'),
(4144, 9, 146, 'MA9567'),
(4145, 9, 146, 'MD9555'),
(4146, 9, 146, 'MM4716'),
(4147, 9, 146, 'NR2346'),
(4148, 9, 146, 'PC6556'),
(4149, 9, 146, 'PG4466'),
(4150, 9, 146, 'RA5176'),
(4151, 9, 146, 'RV4421'),
(4152, 9, 146, 'RV5182'),
(4153, 7, 98, 'AC8372'),
(4154, 7, 98, 'ÁT4399'),
(4155, 7, 98, 'BC3517'),
(4156, 7, 98, 'BG9639'),
(4157, 7, 98, 'CG3314'),
(4158, 7, 98, 'CG8874'),
(4159, 7, 98, 'EF1291'),
(4160, 7, 98, 'ER1325'),
(4161, 7, 98, 'FL3514'),
(4162, 7, 98, 'FP2126'),
(4163, 7, 98, 'GF9739'),
(4164, 7, 98, 'IP1554'),
(4165, 7, 98, 'IV6296'),
(4166, 7, 98, 'IV9459'),
(4167, 7, 98, 'JC1912'),
(4168, 7, 98, 'JJ8389'),
(4169, 7, 98, 'JM9226'),
(4170, 7, 98, 'LP9455'),
(4171, 7, 98, 'MC4456'),
(4172, 7, 98, 'MO3283'),
(4173, 7, 98, 'MS4199'),
(4174, 8, 119, 'AC8372'),
(4175, 8, 119, 'ÁT4399'),
(4176, 8, 119, 'BC3517'),
(4177, 8, 119, 'BG9639'),
(4178, 8, 119, 'CG3314'),
(4179, 8, 119, 'CG8874'),
(4180, 8, 119, 'EF1291'),
(4181, 8, 119, 'ER1325'),
(4182, 8, 119, 'FL3514'),
(4183, 8, 119, 'FP2126'),
(4184, 8, 119, 'GF9739'),
(4185, 8, 119, 'IP1554'),
(4186, 8, 119, 'IV6296'),
(4187, 8, 119, 'IV9459'),
(4188, 8, 119, 'JC1912'),
(4189, 8, 119, 'JJ8389'),
(4190, 8, 119, 'JM9226'),
(4191, 8, 119, 'LP9455'),
(4192, 8, 119, 'MC4456'),
(4193, 8, 119, 'MO3283'),
(4194, 8, 119, 'MS4199'),
(4195, 7, 146, 'AC8372'),
(4196, 7, 146, 'ÁT4399'),
(4197, 7, 146, 'BC3517'),
(4198, 7, 146, 'BG9639'),
(4199, 7, 146, 'CG3314'),
(4200, 7, 146, 'CG8874'),
(4201, 7, 146, 'EF1291'),
(4202, 7, 146, 'ER1325'),
(4203, 7, 146, 'FL3514'),
(4204, 7, 146, 'FP2126'),
(4205, 7, 146, 'GF9739'),
(4206, 7, 146, 'IP1554'),
(4207, 7, 146, 'IV6296'),
(4208, 7, 146, 'IV9459'),
(4209, 7, 146, 'JC1912'),
(4210, 7, 146, 'JJ8389'),
(4211, 7, 146, 'JM9226'),
(4212, 7, 146, 'LP9455'),
(4213, 7, 146, 'MC4456'),
(4214, 7, 146, 'MO3283'),
(4215, 7, 146, 'MS4199'),
(4216, 7, 95, 'AS1983'),
(4217, 7, 95, 'BS9588'),
(4218, 7, 95, 'DB4645'),
(4219, 7, 95, 'ER8335'),
(4220, 7, 95, 'FT9543'),
(4221, 7, 95, 'GG5559'),
(4222, 7, 95, 'IA3668'),
(4223, 7, 95, 'JA6681'),
(4224, 7, 95, 'JL7274'),
(4225, 7, 95, 'KÁ4733'),
(4226, 7, 95, 'LM5852'),
(4227, 7, 95, 'LR3335'),
(4228, 7, 95, 'MD4436'),
(4229, 7, 95, 'MM4921'),
(4230, 7, 95, 'MR6891'),
(4231, 7, 95, 'MS8242'),
(4232, 8, 122, 'AS1983'),
(4233, 8, 122, 'BS9588'),
(4234, 8, 122, 'DB4645'),
(4235, 8, 122, 'ER8335'),
(4236, 8, 122, 'FT9543'),
(4237, 8, 122, 'GG5559'),
(4238, 8, 122, 'IA3668'),
(4239, 8, 122, 'JA6681'),
(4240, 8, 122, 'JL7274'),
(4241, 8, 122, 'KÁ4733'),
(4242, 8, 122, 'LM5852'),
(4243, 8, 122, 'LR3335'),
(4244, 8, 122, 'MD4436'),
(4245, 8, 122, 'MM4921'),
(4246, 8, 122, 'MR6891'),
(4247, 8, 122, 'MS8242'),
(4248, 9, 149, 'AS1983'),
(4249, 9, 149, 'BS9588'),
(4250, 9, 149, 'DB4645'),
(4251, 9, 149, 'ER8335'),
(4252, 9, 149, 'FT9543'),
(4253, 9, 149, 'GG5559'),
(4254, 9, 149, 'IA3668'),
(4255, 9, 149, 'JA6681'),
(4256, 9, 149, 'JL7274'),
(4257, 9, 149, 'KÁ4733'),
(4258, 9, 149, 'LM5852'),
(4259, 9, 149, 'LR3335'),
(4260, 9, 149, 'MD4436'),
(4261, 9, 149, 'MM4921'),
(4262, 9, 149, 'MR6891'),
(4263, 9, 149, 'MS8242'),
(4264, 7, 95, 'AC5563'),
(4265, 7, 95, 'AM1638'),
(4266, 7, 95, 'ÁN9224'),
(4267, 7, 95, 'ÁR5923'),
(4268, 7, 95, 'AR7259'),
(4269, 7, 95, 'CL9634'),
(4270, 7, 95, 'DJ1737'),
(4271, 7, 95, 'DR7348'),
(4272, 7, 95, 'DV9275'),
(4273, 7, 95, 'EA4795'),
(4274, 7, 95, 'EP4352'),
(4275, 7, 95, 'ES9328'),
(4276, 7, 95, 'FC1423'),
(4277, 7, 95, 'GG3259'),
(4278, 7, 95, 'HP7681'),
(4279, 7, 95, 'JA2924'),
(4280, 7, 95, 'JA3561'),
(4281, 7, 95, 'JG7323'),
(4282, 7, 95, 'JG8296'),
(4283, 7, 95, 'JM7153'),
(4284, 7, 95, 'JQ8827'),
(4285, 7, 95, 'JR2253'),
(4286, 7, 95, 'JS1311'),
(4287, 7, 95, 'JT3175'),
(4288, 7, 95, 'LP3696'),
(4289, 7, 95, 'LP6885'),
(4290, 7, 95, 'MC8646'),
(4291, 7, 95, 'ML9342'),
(4292, 7, 95, 'RG8592'),
(4293, 7, 95, 'RS9179'),
(4294, 7, 95, 'SC6342'),
(4295, 8, 122, 'AC5563'),
(4296, 8, 122, 'AM1638'),
(4297, 8, 122, 'ÁN9224'),
(4298, 8, 122, 'ÁR5923'),
(4299, 8, 122, 'AR7259'),
(4300, 8, 122, 'CL9634'),
(4301, 8, 122, 'DJ1737'),
(4302, 8, 122, 'DR7348'),
(4303, 8, 122, 'DV9275'),
(4304, 8, 122, 'EA4795'),
(4305, 8, 122, 'EP4352'),
(4306, 8, 122, 'ES9328'),
(4307, 8, 122, 'FC1423'),
(4308, 8, 122, 'GG3259'),
(4309, 8, 122, 'HP7681'),
(4310, 8, 122, 'JA2924'),
(4311, 8, 122, 'JA3561'),
(4312, 8, 122, 'JG7323'),
(4313, 8, 122, 'JG8296'),
(4314, 8, 122, 'JM7153'),
(4315, 8, 122, 'JQ8827'),
(4316, 8, 122, 'JR2253'),
(4317, 8, 122, 'JS1311'),
(4318, 8, 122, 'JT3175'),
(4319, 8, 122, 'LP3696'),
(4320, 8, 122, 'LP6885'),
(4321, 8, 122, 'MC8646'),
(4322, 8, 122, 'ML9342'),
(4323, 8, 122, 'RG8592'),
(4324, 8, 122, 'RS9179'),
(4325, 8, 122, 'SC6342'),
(4326, 9, 149, 'AC5563'),
(4327, 9, 149, 'AM1638'),
(4328, 9, 149, 'ÁN9224'),
(4329, 9, 149, 'ÁR5923'),
(4330, 9, 149, 'AR7259'),
(4331, 9, 149, 'CL9634'),
(4332, 9, 149, 'DJ1737'),
(4333, 9, 149, 'DR7348'),
(4334, 9, 149, 'DV9275'),
(4335, 9, 149, 'EA4795'),
(4336, 9, 149, 'EP4352'),
(4337, 9, 149, 'ES9328'),
(4338, 9, 149, 'FC1423'),
(4339, 9, 149, 'GG3259'),
(4340, 9, 149, 'HP7681'),
(4341, 9, 149, 'JA2924'),
(4342, 9, 149, 'JA3561'),
(4343, 9, 149, 'JG7323'),
(4344, 9, 149, 'JG8296'),
(4345, 9, 149, 'JM7153'),
(4346, 9, 149, 'JQ8827'),
(4347, 9, 149, 'JR2253'),
(4348, 9, 149, 'JS1311'),
(4349, 9, 149, 'JT3175'),
(4350, 9, 149, 'LP3696'),
(4351, 9, 149, 'LP6885'),
(4352, 9, 149, 'MC8646'),
(4353, 9, 149, 'ML9342'),
(4354, 9, 149, 'RG8592'),
(4355, 9, 149, 'RS9179'),
(4356, 9, 149, 'SC6342'),
(4357, 7, 95, 'AG5462'),
(4358, 7, 95, 'AP7669'),
(4359, 7, 95, 'BR9523'),
(4360, 7, 95, 'CC2413'),
(4361, 7, 95, 'DV2282'),
(4362, 7, 95, 'ES3336'),
(4363, 7, 95, 'GM2599'),
(4364, 7, 95, 'GR7387'),
(4365, 7, 95, 'IP4186'),
(4366, 7, 95, 'JF6817'),
(4367, 7, 95, 'JO5431'),
(4368, 7, 95, 'JR8381'),
(4369, 7, 95, 'JV9236'),
(4370, 7, 95, 'KM6618'),
(4371, 7, 95, 'LC4825'),
(4372, 7, 95, 'LM7791'),
(4373, 7, 95, 'LO5959'),
(4374, 7, 95, 'MA9567'),
(4375, 7, 95, 'MD9555'),
(4376, 7, 95, 'MM4716'),
(4377, 7, 95, 'NR2346'),
(4378, 7, 95, 'PC6556'),
(4379, 7, 95, 'PG4466'),
(4380, 7, 95, 'RA5176'),
(4381, 7, 95, 'RV4421'),
(4382, 7, 95, 'RV5182'),
(4383, 8, 122, 'AG5462'),
(4384, 8, 122, 'AP7669'),
(4385, 8, 122, 'BR9523'),
(4386, 8, 122, 'CC2413'),
(4387, 8, 122, 'DV2282'),
(4388, 8, 122, 'ES3336'),
(4389, 8, 122, 'GM2599'),
(4390, 8, 122, 'GR7387'),
(4391, 8, 122, 'IP4186'),
(4392, 8, 122, 'JF6817'),
(4393, 8, 122, 'JO5431'),
(4394, 8, 122, 'JR8381'),
(4395, 8, 122, 'JV9236'),
(4396, 8, 122, 'KM6618');
INSERT INTO `grade` (`idGrade`, `grade`, `idProfile`, `idStudent`) VALUES
(4397, 8, 122, 'LC4825'),
(4398, 8, 122, 'LM7791'),
(4399, 8, 122, 'LO5959'),
(4400, 8, 122, 'MA9567'),
(4401, 8, 122, 'MD9555'),
(4402, 8, 122, 'MM4716'),
(4403, 8, 122, 'NR2346'),
(4404, 8, 122, 'PC6556'),
(4405, 8, 122, 'PG4466'),
(4406, 8.02, 122, 'RA5176'),
(4407, 8, 122, 'RV4421'),
(4408, 8, 122, 'RV5182'),
(4409, 9, 149, 'AG5462'),
(4410, 9, 149, 'AP7669'),
(4411, 9, 149, 'BR9523'),
(4412, 9, 149, 'CC2413'),
(4413, 9, 149, 'DV2282'),
(4414, 9, 149, 'ES3336'),
(4415, 9, 149, 'GM2599'),
(4416, 9, 149, 'GR7387'),
(4417, 9, 149, 'IP4186'),
(4418, 10, 149, 'JF6817'),
(4419, 9, 149, 'JO5431'),
(4420, 9, 149, 'JR8381'),
(4421, 9, 149, 'JV9236'),
(4422, 9, 149, 'KM6618'),
(4423, 9, 149, 'LC4825'),
(4424, 9, 149, 'LM7791'),
(4425, 9, 149, 'LO5959'),
(4426, 9, 149, 'MA9567'),
(4427, 9, 149, 'MD9555'),
(4428, 9, 149, 'MM4716'),
(4429, 9, 149, 'NR2346'),
(4430, 9, 149, 'PC6556'),
(4431, 9, 149, 'PG4466'),
(4432, 9, 149, 'RA5176'),
(4433, 9, 149, 'RV4421'),
(4434, 9, 149, 'RV5182'),
(4435, 7, 95, 'AC8372'),
(4436, 7, 95, 'ÁT4399'),
(4437, 7, 95, 'BC3517'),
(4438, 7, 95, 'BG9639'),
(4439, 7, 95, 'CG3314'),
(4440, 7, 95, 'CG8874'),
(4441, 7, 95, 'EF1291'),
(4442, 7, 95, 'ER1325'),
(4443, 7, 95, 'FL3514'),
(4444, 7, 95, 'FP2126'),
(4445, 7, 95, 'GF9739'),
(4446, 7, 95, 'IP1554'),
(4447, 7, 95, 'IV6296'),
(4448, 7, 95, 'IV9459'),
(4449, 7, 95, 'JC1912'),
(4450, 7, 95, 'JJ8389'),
(4451, 7, 95, 'JM9226'),
(4452, 7, 95, 'LP9455'),
(4453, 7, 95, 'MC4456'),
(4454, 7, 95, 'MO3283'),
(4455, 7, 95, 'MS4199'),
(4456, 8, 122, 'AC8372'),
(4457, 8, 122, 'ÁT4399'),
(4458, 8, 122, 'BC3517'),
(4459, 8, 122, 'BG9639'),
(4460, 8, 122, 'CG3314'),
(4461, 8, 122, 'CG8874'),
(4462, 8, 122, 'EF1291'),
(4463, 8, 122, 'ER1325'),
(4464, 8, 122, 'FL3514'),
(4465, 8, 122, 'FP2126'),
(4466, 8, 122, 'GF9739'),
(4467, 8, 122, 'IP1554'),
(4468, 8, 122, 'IV6296'),
(4469, 8, 122, 'IV9459'),
(4470, 8, 122, 'JC1912'),
(4471, 8, 122, 'JJ8389'),
(4472, 8, 122, 'JM9226'),
(4473, 8, 122, 'LP9455'),
(4474, 8, 122, 'MC4456'),
(4475, 8, 122, 'MO3283'),
(4476, 8, 122, 'MS4199'),
(4477, 9, 149, 'AC8372'),
(4478, 9, 149, 'ÁT4399'),
(4479, 9, 149, 'BC3517'),
(4480, 9, 149, 'BG9639'),
(4481, 9, 149, 'CG3314'),
(4482, 9, 149, 'CG8874'),
(4483, 9, 149, 'EF1291'),
(4484, 9, 149, 'ER1325'),
(4485, 9, 149, 'FL3514'),
(4486, 9, 149, 'FP2126'),
(4487, 9, 149, 'GF9739'),
(4488, 9, 149, 'IP1554'),
(4489, 9, 149, 'IV6296'),
(4490, 9, 149, 'IV9459'),
(4491, 9, 149, 'JC1912'),
(4492, 9, 149, 'JJ8389'),
(4493, 9, 149, 'JM9226'),
(4494, 9, 149, 'LP9455'),
(4495, 9, 149, 'MC4456'),
(4496, 9, 149, 'MO3283'),
(4497, 9, 149, 'MS4199'),
(4498, 7, 83, 'AG3433'),
(4499, 7, 83, 'AR5325'),
(4500, 7, 83, 'BQ2628'),
(4501, 7, 83, 'CD8339'),
(4502, 7, 83, 'CL7913'),
(4503, 7, 83, 'ER1971'),
(4504, 7, 83, 'ER8677'),
(4505, 7, 83, 'ET6197'),
(4506, 7, 83, 'FB7737'),
(4507, 7, 83, 'GL3842'),
(4508, 7, 83, 'IA8993'),
(4509, 7, 83, 'IQ8729'),
(4510, 7, 83, 'JJ2182'),
(4511, 7, 83, 'JM1958'),
(4512, 7, 83, 'JM2892'),
(4513, 7, 83, 'LR6137'),
(4514, 7, 83, 'MH6433'),
(4515, 7, 83, 'MM4383'),
(4516, 7, 83, 'MP3665'),
(4517, 7, 83, 'NR5288'),
(4518, 7, 83, 'OD7389'),
(4519, 8, 134, 'AG3433'),
(4520, 8, 134, 'AR5325'),
(4521, 8, 134, 'BQ2628'),
(4522, 8, 134, 'CD8339'),
(4523, 8, 134, 'CL7913'),
(4524, 8, 134, 'ER1971'),
(4525, 8, 134, 'ER8677'),
(4526, 8, 134, 'ET6197'),
(4527, 8, 134, 'FB7737'),
(4528, 8, 134, 'GL3842'),
(4529, 8, 134, 'IA8993'),
(4530, 8, 134, 'IQ8729'),
(4531, 8, 134, 'JJ2182'),
(4532, 8, 134, 'JM1958'),
(4533, 8, 134, 'JM2892'),
(4534, 8, 134, 'LR6137'),
(4535, 8, 134, 'MH6433'),
(4536, 8, 134, 'MM4383'),
(4537, 8, 134, 'MP3665'),
(4538, 8, 134, 'NR5288'),
(4539, 8, 134, 'OD7389'),
(4540, 9, 161, 'AG3433'),
(4541, 9, 161, 'AR5325'),
(4542, 9, 161, 'BQ2628'),
(4543, 9, 161, 'CD8339'),
(4544, 9, 161, 'CL7913'),
(4545, 9, 161, 'ER1971'),
(4546, 9, 161, 'ER8677'),
(4547, 9, 161, 'ET6197'),
(4548, 9, 161, 'FB7737'),
(4549, 9, 161, 'GL3842'),
(4550, 9, 161, 'IA8993'),
(4551, 9, 161, 'IQ8729'),
(4552, 9, 161, 'JJ2182'),
(4553, 9, 161, 'JM1958'),
(4554, 9, 161, 'JM2892'),
(4555, 9, 161, 'LR6137'),
(4556, 9, 161, 'MH6433'),
(4557, 9, 161, 'MM4383'),
(4558, 9, 161, 'MP3665'),
(4559, 9, 161, 'NR5288'),
(4560, 9, 161, 'OD7389'),
(4561, 7, 83, 'AC9757'),
(4562, 7, 83, 'AF6686'),
(4563, 7, 83, 'AV1432'),
(4564, 7, 83, 'BN8146'),
(4565, 7, 83, 'CG6284'),
(4566, 7, 83, 'CM1768'),
(4567, 7, 83, 'CP2577'),
(4568, 7, 83, 'CV1817'),
(4569, 7, 83, 'EF2321'),
(4570, 7, 83, 'FN9269'),
(4571, 7, 83, 'IP9464'),
(4572, 7, 83, 'JÁ1787'),
(4573, 7, 83, 'JA6979'),
(4574, 7, 83, 'JF6956'),
(4575, 7, 83, 'JF9166'),
(4576, 7, 83, 'JM6166'),
(4577, 7, 83, 'JP1338'),
(4578, 7, 83, 'JP9542'),
(4579, 7, 83, 'JS1631'),
(4580, 7, 83, 'JS5228'),
(4581, 7, 83, 'LG3866'),
(4582, 8, 134, 'AC9757'),
(4583, 8, 134, 'AF6686'),
(4584, 8, 134, 'AV1432'),
(4585, 8, 134, 'BN8146'),
(4586, 8, 134, 'CG6284'),
(4587, 8, 134, 'CM1768'),
(4588, 8, 134, 'CP2577'),
(4589, 8, 134, 'CV1817'),
(4590, 8, 134, 'EF2321'),
(4591, 8, 134, 'FN9269'),
(4592, 8, 134, 'IP9464'),
(4593, 8, 134, 'JÁ1787'),
(4594, 8, 134, 'JA6979'),
(4595, 8, 134, 'JF6956'),
(4596, 8, 134, 'JF9166'),
(4597, 8, 134, 'JM6166'),
(4598, 8, 134, 'JP1338'),
(4599, 8, 134, 'JP9542'),
(4600, 8, 134, 'JS1631'),
(4601, 8, 134, 'JS5228'),
(4602, 8, 134, 'LG3866'),
(4603, 7, 161, 'AC9757'),
(4604, 8, 161, 'AF6686'),
(4605, 8, 161, 'AV1432'),
(4606, 8, 161, 'BN8146'),
(4607, 8, 161, 'CG6284'),
(4608, 8, 161, 'CM1768'),
(4609, 8, 161, 'CP2577'),
(4610, 8, 161, 'CV1817'),
(4611, 8, 161, 'EF2321'),
(4612, 8, 161, 'FN9269'),
(4613, 8, 161, 'IP9464'),
(4614, 8, 161, 'JÁ1787'),
(4615, 8, 161, 'JA6979'),
(4616, 8, 161, 'JF6956'),
(4617, 8, 161, 'JF9166'),
(4618, 8, 161, 'JM6166'),
(4619, 8, 161, 'JP1338'),
(4620, 8, 161, 'JP9542'),
(4621, 8, 161, 'JS1631'),
(4622, 8, 161, 'JS5228'),
(4623, 8, 161, 'LG3866'),
(4624, 7, 83, 'AV2194'),
(4625, 7, 83, 'AV9782'),
(4626, 7, 83, 'CF7283'),
(4627, 7, 83, 'CR3815'),
(4628, 7, 83, 'DA6344'),
(4629, 7, 83, 'DC7557'),
(4630, 7, 83, 'DV6321'),
(4631, 7, 83, 'EL4666'),
(4632, 7, 83, 'EP9486'),
(4633, 7, 83, 'ER2461'),
(4634, 7, 83, 'FM6585'),
(4635, 7, 83, 'FR8934'),
(4636, 7, 83, 'FT1489'),
(4637, 7, 83, 'FV5729'),
(4638, 7, 83, 'GM3695'),
(4639, 7, 83, 'JL5461'),
(4640, 7, 83, 'JM4873'),
(4641, 7, 83, 'JR3327'),
(4642, 7, 83, 'KL8952'),
(4643, 7, 83, 'LA2352'),
(4644, 7, 83, 'LS1267'),
(4645, 7, 83, 'MÁ5258'),
(4646, 7, 83, 'MA9739'),
(4647, 7, 83, 'OP9186'),
(4648, 7, 83, 'OR5469'),
(4649, 7, 83, 'PV2487'),
(4650, 8, 134, 'AV2194'),
(4651, 8, 134, 'AV9782'),
(4652, 8, 134, 'CF7283'),
(4653, 8, 134, 'CR3815'),
(4654, 8, 134, 'DA6344'),
(4655, 8, 134, 'DC7557'),
(4656, 8, 134, 'DV6321'),
(4657, 8, 134, 'EL4666'),
(4658, 8, 134, 'EP9486'),
(4659, 8, 134, 'ER2461'),
(4660, 8, 134, 'FM6585'),
(4661, 8, 134, 'FR8934'),
(4662, 8, 134, 'FT1489'),
(4663, 8, 134, 'FV5729'),
(4664, 8, 134, 'GM3695'),
(4665, 8, 134, 'JL5461'),
(4666, 8, 134, 'JM4873'),
(4667, 8, 134, 'JR3327'),
(4668, 8, 134, 'KL8952'),
(4669, 8, 134, 'LA2352'),
(4670, 8, 134, 'LS1267'),
(4671, 8, 134, 'MÁ5258'),
(4672, 8, 134, 'MA9739'),
(4673, 8, 134, 'OP9186'),
(4674, 8, 134, 'OR5469'),
(4675, 8, 134, 'PV2487'),
(4676, 9, 161, 'AV2194'),
(4677, 9, 161, 'AV9782'),
(4678, 9, 161, 'CF7283'),
(4679, 9, 161, 'CR3815'),
(4680, 9, 161, 'DA6344'),
(4681, 9, 161, 'DC7557'),
(4682, 9, 161, 'DV6321'),
(4683, 9, 161, 'EL4666'),
(4684, 9, 161, 'EP9486'),
(4685, 9, 161, 'ER2461'),
(4686, 9, 161, 'FM6585'),
(4687, 9, 161, 'FR8934'),
(4688, 9, 161, 'FT1489'),
(4689, 9, 161, 'FV5729'),
(4690, 9, 161, 'GM3695'),
(4691, 9, 161, 'JL5461'),
(4692, 9, 161, 'JM4873'),
(4693, 9, 161, 'JR3327'),
(4694, 9, 161, 'KL8952'),
(4695, 9, 161, 'LA2352'),
(4696, 9, 161, 'LS1267'),
(4697, 9, 161, 'MÁ5258'),
(4698, 9, 161, 'MA9739'),
(4699, 9, 161, 'OP9186'),
(4700, 9, 161, 'OR5469'),
(4701, 9, 161, 'PV2487'),
(4702, 7, 83, 'AJ3557'),
(4703, 7, 83, 'AL1951'),
(4704, 7, 83, 'AT5162'),
(4705, 7, 83, 'AV5191'),
(4706, 7, 83, 'BL2957'),
(4707, 7, 83, 'BO2759'),
(4708, 7, 83, 'DR7596'),
(4709, 7, 83, 'DR8694'),
(4710, 7, 83, 'EM8842'),
(4711, 7, 83, 'GM2229'),
(4712, 7, 83, 'GV2633'),
(4713, 7, 83, 'IB1332'),
(4714, 7, 83, 'IP9558'),
(4715, 7, 83, 'JÁ7773'),
(4716, 7, 83, 'JB7154'),
(4717, 7, 83, 'JC8281'),
(4718, 7, 83, 'JG8863'),
(4719, 7, 83, 'JP6494'),
(4720, 7, 83, 'JQ9587'),
(4721, 7, 83, 'KO6831'),
(4722, 7, 83, 'LC8432'),
(4723, 7, 83, 'LQ3145'),
(4724, 7, 83, 'MF1821'),
(4725, 7, 83, 'MN2956'),
(4726, 7, 83, 'MQ5455'),
(4727, 7, 83, 'MR3799'),
(4728, 8, 134, 'AJ3557'),
(4729, 8, 134, 'AL1951'),
(4730, 8, 134, 'AT5162'),
(4731, 8, 134, 'AV5191'),
(4732, 8, 134, 'BL2957'),
(4733, 8, 134, 'BO2759'),
(4734, 8, 134, 'DR7596'),
(4735, 8, 134, 'DR8694'),
(4736, 8, 134, 'EM8842'),
(4737, 8, 134, 'GM2229'),
(4738, 8, 134, 'GV2633'),
(4739, 8, 134, 'IB1332'),
(4740, 8, 134, 'IP9558'),
(4741, 8, 134, 'JÁ7773'),
(4742, 8, 134, 'JB7154'),
(4743, 8, 134, 'JC8281'),
(4744, 8, 134, 'JG8863'),
(4745, 8, 134, 'JP6494'),
(4746, 8, 134, 'JQ9587'),
(4747, 8, 134, 'KO6831'),
(4748, 8, 134, 'LC8432'),
(4749, 8, 134, 'LQ3145'),
(4750, 8, 134, 'MF1821'),
(4751, 8, 134, 'MN2956'),
(4752, 8, 134, 'MQ5455'),
(4753, 8, 134, 'MR3799'),
(4754, 9, 161, 'AJ3557'),
(4755, 9, 161, 'AL1951'),
(4756, 9, 161, 'AT5162'),
(4757, 9, 161, 'AV5191'),
(4758, 9, 161, 'BL2957'),
(4759, 9, 161, 'BO2759'),
(4760, 9, 161, 'DR7596'),
(4761, 9, 161, 'DR8694'),
(4762, 9, 161, 'EM8842'),
(4763, 9, 161, 'GM2229'),
(4764, 9, 161, 'GV2633'),
(4765, 9, 161, 'IB1332'),
(4766, 9, 161, 'IP9558'),
(4767, 9, 161, 'JÁ7773'),
(4768, 9, 161, 'JB7154'),
(4769, 9, 161, 'JC8281'),
(4770, 8.9, 161, 'JG8863'),
(4771, 9, 161, 'JP6494'),
(4772, 9, 161, 'JQ9587'),
(4773, 9, 161, 'KO6831'),
(4774, 9, 161, 'LC8432'),
(4775, 9, 161, 'LQ3145'),
(4776, 9, 161, 'MF1821'),
(4777, 9, 161, 'MN2956'),
(4778, 9, 161, 'MQ5455'),
(4779, 9, 161, 'MR3799'),
(4780, 7, 82, 'AG3433'),
(4781, 7, 82, 'AR5325'),
(4782, 7, 82, 'BQ2628'),
(4783, 7, 82, 'CD8339'),
(4784, 7, 82, 'CL7913'),
(4785, 7, 82, 'ER1971'),
(4786, 7, 82, 'ER8677'),
(4787, 7, 82, 'ET6197'),
(4788, 7, 82, 'FB7737'),
(4789, 7, 82, 'GL3842'),
(4790, 7, 82, 'IA8993'),
(4791, 7, 82, 'IQ8729'),
(4792, 7, 82, 'JJ2182'),
(4793, 7, 82, 'JM1958'),
(4794, 7, 82, 'JM2892'),
(4795, 7, 82, 'LR6137'),
(4796, 7, 82, 'MH6433'),
(4797, 7, 82, 'MM4383'),
(4798, 7, 82, 'MP3665'),
(4799, 7, 82, 'NR5288'),
(4800, 7, 82, 'OD7389'),
(4801, 8, 135, 'AG3433'),
(4802, 8, 135, 'AR5325'),
(4803, 8, 135, 'BQ2628'),
(4804, 8, 135, 'CD8339'),
(4805, 8, 135, 'CL7913'),
(4806, 8, 135, 'ER1971'),
(4807, 8, 135, 'ER8677'),
(4808, 8, 135, 'ET6197'),
(4809, 8, 135, 'FB7737'),
(4810, 8, 135, 'GL3842'),
(4811, 8, 135, 'IA8993'),
(4812, 8, 135, 'IQ8729'),
(4813, 8, 135, 'JJ2182'),
(4814, 8, 135, 'JM1958'),
(4815, 8, 135, 'JM2892'),
(4816, 8, 135, 'LR6137'),
(4817, 8, 135, 'MH6433'),
(4818, 8, 135, 'MM4383'),
(4819, 8, 135, 'MP3665'),
(4820, 8, 135, 'NR5288'),
(4821, 8, 135, 'OD7389'),
(4822, 9, 162, 'AG3433'),
(4823, 9, 162, 'AR5325'),
(4824, 9, 162, 'BQ2628'),
(4825, 9, 162, 'CD8339'),
(4826, 9, 162, 'CL7913'),
(4827, 9, 162, 'ER1971'),
(4828, 9, 162, 'ER8677'),
(4829, 9, 162, 'ET6197'),
(4830, 9, 162, 'FB7737'),
(4831, 9, 162, 'GL3842'),
(4832, 9, 162, 'IA8993'),
(4833, 9, 162, 'IQ8729'),
(4834, 9, 162, 'JJ2182'),
(4835, 9, 162, 'JM1958'),
(4836, 9, 162, 'JM2892'),
(4837, 9, 162, 'LR6137'),
(4838, 9, 162, 'MH6433'),
(4839, 9, 162, 'MM4383'),
(4840, 9, 162, 'MP3665'),
(4841, 9, 162, 'NR5288'),
(4842, 9, 162, 'OD7389'),
(4843, 7, 82, 'AC9757'),
(4844, 7, 82, 'AF6686'),
(4845, 7, 82, 'AV1432'),
(4846, 7, 82, 'BN8146'),
(4847, 7, 82, 'CG6284'),
(4848, 7, 82, 'CM1768'),
(4849, 7, 82, 'CP2577'),
(4850, 7, 82, 'CV1817'),
(4851, 7, 82, 'EF2321'),
(4852, 7, 82, 'FN9269'),
(4853, 7, 82, 'IP9464'),
(4854, 7, 82, 'JÁ1787'),
(4855, 7, 82, 'JA6979'),
(4856, 7, 82, 'JF6956'),
(4857, 7, 82, 'JF9166'),
(4858, 7, 82, 'JM6166'),
(4859, 7, 82, 'JP1338'),
(4860, 7, 82, 'JP9542'),
(4861, 7, 82, 'JS1631'),
(4862, 7, 82, 'JS5228'),
(4863, 7, 82, 'LG3866'),
(4864, 8, 135, 'AC9757'),
(4865, 8, 135, 'AF6686'),
(4866, 8, 135, 'AV1432'),
(4867, 8, 135, 'BN8146'),
(4868, 8, 135, 'CG6284'),
(4869, 8, 135, 'CM1768'),
(4870, 8, 135, 'CP2577'),
(4871, 8, 135, 'CV1817'),
(4872, 8, 135, 'EF2321'),
(4873, 8, 135, 'FN9269'),
(4874, 8, 135, 'IP9464'),
(4875, 8, 135, 'JÁ1787'),
(4876, 8, 135, 'JA6979'),
(4877, 8, 135, 'JF6956'),
(4878, 8, 135, 'JF9166'),
(4879, 8, 135, 'JM6166'),
(4880, 8, 135, 'JP1338'),
(4881, 8, 135, 'JP9542'),
(4882, 8, 135, 'JS1631'),
(4883, 8, 135, 'JS5228'),
(4884, 8, 135, 'LG3866'),
(4885, 8, 162, 'AC9757'),
(4886, 8, 162, 'AF6686'),
(4887, 8, 162, 'AV1432'),
(4888, 8, 162, 'BN8146'),
(4889, 8, 162, 'CG6284'),
(4890, 8, 162, 'CM1768'),
(4891, 8, 162, 'CP2577'),
(4892, 8, 162, 'CV1817'),
(4893, 8, 162, 'EF2321'),
(4894, 8, 162, 'FN9269'),
(4895, 8, 162, 'IP9464'),
(4896, 8, 162, 'JÁ1787'),
(4897, 8, 162, 'JA6979'),
(4898, 8, 162, 'JF6956'),
(4899, 8, 162, 'JF9166'),
(4900, 8, 162, 'JM6166'),
(4901, 8, 162, 'JP1338'),
(4902, 8, 162, 'JP9542'),
(4903, 8, 162, 'JS1631'),
(4904, 8, 162, 'JS5228'),
(4905, 8, 162, 'LG3866'),
(4906, 7, 82, 'AV2194'),
(4907, 7, 82, 'AV9782'),
(4908, 7, 82, 'CF7283'),
(4909, 7, 82, 'CR3815'),
(4910, 7, 82, 'DA6344'),
(4911, 7, 82, 'DC7557'),
(4912, 7, 82, 'DV6321'),
(4913, 7, 82, 'EL4666'),
(4914, 7, 82, 'EP9486'),
(4915, 7, 82, 'ER2461'),
(4916, 7, 82, 'FM6585'),
(4917, 7, 82, 'FR8934'),
(4918, 7, 82, 'FT1489'),
(4919, 7, 82, 'FV5729'),
(4920, 7, 82, 'GM3695'),
(4921, 7, 82, 'JL5461'),
(4922, 7, 82, 'JM4873'),
(4923, 7, 82, 'JR3327'),
(4924, 7, 82, 'KL8952'),
(4925, 7, 82, 'LA2352'),
(4926, 7, 82, 'LS1267'),
(4927, 7, 82, 'MÁ5258'),
(4928, 7, 82, 'MA9739'),
(4929, 7, 82, 'OP9186'),
(4930, 7, 82, 'OR5469'),
(4931, 7, 82, 'PV2487'),
(4932, 8, 135, 'AV2194'),
(4933, 8, 135, 'AV9782'),
(4934, 8, 135, 'CF7283'),
(4935, 8, 135, 'CR3815'),
(4936, 8, 135, 'DA6344'),
(4937, 8, 135, 'DC7557'),
(4938, 8, 135, 'DV6321'),
(4939, 8, 135, 'EL4666'),
(4940, 8, 135, 'EP9486'),
(4941, 8, 135, 'ER2461'),
(4942, 8, 135, 'FM6585'),
(4943, 8, 135, 'FR8934'),
(4944, 8, 135, 'FT1489'),
(4945, 8, 135, 'FV5729'),
(4946, 8, 135, 'GM3695'),
(4947, 8, 135, 'JL5461'),
(4948, 8, 135, 'JM4873'),
(4949, 8, 135, 'JR3327'),
(4950, 8, 135, 'KL8952'),
(4951, 8, 135, 'LA2352'),
(4952, 8, 135, 'LS1267'),
(4953, 8, 135, 'MÁ5258'),
(4954, 8, 135, 'MA9739'),
(4955, 8, 135, 'OP9186'),
(4956, 8, 135, 'OR5469'),
(4957, 8, 135, 'PV2487'),
(4958, 9, 162, 'AV2194'),
(4959, 9, 162, 'AV9782'),
(4960, 9, 162, 'CF7283'),
(4961, 9, 162, 'CR3815'),
(4962, 9, 162, 'DA6344'),
(4963, 9, 162, 'DC7557'),
(4964, 9, 162, 'DV6321'),
(4965, 9, 162, 'EL4666'),
(4966, 9, 162, 'EP9486'),
(4967, 9, 162, 'ER2461'),
(4968, 9, 162, 'FM6585'),
(4969, 9, 162, 'FR8934'),
(4970, 9, 162, 'FT1489'),
(4971, 9, 162, 'FV5729'),
(4972, 9, 162, 'GM3695'),
(4973, 9, 162, 'JL5461'),
(4974, 9, 162, 'JM4873'),
(4975, 9, 162, 'JR3327'),
(4976, 9, 162, 'KL8952'),
(4977, 9, 162, 'LA2352'),
(4978, 9, 162, 'LS1267'),
(4979, 9, 162, 'MÁ5258'),
(4980, 9, 162, 'MA9739'),
(4981, 9, 162, 'OP9186'),
(4982, 9, 162, 'OR5469'),
(4983, 9, 162, 'PV2487'),
(4984, 7, 82, 'AJ3557'),
(4985, 7, 82, 'AL1951'),
(4986, 7, 82, 'AT5162'),
(4987, 7, 82, 'AV5191'),
(4988, 7, 82, 'BL2957'),
(4989, 7, 82, 'BO2759'),
(4990, 7, 82, 'DR7596'),
(4991, 7, 82, 'DR8694'),
(4992, 7, 82, 'EM8842'),
(4993, 7, 82, 'GM2229'),
(4994, 7, 82, 'GV2633'),
(4995, 7, 82, 'IB1332'),
(4996, 7, 82, 'IP9558'),
(4997, 7, 82, 'JÁ7773'),
(4998, 7, 82, 'JB7154'),
(4999, 7, 82, 'JC8281'),
(5000, 7, 82, 'JG8863'),
(5001, 7, 82, 'JP6494'),
(5002, 7, 82, 'JQ9587'),
(5003, 7, 82, 'KO6831'),
(5004, 7, 82, 'LC8432'),
(5005, 7, 82, 'LQ3145'),
(5006, 7, 82, 'MF1821'),
(5007, 7, 82, 'MN2956'),
(5008, 7, 82, 'MQ5455'),
(5009, 7, 82, 'MR3799'),
(5010, 8, 135, 'AJ3557'),
(5011, 8, 135, 'AL1951'),
(5012, 8, 135, 'AT5162'),
(5013, 8, 135, 'AV5191'),
(5014, 8, 135, 'BL2957'),
(5015, 8, 135, 'BO2759'),
(5016, 8, 135, 'DR7596'),
(5017, 8, 135, 'DR8694'),
(5018, 8, 135, 'EM8842'),
(5019, 8, 135, 'GM2229'),
(5020, 8, 135, 'GV2633'),
(5021, 8, 135, 'IB1332'),
(5022, 8, 135, 'IP9558'),
(5023, 8, 135, 'JÁ7773'),
(5024, 8, 135, 'JB7154'),
(5025, 8, 135, 'JC8281'),
(5026, 8, 135, 'JG8863'),
(5027, 8, 135, 'JP6494'),
(5028, 8, 135, 'JQ9587'),
(5029, 8, 135, 'KO6831'),
(5030, 8, 135, 'LC8432'),
(5031, 8, 135, 'LQ3145'),
(5032, 8, 135, 'MF1821'),
(5033, 8, 135, 'MN2956'),
(5034, 8, 135, 'MQ5455'),
(5035, 8, 135, 'MR3799'),
(5036, 7, 162, 'AJ3557'),
(5037, 7, 162, 'AL1951'),
(5038, 7, 162, 'AT5162'),
(5039, 7, 162, 'AV5191'),
(5040, 7, 162, 'BL2957'),
(5041, 7, 162, 'BO2759'),
(5042, 7, 162, 'DR7596'),
(5043, 7, 162, 'DR8694'),
(5044, 7, 162, 'EM8842'),
(5045, 7, 162, 'GM2229'),
(5046, 7, 162, 'GV2633'),
(5047, 7, 162, 'IB1332'),
(5048, 7, 162, 'IP9558'),
(5049, 7, 162, 'JÁ7773'),
(5050, 7, 162, 'JB7154'),
(5051, 7, 162, 'JC8281'),
(5052, 7, 162, 'JG8863'),
(5053, 7, 162, 'JP6494'),
(5054, 7, 162, 'JQ9587'),
(5055, 7, 162, 'KO6831'),
(5056, 7, 162, 'LC8432'),
(5057, 7, 162, 'LQ3145'),
(5058, 7, 162, 'MF1821'),
(5059, 7, 162, 'MN2956'),
(5060, 7, 162, 'MQ5455'),
(5061, 7, 162, 'MR3799'),
(5062, 7, 107, 'AS1983'),
(5063, 7, 107, 'BS9588'),
(5064, 7, 107, 'DB4645'),
(5065, 7, 107, 'ER8335'),
(5066, 7, 107, 'FT9543'),
(5067, 7, 107, 'GG5559'),
(5068, 7, 107, 'IA3668'),
(5069, 7, 107, 'JA6681'),
(5070, 7, 107, 'JL7274'),
(5071, 7, 107, 'KÁ4733'),
(5072, 7, 107, 'LM5852'),
(5073, 7, 107, 'LR3335'),
(5074, 7, 107, 'MD4436'),
(5075, 7, 107, 'MM4921'),
(5076, 7, 107, 'MR6891'),
(5077, 7, 107, 'MS8242'),
(5078, 8, 110, 'AS1983'),
(5079, 8, 110, 'BS9588'),
(5080, 8, 110, 'DB4645'),
(5081, 8, 110, 'ER8335'),
(5082, 8, 110, 'FT9543'),
(5083, 8, 110, 'GG5559'),
(5084, 8, 110, 'IA3668'),
(5085, 8, 110, 'JA6681'),
(5086, 8, 110, 'JL7274'),
(5087, 8, 110, 'KÁ4733'),
(5088, 8, 110, 'LM5852'),
(5089, 8, 110, 'LR3335'),
(5090, 8, 110, 'MD4436'),
(5091, 8, 110, 'MM4921'),
(5092, 8, 110, 'MR6891'),
(5093, 8, 110, 'MS8242'),
(5094, 9, 137, 'AS1983'),
(5095, 9, 137, 'BS9588'),
(5096, 9, 137, 'DB4645'),
(5097, 9, 137, 'ER8335'),
(5098, 9, 137, 'FT9543'),
(5099, 9, 137, 'GG5559'),
(5100, 9, 137, 'IA3668'),
(5101, 9, 137, 'JA6681'),
(5102, 9, 137, 'JL7274'),
(5103, 9, 137, 'KÁ4733'),
(5104, 9, 137, 'LM5852'),
(5105, 9, 137, 'LR3335'),
(5106, 9, 137, 'MD4436'),
(5107, 9, 137, 'MM4921'),
(5108, 9, 137, 'MR6891'),
(5109, 9, 137, 'MS8242'),
(5110, 7, 107, 'AC5563'),
(5111, 7, 107, 'AM1638'),
(5112, 7, 107, 'ÁN9224'),
(5113, 7, 107, 'ÁR5923'),
(5114, 7, 107, 'AR7259'),
(5115, 7, 107, 'CL9634'),
(5116, 7, 107, 'DJ1737'),
(5117, 7, 107, 'DR7348'),
(5118, 7, 107, 'DV9275'),
(5119, 7, 107, 'EA4795'),
(5120, 7, 107, 'EP4352'),
(5121, 7, 107, 'ES9328'),
(5122, 7, 107, 'FC1423'),
(5123, 7, 107, 'GG3259'),
(5124, 7, 107, 'HP7681'),
(5125, 7, 107, 'JA2924'),
(5126, 7, 107, 'JA3561'),
(5127, 7, 107, 'JG7323'),
(5128, 7, 107, 'JG8296'),
(5129, 7, 107, 'JM7153'),
(5130, 7, 107, 'JQ8827'),
(5131, 7, 107, 'JR2253'),
(5132, 7, 107, 'JS1311'),
(5133, 7, 107, 'JT3175'),
(5134, 7, 107, 'LP3696'),
(5135, 7, 107, 'LP6885'),
(5136, 7, 107, 'MC8646'),
(5137, 7, 107, 'ML9342'),
(5138, 7, 107, 'RG8592'),
(5139, 7, 107, 'RS9179'),
(5140, 7, 107, 'SC6342'),
(5141, 8, 110, 'AC5563'),
(5142, 8, 110, 'AM1638'),
(5143, 8, 110, 'ÁN9224'),
(5144, 8, 110, 'ÁR5923'),
(5145, 8, 110, 'AR7259'),
(5146, 8, 110, 'CL9634'),
(5147, 8, 110, 'DJ1737'),
(5148, 8, 110, 'DR7348'),
(5149, 8, 110, 'DV9275'),
(5150, 8, 110, 'EA4795'),
(5151, 8, 110, 'EP4352'),
(5152, 8, 110, 'ES9328'),
(5153, 8, 110, 'FC1423'),
(5154, 8, 110, 'GG3259'),
(5155, 8, 110, 'HP7681'),
(5156, 8, 110, 'JA2924'),
(5157, 8, 110, 'JA3561'),
(5158, 8, 110, 'JG7323'),
(5159, 8, 110, 'JG8296'),
(5160, 8, 110, 'JM7153'),
(5161, 8, 110, 'JQ8827'),
(5162, 8, 110, 'JR2253'),
(5163, 8, 110, 'JS1311'),
(5164, 8, 110, 'JT3175'),
(5165, 8, 110, 'LP3696'),
(5166, 8, 110, 'LP6885'),
(5167, 8, 110, 'MC8646'),
(5168, 8, 110, 'ML9342'),
(5169, 8, 110, 'RG8592'),
(5170, 8, 110, 'RS9179'),
(5171, 8, 110, 'SC6342'),
(5172, 9, 137, 'AC5563'),
(5173, 9, 137, 'AM1638'),
(5174, 9, 137, 'ÁN9224'),
(5175, 9, 137, 'ÁR5923'),
(5176, 9, 137, 'AR7259'),
(5177, 9, 137, 'CL9634'),
(5178, 9, 137, 'DJ1737'),
(5179, 9, 137, 'DR7348'),
(5180, 9, 137, 'DV9275'),
(5181, 9, 137, 'EA4795'),
(5182, 9, 137, 'EP4352'),
(5183, 9, 137, 'ES9328'),
(5184, 9, 137, 'FC1423'),
(5185, 9, 137, 'GG3259'),
(5186, 9, 137, 'HP7681'),
(5187, 9, 137, 'JA2924'),
(5188, 9, 137, 'JA3561'),
(5189, 9, 137, 'JG7323'),
(5190, 9, 137, 'JG8296'),
(5191, 9, 137, 'JM7153'),
(5192, 9, 137, 'JQ8827'),
(5193, 9, 137, 'JR2253'),
(5194, 9, 137, 'JS1311'),
(5195, 9, 137, 'JT3175'),
(5196, 9, 137, 'LP3696'),
(5197, 9, 137, 'LP6885'),
(5198, 9, 137, 'MC8646'),
(5199, 9, 137, 'ML9342'),
(5200, 9, 137, 'RG8592'),
(5201, 9, 137, 'RS9179'),
(5202, 9, 137, 'SC6342'),
(5203, 7, 107, 'AG5462'),
(5204, 7, 107, 'AP7669'),
(5205, 7, 107, 'BR9523'),
(5206, 7, 107, 'CC2413'),
(5207, 7, 107, 'DV2282'),
(5208, 7, 107, 'ES3336'),
(5209, 7, 107, 'GM2599'),
(5210, 7, 107, 'GR7387'),
(5211, 7, 107, 'IP4186'),
(5212, 7, 107, 'JF6817'),
(5213, 7, 107, 'JO5431'),
(5214, 7, 107, 'JR8381'),
(5215, 7, 107, 'JV9236'),
(5216, 7, 107, 'KM6618'),
(5217, 7, 107, 'LC4825'),
(5218, 7, 107, 'LM7791'),
(5219, 7, 107, 'LO5959'),
(5220, 7, 107, 'MA9567'),
(5221, 7, 107, 'MD9555'),
(5222, 7, 107, 'MM4716'),
(5223, 7, 107, 'NR2346'),
(5224, 7, 107, 'PC6556'),
(5225, 7, 107, 'PG4466'),
(5226, 7, 107, 'RA5176'),
(5227, 7, 107, 'RV4421'),
(5228, 7, 107, 'RV5182'),
(5229, 8, 110, 'AG5462'),
(5230, 8, 110, 'AP7669'),
(5231, 8, 110, 'BR9523'),
(5232, 8, 110, 'CC2413'),
(5233, 8, 110, 'DV2282'),
(5234, 8, 110, 'ES3336'),
(5235, 8, 110, 'GM2599'),
(5236, 8, 110, 'GR7387'),
(5237, 8, 110, 'IP4186'),
(5238, 8, 110, 'JF6817'),
(5239, 8, 110, 'JO5431'),
(5240, 8, 110, 'JR8381'),
(5241, 8, 110, 'JV9236'),
(5242, 8, 110, 'KM6618'),
(5243, 8, 110, 'LC4825'),
(5244, 8, 110, 'LM7791'),
(5245, 8, 110, 'LO5959'),
(5246, 8, 110, 'MA9567'),
(5247, 8, 110, 'MD9555'),
(5248, 8, 110, 'MM4716'),
(5249, 8, 110, 'NR2346'),
(5250, 8, 110, 'PC6556'),
(5251, 8, 110, 'PG4466'),
(5252, 8, 110, 'RA5176'),
(5253, 8, 110, 'RV4421'),
(5254, 8, 110, 'RV5182'),
(5255, 9, 137, 'AG5462'),
(5256, 9, 137, 'AP7669'),
(5257, 9, 137, 'BR9523'),
(5258, 9, 137, 'CC2413'),
(5259, 9, 137, 'DV2282'),
(5260, 9, 137, 'ES3336'),
(5261, 9, 137, 'GM2599'),
(5262, 9, 137, 'GR7387'),
(5263, 9, 137, 'IP4186'),
(5264, 9, 137, 'JF6817'),
(5265, 9, 137, 'JO5431'),
(5266, 9, 137, 'JR8381'),
(5267, 9, 137, 'JV9236'),
(5268, 9, 137, 'KM6618'),
(5269, 9, 137, 'LC4825'),
(5270, 9, 137, 'LM7791'),
(5271, 9, 137, 'LO5959'),
(5272, 9, 137, 'MA9567'),
(5273, 9, 137, 'MD9555'),
(5274, 9, 137, 'MM4716'),
(5275, 9, 137, 'NR2346'),
(5276, 9, 137, 'PC6556'),
(5277, 9, 137, 'PG4466'),
(5278, 9, 137, 'RA5176'),
(5279, 9, 137, 'RV4421'),
(5280, 9, 137, 'RV5182'),
(5281, 7, 107, 'AC8372'),
(5282, 7, 107, 'ÁT4399'),
(5283, 7, 107, 'BC3517'),
(5284, 7, 107, 'BG9639'),
(5285, 7, 107, 'CG3314'),
(5286, 7, 107, 'CG8874'),
(5287, 7, 107, 'EF1291'),
(5288, 7, 107, 'ER1325'),
(5289, 7, 107, 'FL3514'),
(5290, 7, 107, 'FP2126'),
(5291, 7, 107, 'GF9739'),
(5292, 7, 107, 'IP1554'),
(5293, 7, 107, 'IV6296'),
(5294, 7, 107, 'IV9459'),
(5295, 7, 107, 'JC1912'),
(5296, 7, 107, 'JJ8389'),
(5297, 7, 107, 'JM9226'),
(5298, 7, 107, 'LP9455'),
(5299, 7, 107, 'MC4456'),
(5300, 7, 107, 'MO3283'),
(5301, 7, 107, 'MS4199'),
(5302, 8, 110, 'AC8372'),
(5303, 8, 110, 'ÁT4399'),
(5304, 8, 110, 'BC3517'),
(5305, 8, 110, 'BG9639'),
(5306, 8, 110, 'CG3314'),
(5307, 8, 110, 'CG8874'),
(5308, 8, 110, 'EF1291'),
(5309, 8, 110, 'ER1325'),
(5310, 8, 110, 'FL3514'),
(5311, 8, 110, 'FP2126'),
(5312, 8, 110, 'GF9739'),
(5313, 8, 110, 'IP1554'),
(5314, 8, 110, 'IV6296'),
(5315, 8, 110, 'IV9459'),
(5316, 8, 110, 'JC1912'),
(5317, 8, 110, 'JJ8389'),
(5318, 8, 110, 'JM9226'),
(5319, 8, 110, 'LP9455'),
(5320, 8, 110, 'MC4456'),
(5321, 8, 110, 'MO3283'),
(5322, 8, 110, 'MS4199'),
(5323, 9, 137, 'AC8372'),
(5324, 9, 137, 'ÁT4399'),
(5325, 9, 137, 'BC3517'),
(5326, 9, 137, 'BG9639'),
(5327, 9, 137, 'CG3314'),
(5328, 9, 137, 'CG8874'),
(5329, 9, 137, 'EF1291'),
(5330, 9, 137, 'ER1325'),
(5331, 9, 137, 'FL3514'),
(5332, 9, 137, 'FP2126'),
(5333, 9, 137, 'GF9739'),
(5334, 9, 137, 'IP1554'),
(5335, 9, 137, 'IV6296'),
(5336, 9, 137, 'IV9459'),
(5337, 9, 137, 'JC1912'),
(5338, 9, 137, 'JJ8389'),
(5339, 9, 137, 'JM9226'),
(5340, 9, 137, 'LP9455'),
(5341, 9, 137, 'MC4456'),
(5342, 9, 137, 'MO3283'),
(5343, 9, 137, 'MS4199'),
(5344, 7, 86, 'AG3433'),
(5345, 7, 86, 'AR5325'),
(5346, 7, 86, 'BQ2628'),
(5347, 7, 86, 'CD8339'),
(5348, 7, 86, 'CL7913'),
(5349, 7, 86, 'ER1971'),
(5350, 7, 86, 'ER8677'),
(5351, 7, 86, 'ET6197'),
(5352, 7, 86, 'FB7737'),
(5353, 7, 86, 'GL3842'),
(5354, 7, 86, 'IA8993'),
(5355, 7, 86, 'IQ8729'),
(5356, 7, 86, 'JJ2182'),
(5357, 7, 86, 'JM1958'),
(5358, 7, 86, 'JM2892'),
(5359, 7, 86, 'LR6137'),
(5360, 7, 86, 'MH6433'),
(5361, 7, 86, 'MM4383'),
(5362, 7, 86, 'MP3665'),
(5363, 7, 86, 'NR5288'),
(5364, 7, 86, 'OD7389'),
(5365, 7, 131, 'AG3433'),
(5366, 7, 131, 'AR5325'),
(5367, 7, 131, 'BQ2628'),
(5368, 7, 131, 'CD8339'),
(5369, 7, 131, 'CL7913'),
(5370, 7, 131, 'ER1971'),
(5371, 8, 131, 'ER8677'),
(5372, 8, 131, 'ET6197'),
(5373, 8, 131, 'FB7737'),
(5374, 8, 131, 'GL3842'),
(5375, 8, 131, 'IA8993'),
(5376, 8, 131, 'IQ8729'),
(5377, 8, 131, 'JJ2182'),
(5378, 8, 131, 'JM1958'),
(5379, 8, 131, 'JM2892'),
(5380, 8, 131, 'LR6137'),
(5381, 8, 131, 'MH6433'),
(5382, 8, 131, 'MM4383'),
(5383, 8, 131, 'MP3665'),
(5384, 8, 131, 'NR5288'),
(5385, 8, 131, 'OD7389'),
(5386, 9, 158, 'AG3433'),
(5387, 9, 158, 'AR5325'),
(5388, 9, 158, 'BQ2628'),
(5389, 9, 158, 'CD8339'),
(5390, 9, 158, 'CL7913'),
(5391, 9, 158, 'ER1971'),
(5392, 9, 158, 'ER8677'),
(5393, 9, 158, 'ET6197'),
(5394, 9, 158, 'FB7737'),
(5395, 9, 158, 'GL3842'),
(5396, 9, 158, 'IA8993'),
(5397, 9, 158, 'IQ8729'),
(5398, 9, 158, 'JJ2182'),
(5399, 9, 158, 'JM1958'),
(5400, 9, 158, 'JM2892'),
(5401, 9, 158, 'LR6137'),
(5402, 9, 158, 'MH6433'),
(5403, 9, 158, 'MM4383'),
(5404, 9, 158, 'MP3665'),
(5405, 9, 158, 'NR5288'),
(5406, 9, 158, 'OD7389'),
(5407, 7, 86, 'AC9757'),
(5408, 7, 86, 'AF6686'),
(5409, 7, 86, 'AV1432'),
(5410, 7, 86, 'BN8146'),
(5411, 7, 86, 'CG6284'),
(5412, 7, 86, 'CM1768'),
(5413, 7, 86, 'CP2577'),
(5414, 7, 86, 'CV1817'),
(5415, 7, 86, 'EF2321'),
(5416, 7, 86, 'FN9269'),
(5417, 7, 86, 'IP9464'),
(5418, 7, 86, 'JÁ1787'),
(5419, 7, 86, 'JA6979'),
(5420, 7, 86, 'JF6956'),
(5421, 7, 86, 'JF9166'),
(5422, 7, 86, 'JM6166'),
(5423, 7, 86, 'JP1338'),
(5424, 7, 86, 'JP9542'),
(5425, 7, 86, 'JS1631'),
(5426, 7, 86, 'JS5228'),
(5427, 7, 86, 'LG3866'),
(5428, 8, 131, 'AC9757'),
(5429, 8, 131, 'AF6686'),
(5430, 8, 131, 'AV1432'),
(5431, 8, 131, 'BN8146'),
(5432, 8, 131, 'CG6284'),
(5433, 8, 131, 'CM1768'),
(5434, 8, 131, 'CP2577'),
(5435, 8, 131, 'CV1817'),
(5436, 8, 131, 'EF2321'),
(5437, 8, 131, 'FN9269'),
(5438, 8, 131, 'IP9464'),
(5439, 8, 131, 'JÁ1787'),
(5440, 8, 131, 'JA6979'),
(5441, 8, 131, 'JF6956'),
(5442, 8, 131, 'JF9166'),
(5443, 8, 131, 'JM6166'),
(5444, 8, 131, 'JP1338'),
(5445, 8, 131, 'JP9542'),
(5446, 8, 131, 'JS1631'),
(5447, 8, 131, 'JS5228'),
(5448, 8, 131, 'LG3866'),
(5449, 9, 158, 'AC9757'),
(5450, 9, 158, 'AF6686'),
(5451, 9, 158, 'AV1432'),
(5452, 9, 158, 'BN8146'),
(5453, 9, 158, 'CG6284'),
(5454, 9, 158, 'CM1768'),
(5455, 9, 158, 'CP2577'),
(5456, 9, 158, 'CV1817'),
(5457, 9, 158, 'EF2321'),
(5458, 9, 158, 'FN9269'),
(5459, 9, 158, 'IP9464'),
(5460, 9, 158, 'JÁ1787'),
(5461, 9, 158, 'JA6979'),
(5462, 9, 158, 'JF6956'),
(5463, 9, 158, 'JF9166'),
(5464, 9, 158, 'JM6166'),
(5465, 9, 158, 'JP1338'),
(5466, 9, 158, 'JP9542'),
(5467, 9, 158, 'JS1631'),
(5468, 9, 158, 'JS5228'),
(5469, 9, 158, 'LG3866'),
(5470, 7, 86, 'AV2194'),
(5471, 7, 86, 'AV9782'),
(5472, 7, 86, 'CF7283'),
(5473, 7, 86, 'CR3815'),
(5474, 7, 86, 'DA6344'),
(5475, 7, 86, 'DC7557'),
(5476, 7, 86, 'DV6321'),
(5477, 7, 86, 'EL4666'),
(5478, 7, 86, 'EP9486'),
(5479, 7, 86, 'ER2461'),
(5480, 7, 86, 'FM6585'),
(5481, 7, 86, 'FR8934'),
(5482, 7, 86, 'FT1489'),
(5483, 7, 86, 'FV5729'),
(5484, 7, 86, 'GM3695'),
(5485, 7, 86, 'JL5461'),
(5486, 7, 86, 'JM4873'),
(5487, 7, 86, 'JR3327'),
(5488, 7, 86, 'KL8952'),
(5489, 7, 86, 'LA2352'),
(5490, 7, 86, 'LS1267'),
(5491, 7, 86, 'MÁ5258'),
(5492, 7, 86, 'MA9739'),
(5493, 7, 86, 'OP9186'),
(5494, 7, 86, 'OR5469'),
(5495, 7, 86, 'PV2487'),
(5496, 8, 131, 'AV2194'),
(5497, 8, 131, 'AV9782'),
(5498, 8, 131, 'CF7283'),
(5499, 8, 131, 'CR3815'),
(5500, 8, 131, 'DA6344'),
(5501, 8, 131, 'DC7557'),
(5502, 8, 131, 'DV6321'),
(5503, 8, 131, 'EL4666'),
(5504, 8, 131, 'EP9486'),
(5505, 8, 131, 'ER2461'),
(5506, 8, 131, 'FM6585'),
(5507, 8, 131, 'FR8934'),
(5508, 8, 131, 'FT1489'),
(5509, 8, 131, 'FV5729'),
(5510, 8, 131, 'GM3695'),
(5511, 8, 131, 'JL5461'),
(5512, 8, 131, 'JM4873'),
(5513, 8, 131, 'JR3327'),
(5514, 8, 131, 'KL8952'),
(5515, 8, 131, 'LA2352'),
(5516, 8, 131, 'LS1267'),
(5517, 8, 131, 'MÁ5258'),
(5518, 8, 131, 'MA9739'),
(5519, 8, 131, 'OP9186'),
(5520, 8, 131, 'OR5469'),
(5521, 8, 131, 'PV2487'),
(5522, 9, 158, 'AV2194'),
(5523, 9, 158, 'AV9782'),
(5524, 9, 158, 'CF7283'),
(5525, 9, 158, 'CR3815'),
(5526, 9, 158, 'DA6344'),
(5527, 9, 158, 'DC7557'),
(5528, 9, 158, 'DV6321'),
(5529, 9, 158, 'EL4666'),
(5530, 9, 158, 'EP9486'),
(5531, 9, 158, 'ER2461'),
(5532, 9, 158, 'FM6585'),
(5533, 9, 158, 'FR8934'),
(5534, 9, 158, 'FT1489'),
(5535, 9, 158, 'FV5729'),
(5536, 9, 158, 'GM3695'),
(5537, 9, 158, 'JL5461'),
(5538, 9, 158, 'JM4873'),
(5539, 9, 158, 'JR3327'),
(5540, 9, 158, 'KL8952'),
(5541, 9, 158, 'LA2352'),
(5542, 9, 158, 'LS1267'),
(5543, 9, 158, 'MÁ5258'),
(5544, 9, 158, 'MA9739'),
(5545, 9, 158, 'OP9186'),
(5546, 9, 158, 'OR5469'),
(5547, 9, 158, 'PV2487'),
(5548, 7, 86, 'AJ3557'),
(5549, 7, 86, 'AL1951'),
(5550, 7, 86, 'AT5162'),
(5551, 7, 86, 'AV5191'),
(5552, 7, 86, 'BL2957'),
(5553, 7, 86, 'BO2759'),
(5554, 7, 86, 'DR7596'),
(5555, 7, 86, 'DR8694'),
(5556, 7, 86, 'EM8842'),
(5557, 7, 86, 'GM2229'),
(5558, 7, 86, 'GV2633'),
(5559, 7, 86, 'IB1332'),
(5560, 7, 86, 'IP9558'),
(5561, 7, 86, 'JÁ7773'),
(5562, 7, 86, 'JB7154'),
(5563, 7, 86, 'JC8281'),
(5564, 7, 86, 'JG8863'),
(5565, 7, 86, 'JP6494'),
(5566, 7, 86, 'JQ9587'),
(5567, 7, 86, 'KO6831'),
(5568, 7, 86, 'LC8432'),
(5569, 7, 86, 'LQ3145'),
(5570, 7, 86, 'MF1821'),
(5571, 7, 86, 'MN2956'),
(5572, 7, 86, 'MQ5455'),
(5573, 7, 86, 'MR3799'),
(5574, 7, 131, 'AJ3557'),
(5575, 7, 131, 'AL1951'),
(5576, 7, 131, 'AT5162'),
(5577, 7, 131, 'AV5191'),
(5578, 7, 131, 'BL2957'),
(5579, 7, 131, 'BO2759'),
(5580, 7, 131, 'DR7596'),
(5581, 7, 131, 'DR8694'),
(5582, 7, 131, 'EM8842'),
(5583, 7, 131, 'GM2229'),
(5584, 7, 131, 'GV2633'),
(5585, 7, 131, 'IB1332'),
(5586, 7, 131, 'IP9558'),
(5587, 7, 131, 'JÁ7773'),
(5588, 7, 131, 'JB7154'),
(5589, 7, 131, 'JC8281'),
(5590, 7, 131, 'JG8863'),
(5591, 7, 131, 'JP6494'),
(5592, 7, 131, 'JQ9587'),
(5593, 7, 131, 'KO6831'),
(5594, 7, 131, 'LC8432'),
(5595, 7, 131, 'LQ3145'),
(5596, 7, 131, 'MF1821'),
(5597, 7, 131, 'MN2956'),
(5598, 8, 131, 'MQ5455'),
(5599, 7, 131, 'MR3799'),
(5600, 9, 158, 'AJ3557'),
(5601, 9, 158, 'AL1951'),
(5602, 9, 158, 'AT5162'),
(5603, 9, 158, 'AV5191'),
(5604, 9, 158, 'BL2957'),
(5605, 9, 158, 'BO2759'),
(5606, 9, 158, 'DR7596'),
(5607, 9, 158, 'DR8694'),
(5608, 9, 158, 'EM8842'),
(5609, 9, 158, 'GM2229'),
(5610, 9, 158, 'GV2633'),
(5611, 9, 158, 'IB1332'),
(5612, 9, 158, 'IP9558'),
(5613, 9, 158, 'JÁ7773'),
(5614, 9, 158, 'JB7154'),
(5615, 9, 158, 'JC8281'),
(5616, 9, 158, 'JG8863'),
(5617, 9, 158, 'JP6494'),
(5618, 9, 158, 'JQ9587'),
(5619, 9, 158, 'KO6831'),
(5620, 9, 158, 'LC8432'),
(5621, 9, 158, 'LQ3145'),
(5622, 9, 158, 'MF1821'),
(5623, 9, 158, 'MN2956'),
(5624, 9, 158, 'MQ5455'),
(5625, 9, 158, 'MR3799'),
(5626, 7, 94, 'AC5563'),
(5627, 7, 94, 'AM1638'),
(5628, 7, 94, 'ÁN9224'),
(5629, 7, 94, 'ÁR5923'),
(5630, 7, 94, 'AR7259'),
(5631, 7, 94, 'CL9634'),
(5632, 7, 94, 'DJ1737'),
(5633, 7, 94, 'DR7348'),
(5634, 7, 94, 'DV9275'),
(5635, 7, 94, 'EA4795'),
(5636, 7, 94, 'EP4352'),
(5637, 7, 94, 'ES9328'),
(5638, 7, 94, 'FC1423'),
(5639, 7, 94, 'GG3259'),
(5640, 7, 94, 'HP7681'),
(5641, 7, 94, 'JA2924'),
(5642, 7, 94, 'JA3561'),
(5643, 7, 94, 'JG7323'),
(5644, 7, 94, 'JG8296'),
(5645, 7, 94, 'JM7153'),
(5646, 7, 94, 'JQ8827'),
(5647, 7, 94, 'JR2253'),
(5648, 7, 94, 'JS1311'),
(5649, 7, 94, 'JT3175'),
(5650, 7, 94, 'LP3696'),
(5651, 7, 94, 'LP6885'),
(5652, 7, 94, 'MC8646'),
(5653, 7, 94, 'ML9342'),
(5654, 7, 94, 'RG8592'),
(5655, 7, 94, 'RS9179'),
(5656, 7, 94, 'SC6342'),
(5657, 8, 123, 'AC5563'),
(5658, 8, 123, 'AM1638'),
(5659, 8, 123, 'ÁN9224'),
(5660, 8, 123, 'ÁR5923'),
(5661, 8, 123, 'AR7259'),
(5662, 8, 123, 'CL9634'),
(5663, 8, 123, 'DJ1737'),
(5664, 8, 123, 'DR7348'),
(5665, 8, 123, 'DV9275'),
(5666, 8, 123, 'EA4795'),
(5667, 8, 123, 'EP4352'),
(5668, 8, 123, 'ES9328'),
(5669, 8, 123, 'FC1423'),
(5670, 8, 123, 'GG3259'),
(5671, 8, 123, 'HP7681'),
(5672, 8, 123, 'JA2924'),
(5673, 8, 123, 'JA3561'),
(5674, 8, 123, 'JG7323'),
(5675, 8, 123, 'JG8296'),
(5676, 8, 123, 'JM7153'),
(5677, 8, 123, 'JQ8827'),
(5678, 8, 123, 'JR2253'),
(5679, 8, 123, 'JS1311'),
(5680, 8, 123, 'JT3175'),
(5681, 8, 123, 'LP3696'),
(5682, 8, 123, 'LP6885'),
(5683, 8, 123, 'MC8646'),
(5684, 8, 123, 'ML9342'),
(5685, 8, 123, 'RG8592'),
(5686, 8, 123, 'RS9179'),
(5687, 8, 123, 'SC6342'),
(5688, 9, 150, 'AC5563'),
(5689, 9, 150, 'AM1638'),
(5690, 9, 150, 'ÁN9224'),
(5691, 9, 150, 'ÁR5923'),
(5692, 9, 150, 'AR7259'),
(5693, 9, 150, 'CL9634'),
(5694, 9, 150, 'DJ1737'),
(5695, 9, 150, 'DR7348'),
(5696, 9, 150, 'DV9275'),
(5697, 9, 150, 'EA4795'),
(5698, 9, 150, 'EP4352'),
(5699, 9, 150, 'ES9328'),
(5700, 9, 150, 'FC1423'),
(5701, 9, 150, 'GG3259'),
(5702, 9, 150, 'HP7681'),
(5703, 9, 150, 'JA2924'),
(5704, 9, 150, 'JA3561'),
(5705, 9, 150, 'JG7323'),
(5706, 9, 150, 'JG8296'),
(5707, 9, 150, 'JM7153'),
(5708, 9, 150, 'JQ8827'),
(5709, 9, 150, 'JR2253'),
(5710, 9, 150, 'JS1311'),
(5711, 9, 150, 'JT3175'),
(5712, 9, 150, 'LP3696'),
(5713, 9, 150, 'LP6885'),
(5714, 9, 150, 'MC8646'),
(5715, 9, 150, 'ML9342'),
(5716, 9, 150, 'RG8592'),
(5717, 9, 150, 'RS9179'),
(5718, 9, 150, 'SC6342'),
(5719, 7, 93, 'AG3433'),
(5720, 7, 93, 'AR5325'),
(5721, 7, 93, 'BQ2628'),
(5722, 7, 93, 'CD8339'),
(5723, 7, 93, 'CL7913'),
(5724, 7, 93, 'ER1971'),
(5725, 7, 93, 'ER8677'),
(5726, 7, 93, 'ET6197'),
(5727, 7, 93, 'FB7737'),
(5728, 7, 93, 'GL3842'),
(5729, 7, 93, 'IA8993'),
(5730, 7, 93, 'IQ8729'),
(5731, 7, 93, 'JJ2182'),
(5732, 7, 93, 'JM1958'),
(5733, 7, 93, 'JM2892'),
(5734, 7, 93, 'LR6137'),
(5735, 7, 93, 'MH6433'),
(5736, 7, 93, 'MM4383'),
(5737, 7, 93, 'MP3665'),
(5738, 7, 93, 'NR5288'),
(5739, 7, 93, 'OD7389'),
(5740, 8, 124, 'AG3433'),
(5741, 8, 124, 'AR5325'),
(5742, 8, 124, 'BQ2628'),
(5743, 8, 124, 'CD8339'),
(5744, 8, 124, 'CL7913'),
(5745, 8, 124, 'ER1971'),
(5746, 8, 124, 'ER8677'),
(5747, 8, 124, 'ET6197'),
(5748, 8, 124, 'FB7737'),
(5749, 8, 124, 'GL3842'),
(5750, 8, 124, 'IA8993'),
(5751, 8, 124, 'IQ8729'),
(5752, 8, 124, 'JJ2182'),
(5753, 8, 124, 'JM1958'),
(5754, 8, 124, 'JM2892'),
(5755, 8, 124, 'LR6137'),
(5756, 8, 124, 'MH6433'),
(5757, 8, 124, 'MM4383'),
(5758, 8, 124, 'MP3665'),
(5759, 8, 124, 'NR5288'),
(5760, 8, 124, 'OD7389'),
(5761, 9, 151, 'AG3433'),
(5762, 9, 151, 'AR5325'),
(5763, 9, 151, 'BQ2628'),
(5764, 9, 151, 'CD8339'),
(5765, 9, 151, 'CL7913'),
(5766, 9, 151, 'ER1971'),
(5767, 9, 151, 'ER8677'),
(5768, 9, 151, 'ET6197'),
(5769, 9, 151, 'FB7737'),
(5770, 9, 151, 'GL3842'),
(5771, 9, 151, 'IA8993'),
(5772, 9, 151, 'IQ8729'),
(5773, 9, 151, 'JJ2182'),
(5774, 9, 151, 'JM1958'),
(5775, 9, 151, 'JM2892'),
(5776, 9, 151, 'LR6137'),
(5777, 9, 151, 'MH6433'),
(5778, 9, 151, 'MM4383'),
(5779, 9, 151, 'MP3665'),
(5780, 9, 151, 'NR5288'),
(5781, 9, 151, 'OD7389'),
(5782, 7, 108, 'AS1983'),
(5783, 7, 108, 'BS9588'),
(5784, 7, 108, 'DB4645'),
(5785, 7, 108, 'ER8335'),
(5786, 7, 108, 'FT9543'),
(5787, 7, 108, 'GG5559'),
(5788, 7, 108, 'IA3668'),
(5789, 7, 108, 'JA6681'),
(5790, 7, 108, 'JL7274'),
(5791, 7, 108, 'KÁ4733'),
(5792, 7, 108, 'LM5852'),
(5793, 7, 108, 'LR3335'),
(5794, 7, 108, 'MD4436'),
(5795, 7, 108, 'MM4921'),
(5796, 7, 108, 'MR6891'),
(5797, 7, 108, 'MS8242'),
(5798, 8, 109, 'AS1983'),
(5799, 8, 109, 'BS9588'),
(5800, 8, 109, 'DB4645'),
(5801, 8, 109, 'ER8335'),
(5802, 8, 109, 'FT9543'),
(5803, 8, 109, 'GG5559'),
(5804, 8, 109, 'IA3668'),
(5805, 8, 109, 'JA6681'),
(5806, 8, 109, 'JL7274'),
(5807, 8, 109, 'KÁ4733'),
(5808, 8, 109, 'LM5852'),
(5809, 8, 109, 'LR3335'),
(5810, 8, 109, 'MD4436'),
(5811, 8, 109, 'MM4921'),
(5812, 8, 109, 'MR6891'),
(5813, 8, 109, 'MS8242'),
(5814, 9, 136, 'AS1983'),
(5815, 9, 136, 'BS9588'),
(5816, 9, 136, 'DB4645'),
(5817, 9, 136, 'ER8335'),
(5818, 9, 136, 'FT9543'),
(5819, 9, 136, 'GG5559'),
(5820, 9, 136, 'IA3668'),
(5821, 9, 136, 'JA6681'),
(5822, 9, 136, 'JL7274'),
(5823, 9, 136, 'KÁ4733'),
(5824, 9, 136, 'LM5852'),
(5825, 9, 136, 'LR3335'),
(5826, 9, 136, 'MD4436'),
(5827, 9, 136, 'MM4921'),
(5828, 9, 136, 'MR6891'),
(5829, 9, 136, 'MS8242'),
(5830, 7, 108, 'AC5563'),
(5831, 7, 108, 'AM1638'),
(5832, 7, 108, 'ÁN9224'),
(5833, 7, 108, 'ÁR5923'),
(5834, 7, 108, 'AR7259'),
(5835, 7, 108, 'CL9634'),
(5836, 7, 108, 'DJ1737'),
(5837, 7, 108, 'DR7348'),
(5838, 7, 108, 'DV9275'),
(5839, 7, 108, 'EA4795'),
(5840, 7, 108, 'EP4352'),
(5841, 7, 108, 'ES9328'),
(5842, 7, 108, 'FC1423'),
(5843, 7, 108, 'GG3259'),
(5844, 7, 108, 'HP7681'),
(5845, 7, 108, 'JA2924'),
(5846, 7, 108, 'JA3561'),
(5847, 7, 108, 'JG7323'),
(5848, 7, 108, 'JG8296'),
(5849, 7, 108, 'JM7153'),
(5850, 7, 108, 'JQ8827'),
(5851, 7, 108, 'JR2253'),
(5852, 7, 108, 'JS1311'),
(5853, 7, 108, 'JT3175'),
(5854, 7, 108, 'LP3696'),
(5855, 7, 108, 'LP6885'),
(5856, 7, 108, 'MC8646'),
(5857, 7, 108, 'ML9342'),
(5858, 7, 108, 'RG8592'),
(5859, 7, 108, 'RS9179'),
(5860, 7, 108, 'SC6342'),
(5861, 8, 109, 'AC5563'),
(5862, 8, 109, 'AM1638'),
(5863, 8, 109, 'ÁN9224'),
(5864, 8, 109, 'ÁR5923'),
(5865, 8, 109, 'AR7259'),
(5866, 8, 109, 'CL9634'),
(5867, 8, 109, 'DJ1737'),
(5868, 8, 109, 'DR7348'),
(5869, 8, 109, 'DV9275'),
(5870, 8, 109, 'EA4795'),
(5871, 8, 109, 'EP4352'),
(5872, 8, 109, 'ES9328'),
(5873, 8, 109, 'FC1423'),
(5874, 8, 109, 'GG3259'),
(5875, 8, 109, 'HP7681'),
(5876, 8, 109, 'JA2924'),
(5877, 8, 109, 'JA3561'),
(5878, 8, 109, 'JG7323'),
(5879, 8, 109, 'JG8296'),
(5880, 8, 109, 'JM7153'),
(5881, 8, 109, 'JQ8827'),
(5882, 8, 109, 'JR2253'),
(5883, 8, 109, 'JS1311'),
(5884, 8, 109, 'JT3175'),
(5885, 8, 109, 'LP3696'),
(5886, 8, 109, 'LP6885'),
(5887, 8, 109, 'MC8646'),
(5888, 8, 109, 'ML9342'),
(5889, 8, 109, 'RG8592'),
(5890, 8, 109, 'RS9179'),
(5891, 8, 109, 'SC6342'),
(5892, 8, 136, 'AC5563'),
(5893, 8, 136, 'AM1638'),
(5894, 8, 136, 'ÁN9224'),
(5895, 8, 136, 'ÁR5923'),
(5896, 8, 136, 'AR7259'),
(5897, 8, 136, 'CL9634'),
(5898, 8, 136, 'DJ1737'),
(5899, 8, 136, 'DR7348'),
(5900, 8, 136, 'DV9275'),
(5901, 8, 136, 'EA4795'),
(5902, 8, 136, 'EP4352'),
(5903, 8, 136, 'ES9328'),
(5904, 8, 136, 'FC1423'),
(5905, 8, 136, 'GG3259'),
(5906, 8, 136, 'HP7681'),
(5907, 8, 136, 'JA2924'),
(5908, 8, 136, 'JA3561'),
(5909, 8, 136, 'JG7323'),
(5910, 8, 136, 'JG8296'),
(5911, 8, 136, 'JM7153'),
(5912, 8, 136, 'JQ8827'),
(5913, 8, 136, 'JR2253'),
(5914, 8, 136, 'JS1311'),
(5915, 8, 136, 'JT3175'),
(5916, 8, 136, 'LP3696'),
(5917, 8, 136, 'LP6885'),
(5918, 8, 136, 'MC8646'),
(5919, 8, 136, 'ML9342'),
(5920, 8, 136, 'RG8592'),
(5921, 8, 136, 'RS9179'),
(5922, 8, 136, 'SC6342'),
(5923, 7, 108, 'AG5462'),
(5924, 7, 108, 'AP7669'),
(5925, 7, 108, 'BR9523'),
(5926, 7, 108, 'CC2413'),
(5927, 7, 108, 'DV2282'),
(5928, 7, 108, 'ES3336'),
(5929, 7, 108, 'GM2599'),
(5930, 7, 108, 'GR7387'),
(5931, 7, 108, 'IP4186'),
(5932, 7, 108, 'JF6817'),
(5933, 7, 108, 'JO5431'),
(5934, 7, 108, 'JR8381'),
(5935, 7, 108, 'JV9236'),
(5936, 7, 108, 'KM6618'),
(5937, 7, 108, 'LC4825'),
(5938, 7, 108, 'LM7791'),
(5939, 7, 108, 'LO5959'),
(5940, 7, 108, 'MA9567'),
(5941, 7, 108, 'MD9555'),
(5942, 7, 108, 'MM4716'),
(5943, 7, 108, 'NR2346'),
(5944, 7, 108, 'PC6556'),
(5945, 7, 108, 'PG4466'),
(5946, 7, 108, 'RA5176'),
(5947, 7, 108, 'RV4421'),
(5948, 7, 108, 'RV5182'),
(5949, 8, 109, 'AG5462'),
(5950, 8, 109, 'AP7669'),
(5951, 8, 109, 'BR9523'),
(5952, 8, 109, 'CC2413'),
(5953, 8, 109, 'DV2282'),
(5954, 8, 109, 'ES3336'),
(5955, 8, 109, 'GM2599'),
(5956, 8, 109, 'GR7387'),
(5957, 8, 109, 'IP4186'),
(5958, 8, 109, 'JF6817'),
(5959, 8, 109, 'JO5431'),
(5960, 8, 109, 'JR8381'),
(5961, 8, 109, 'JV9236'),
(5962, 8, 109, 'KM6618'),
(5963, 8, 109, 'LC4825'),
(5964, 8, 109, 'LM7791'),
(5965, 8, 109, 'LO5959'),
(5966, 8, 109, 'MA9567'),
(5967, 8, 109, 'MD9555'),
(5968, 8, 109, 'MM4716'),
(5969, 8, 109, 'NR2346'),
(5970, 8, 109, 'PC6556'),
(5971, 8, 109, 'PG4466'),
(5972, 8, 109, 'RA5176'),
(5973, 8, 109, 'RV4421'),
(5974, 8, 109, 'RV5182'),
(5975, 9, 136, 'AG5462'),
(5976, 9, 136, 'AP7669'),
(5977, 9, 136, 'BR9523'),
(5978, 9, 136, 'CC2413'),
(5979, 9, 136, 'DV2282'),
(5980, 9, 136, 'ES3336'),
(5981, 9, 136, 'GM2599'),
(5982, 9, 136, 'GR7387'),
(5983, 9, 136, 'IP4186'),
(5984, 9, 136, 'JF6817'),
(5985, 9, 136, 'JO5431'),
(5986, 9, 136, 'JR8381'),
(5987, 9, 136, 'JV9236'),
(5988, 9, 136, 'KM6618'),
(5989, 9, 136, 'LC4825'),
(5990, 9, 136, 'LM7791'),
(5991, 9, 136, 'LO5959'),
(5992, 9, 136, 'MA9567'),
(5993, 9, 136, 'MD9555'),
(5994, 9, 136, 'MM4716'),
(5995, 9, 136, 'NR2346'),
(5996, 9, 136, 'PC6556'),
(5997, 9, 136, 'PG4466'),
(5998, 9, 136, 'RA5176'),
(5999, 9, 136, 'RV4421'),
(6000, 9, 136, 'RV5182'),
(6001, 9, 108, 'AC8372'),
(6002, 9, 108, 'ÁT4399'),
(6003, 9, 108, 'BC3517'),
(6004, 9, 108, 'BG9639'),
(6005, 9, 108, 'CG3314'),
(6006, 9, 108, 'CG8874'),
(6007, 9, 108, 'EF1291'),
(6008, 9, 108, 'ER1325'),
(6009, 9, 108, 'FL3514'),
(6010, 9, 108, 'FP2126'),
(6011, 9, 108, 'GF9739'),
(6012, 9, 108, 'IP1554'),
(6013, 9, 108, 'IV6296'),
(6014, 9, 108, 'IV9459'),
(6015, 9, 108, 'JC1912'),
(6016, 9, 108, 'JJ8389'),
(6017, 9, 108, 'JM9226'),
(6018, 9, 108, 'LP9455'),
(6019, 9, 108, 'MC4456'),
(6020, 9, 108, 'MO3283'),
(6021, 9, 108, 'MS4199'),
(6022, 8, 109, 'AC8372'),
(6023, 8, 109, 'ÁT4399'),
(6024, 8, 109, 'BC3517'),
(6025, 8, 109, 'BG9639'),
(6026, 8, 109, 'CG3314'),
(6027, 8, 109, 'CG8874'),
(6028, 8, 109, 'EF1291'),
(6029, 8, 109, 'ER1325'),
(6030, 8, 109, 'FL3514'),
(6031, 8, 109, 'FP2126'),
(6032, 8, 109, 'GF9739'),
(6033, 8, 109, 'IP1554'),
(6034, 8, 109, 'IV6296'),
(6035, 8, 109, 'IV9459'),
(6036, 8, 109, 'JC1912'),
(6037, 8, 109, 'JJ8389'),
(6038, 8, 109, 'JM9226'),
(6039, 8, 109, 'LP9455'),
(6040, 8, 109, 'MC4456'),
(6041, 8, 109, 'MO3283'),
(6042, 8, 109, 'MS4199'),
(6043, 7, 136, 'AC8372'),
(6044, 7, 136, 'ÁT4399'),
(6045, 7, 136, 'BC3517'),
(6046, 7, 136, 'BG9639'),
(6047, 7, 136, 'CG3314'),
(6048, 7, 136, 'CG8874'),
(6049, 7, 136, 'EF1291'),
(6050, 7, 136, 'ER1325'),
(6051, 7, 136, 'FL3514'),
(6052, 7, 136, 'FP2126'),
(6053, 7, 136, 'GF9739'),
(6054, 7, 136, 'IP1554'),
(6055, 7, 136, 'IV6296'),
(6056, 7, 136, 'IV9459'),
(6057, 7, 136, 'JC1912'),
(6058, 7, 136, 'JJ8389'),
(6059, 7, 136, 'JM9226'),
(6060, 7, 136, 'LP9455'),
(6061, 7, 136, 'MC4456'),
(6062, 7, 136, 'MO3283'),
(6063, 7, 136, 'MS4199'),
(6064, 7, 92, 'AC5755'),
(6065, 7, 92, 'AS7999'),
(6066, 7, 92, 'BA3564'),
(6067, 7, 92, 'BM7119'),
(6068, 7, 92, 'CL9294'),
(6069, 7, 92, 'CP7186'),
(6070, 7, 92, 'DR7987'),
(6071, 7, 92, 'DS5899'),
(6072, 7, 92, 'EP2846'),
(6073, 7, 92, 'FV5372'),
(6074, 7, 92, 'GR9232'),
(6075, 7, 92, 'IJ2434'),
(6076, 7, 92, 'JF6695'),
(6077, 7, 92, 'JG8253'),
(6078, 7, 92, 'JH1242'),
(6079, 7, 92, 'JM5279'),
(6080, 7, 92, 'JS5299'),
(6081, 7, 92, 'LC2335'),
(6082, 7, 92, 'LM8535'),
(6083, 7, 92, 'SP1535'),
(6084, 7, 92, 'SS6823'),
(6085, 8, 125, 'AC5755'),
(6086, 8, 125, 'AS7999'),
(6087, 8, 125, 'BA3564'),
(6088, 8, 125, 'BM7119'),
(6089, 8, 125, 'CL9294'),
(6090, 8, 125, 'CP7186'),
(6091, 8, 125, 'DR7987'),
(6092, 8, 125, 'DS5899'),
(6093, 8, 125, 'EP2846'),
(6094, 8, 125, 'FV5372'),
(6095, 8, 125, 'GR9232'),
(6096, 8, 125, 'IJ2434'),
(6097, 8, 125, 'JF6695'),
(6098, 8, 125, 'JG8253'),
(6099, 8, 125, 'JH1242'),
(6100, 8, 125, 'JM5279'),
(6101, 8, 125, 'JS5299'),
(6102, 8, 125, 'LC2335'),
(6103, 8, 125, 'LM8535'),
(6104, 8, 125, 'SP1535'),
(6105, 8, 125, 'SS6823'),
(6106, 9, 152, 'AC5755'),
(6107, 9, 152, 'AS7999'),
(6108, 9, 152, 'BA3564'),
(6109, 9, 152, 'BM7119'),
(6110, 9, 152, 'CL9294'),
(6111, 9, 152, 'CP7186'),
(6112, 9, 152, 'DR7987'),
(6113, 9, 152, 'DS5899'),
(6114, 9, 152, 'EP2846'),
(6115, 9, 152, 'FV5372'),
(6116, 9, 152, 'GR9232'),
(6117, 9, 152, 'IJ2434'),
(6118, 9, 152, 'JF6695'),
(6119, 9, 152, 'JG8253'),
(6120, 9, 152, 'JH1242'),
(6121, 9, 152, 'JM5279'),
(6122, 9, 152, 'JS5299'),
(6123, 9, 152, 'LC2335'),
(6124, 9, 152, 'LM8535'),
(6125, 9, 152, 'SP1535'),
(6126, 9, 152, 'SS6823'),
(6127, 7, 102, 'AG5462'),
(6128, 7, 102, 'AP7669'),
(6129, 7, 102, 'BR9523'),
(6130, 7, 102, 'CC2413'),
(6131, 7, 102, 'DV2282'),
(6132, 7, 102, 'ES3336'),
(6133, 7, 102, 'GM2599'),
(6134, 7, 102, 'GR7387'),
(6135, 7, 102, 'IP4186'),
(6136, 7, 102, 'JF6817'),
(6137, 7, 102, 'JO5431'),
(6138, 7, 102, 'JR8381'),
(6139, 7, 102, 'JV9236'),
(6140, 7, 102, 'KM6618'),
(6141, 7, 102, 'LC4825'),
(6142, 7, 102, 'LM7791'),
(6143, 7, 102, 'LO5959'),
(6144, 7, 102, 'MA9567'),
(6145, 7, 102, 'MD9555'),
(6146, 7, 102, 'MM4716'),
(6147, 7, 102, 'NR2346'),
(6148, 7, 102, 'PC6556'),
(6149, 7, 102, 'PG4466'),
(6150, 7, 102, 'RA5176'),
(6151, 7, 102, 'RV4421'),
(6152, 7, 102, 'RV5182'),
(6153, 8, 115, 'AG5462'),
(6154, 8, 115, 'AP7669'),
(6155, 8, 115, 'BR9523'),
(6156, 8, 115, 'CC2413'),
(6157, 8, 115, 'DV2282'),
(6158, 8, 115, 'ES3336'),
(6159, 8, 115, 'GM2599'),
(6160, 8, 115, 'GR7387'),
(6161, 8, 115, 'IP4186'),
(6162, 8, 115, 'JF6817'),
(6163, 8, 115, 'JO5431'),
(6164, 8, 115, 'JR8381'),
(6165, 8, 115, 'JV9236'),
(6166, 8, 115, 'KM6618'),
(6167, 8, 115, 'LC4825'),
(6168, 8, 115, 'LM7791'),
(6169, 8, 115, 'LO5959'),
(6170, 8, 115, 'MA9567'),
(6171, 8, 115, 'MD9555'),
(6172, 8, 115, 'MM4716'),
(6173, 8, 115, 'NR2346'),
(6174, 8, 115, 'PC6556'),
(6175, 8, 115, 'PG4466'),
(6176, 8, 115, 'RA5176'),
(6177, 8, 115, 'RV4421'),
(6178, 8, 115, 'RV5182'),
(6179, 9, 142, 'AG5462'),
(6180, 9, 142, 'AP7669'),
(6181, 9, 142, 'BR9523'),
(6182, 9, 142, 'CC2413'),
(6183, 9, 142, 'DV2282'),
(6184, 9, 142, 'ES3336'),
(6185, 9, 142, 'GM2599'),
(6186, 9, 142, 'GR7387'),
(6187, 9, 142, 'IP4186'),
(6188, 9, 142, 'JF6817'),
(6189, 9, 142, 'JO5431'),
(6190, 9, 142, 'JR8381'),
(6191, 9, 142, 'JV9236'),
(6192, 9, 142, 'KM6618'),
(6193, 9, 142, 'LC4825'),
(6194, 9, 142, 'LM7791'),
(6195, 9, 142, 'LO5959'),
(6196, 9, 142, 'MA9567'),
(6197, 9, 142, 'MD9555'),
(6198, 9, 142, 'MM4716'),
(6199, 9, 142, 'NR2346'),
(6200, 9, 142, 'PC6556'),
(6201, 9, 142, 'PG4466'),
(6202, 9, 142, 'RA5176'),
(6203, 9, 142, 'RV4421'),
(6204, 9, 142, 'RV5182'),
(6205, 7, 102, 'AC8372'),
(6206, 7, 102, 'ÁT4399'),
(6207, 7, 102, 'BC3517'),
(6208, 7, 102, 'BG9639'),
(6209, 7, 102, 'CG3314'),
(6210, 7, 102, 'CG8874'),
(6211, 7, 102, 'EF1291'),
(6212, 7, 102, 'ER1325'),
(6213, 7, 102, 'FL3514'),
(6214, 7, 102, 'FP2126'),
(6215, 7, 102, 'GF9739'),
(6216, 7, 102, 'IP1554'),
(6217, 7, 102, 'IV6296'),
(6218, 7, 102, 'IV9459'),
(6219, 7, 102, 'JC1912'),
(6220, 7, 102, 'JJ8389'),
(6221, 7, 102, 'JM9226'),
(6222, 7, 102, 'LP9455'),
(6223, 7, 102, 'MC4456'),
(6224, 7, 102, 'MO3283'),
(6225, 7, 102, 'MS4199'),
(6226, 8, 115, 'AC8372'),
(6227, 8, 115, 'ÁT4399'),
(6228, 8, 115, 'BC3517'),
(6229, 8, 115, 'BG9639'),
(6230, 8, 115, 'CG3314'),
(6231, 8, 115, 'CG8874'),
(6232, 8, 115, 'EF1291'),
(6233, 8, 115, 'ER1325'),
(6234, 8, 115, 'FL3514'),
(6235, 8, 115, 'FP2126'),
(6236, 8, 115, 'GF9739'),
(6237, 8, 115, 'IP1554'),
(6238, 8, 115, 'IV6296'),
(6239, 8, 115, 'IV9459'),
(6240, 8, 115, 'JC1912'),
(6241, 8, 115, 'JJ8389'),
(6242, 8, 115, 'JM9226'),
(6243, 8, 115, 'LP9455'),
(6244, 8.04, 115, 'MC4456'),
(6245, 8, 115, 'MO3283'),
(6246, 8, 115, 'MS4199'),
(6247, 8, 142, 'AC8372'),
(6248, 8, 142, 'ÁT4399'),
(6249, 8, 142, 'BC3517'),
(6250, 8, 142, 'BG9639'),
(6251, 8, 142, 'CG3314'),
(6252, 8, 142, 'CG8874'),
(6253, 8, 142, 'EF1291'),
(6254, 8, 142, 'ER1325'),
(6255, 8, 142, 'FL3514'),
(6256, 8, 142, 'FP2126'),
(6257, 8, 142, 'GF9739'),
(6258, 8, 142, 'IP1554'),
(6259, 8, 142, 'IV6296'),
(6260, 8, 142, 'IV9459'),
(6261, 8, 142, 'JC1912'),
(6262, 8, 142, 'JJ8389'),
(6263, 8, 142, 'JM9226'),
(6264, 8, 142, 'LP9455'),
(6265, 8, 142, 'MC4456'),
(6266, 8, 142, 'MO3283'),
(6267, 8, 142, 'MS4199'),
(6268, 7, 101, 'AV2194'),
(6269, 7, 101, 'AV9782'),
(6270, 7, 101, 'CF7283'),
(6271, 7, 101, 'CR3815'),
(6272, 7, 101, 'DA6344'),
(6273, 7, 101, 'DC7557'),
(6274, 7, 101, 'DV6321'),
(6275, 7, 101, 'EL4666'),
(6276, 7, 101, 'EP9486'),
(6277, 7, 101, 'ER2461'),
(6278, 7, 101, 'FM6585'),
(6279, 7, 101, 'FR8934'),
(6280, 7, 101, 'FT1489'),
(6281, 7, 101, 'FV5729'),
(6282, 7, 101, 'GM3695'),
(6283, 7, 101, 'JL5461'),
(6284, 7, 101, 'JM4873'),
(6285, 7, 101, 'JR3327'),
(6286, 7, 101, 'KL8952'),
(6287, 7, 101, 'LA2352'),
(6288, 7, 101, 'LS1267'),
(6289, 7, 101, 'MÁ5258'),
(6290, 7, 101, 'MA9739'),
(6291, 7, 101, 'OP9186'),
(6292, 7, 101, 'OR5469'),
(6293, 7, 101, 'PV2487'),
(6294, 7, 116, 'AV2194'),
(6295, 7, 116, 'AV9782'),
(6296, 7, 116, 'CF7283'),
(6297, 7, 116, 'CR3815'),
(6298, 7, 116, 'DA6344'),
(6299, 7, 116, 'DC7557'),
(6300, 7, 116, 'DV6321'),
(6301, 7, 116, 'EL4666'),
(6302, 7, 116, 'EP9486'),
(6303, 7, 116, 'ER2461'),
(6304, 7, 116, 'FM6585'),
(6305, 8, 116, 'FR8934'),
(6306, 8, 116, 'FT1489'),
(6307, 8, 116, 'FV5729'),
(6308, 8, 116, 'GM3695'),
(6309, 8, 116, 'JL5461'),
(6310, 8, 116, 'JM4873'),
(6311, 8, 116, 'JR3327'),
(6312, 8, 116, 'KL8952'),
(6313, 8, 116, 'LA2352'),
(6314, 8, 116, 'LS1267'),
(6315, 8, 116, 'MÁ5258'),
(6316, 8, 116, 'MA9739'),
(6317, 8, 116, 'OP9186'),
(6318, 8, 116, 'OR5469'),
(6319, 8, 116, 'PV2487'),
(6320, 8, 143, 'AV2194'),
(6321, 8, 143, 'AV9782'),
(6322, 8, 143, 'CF7283'),
(6323, 8, 143, 'CR3815'),
(6324, 8, 143, 'DA6344'),
(6325, 8, 143, 'DC7557'),
(6326, 8, 143, 'DV6321'),
(6327, 8, 143, 'EL4666'),
(6328, 8, 143, 'EP9486'),
(6329, 8, 143, 'ER2461'),
(6330, 8, 143, 'FM6585'),
(6331, 8, 143, 'FR8934'),
(6332, 8, 143, 'FT1489'),
(6333, 8, 143, 'FV5729'),
(6334, 8, 143, 'GM3695'),
(6335, 8, 143, 'JL5461'),
(6336, 8, 143, 'JM4873'),
(6337, 8, 143, 'JR3327'),
(6338, 8, 143, 'KL8952'),
(6339, 8, 143, 'LA2352'),
(6340, 8, 143, 'LS1267'),
(6341, 8, 143, 'MÁ5258'),
(6342, 8, 143, 'MA9739'),
(6343, 8, 143, 'OP9186'),
(6344, 7, 143, 'OR5469'),
(6345, 8, 143, 'PV2487'),
(6346, 8, 101, 'AJ3557'),
(6347, 8, 101, 'AL1951'),
(6348, 8, 101, 'AT5162'),
(6349, 8, 101, 'AV5191'),
(6350, 8, 101, 'BL2957'),
(6351, 8, 101, 'BO2759'),
(6352, 8, 101, 'DR7596'),
(6353, 8, 101, 'DR8694'),
(6354, 8, 101, 'EM8842'),
(6355, 8, 101, 'GM2229'),
(6356, 8, 101, 'GV2633'),
(6357, 8, 101, 'IB1332'),
(6358, 8, 101, 'IP9558'),
(6359, 8, 101, 'JÁ7773'),
(6360, 8, 101, 'JB7154'),
(6361, 8, 101, 'JC8281'),
(6362, 8, 101, 'JG8863'),
(6363, 8, 101, 'JP6494'),
(6364, 8, 101, 'JQ9587'),
(6365, 8, 101, 'KO6831'),
(6366, 8, 101, 'LC8432'),
(6367, 8, 101, 'LQ3145'),
(6368, 8, 101, 'MF1821'),
(6369, 8, 101, 'MN2956'),
(6370, 8, 101, 'MQ5455'),
(6371, 8, 101, 'MR3799'),
(6372, 9, 116, 'AJ3557'),
(6373, 9, 116, 'AL1951'),
(6374, 9, 116, 'AT5162'),
(6375, 9, 116, 'AV5191'),
(6376, 9, 116, 'BL2957'),
(6377, 9, 116, 'BO2759'),
(6378, 9, 116, 'DR7596'),
(6379, 9, 116, 'DR8694'),
(6380, 9, 116, 'EM8842'),
(6381, 9, 116, 'GM2229'),
(6382, 9, 116, 'GV2633'),
(6383, 9, 116, 'IB1332'),
(6384, 9, 116, 'IP9558'),
(6385, 9, 116, 'JÁ7773'),
(6386, 9, 116, 'JB7154'),
(6387, 9, 116, 'JC8281'),
(6388, 9, 116, 'JG8863'),
(6389, 9, 116, 'JP6494'),
(6390, 9, 116, 'JQ9587'),
(6391, 9, 116, 'KO6831'),
(6392, 9, 116, 'LC8432'),
(6393, 9, 116, 'LQ3145'),
(6394, 9, 116, 'MF1821'),
(6395, 9, 116, 'MN2956'),
(6396, 9, 116, 'MQ5455'),
(6397, 9, 116, 'MR3799'),
(6398, 7, 143, 'AJ3557'),
(6399, 7, 143, 'AL1951'),
(6400, 7, 143, 'AT5162'),
(6401, 7, 143, 'AV5191'),
(6402, 7, 143, 'BL2957'),
(6403, 7, 143, 'BO2759'),
(6404, 7, 143, 'DR7596'),
(6405, 7, 143, 'DR8694'),
(6406, 7, 143, 'EM8842'),
(6407, 7, 143, 'GM2229'),
(6408, 7, 143, 'GV2633'),
(6409, 7, 143, 'IB1332'),
(6410, 7, 143, 'IP9558'),
(6411, 7, 143, 'JÁ7773'),
(6412, 7, 143, 'JB7154'),
(6413, 7, 143, 'JC8281'),
(6414, 7, 143, 'JG8863'),
(6415, 7, 143, 'JP6494'),
(6416, 7, 143, 'JQ9587'),
(6417, 7, 143, 'KO6831'),
(6418, 7, 143, 'LC8432'),
(6419, 7, 143, 'LQ3145'),
(6420, 7, 143, 'MF1821'),
(6421, 7, 143, 'MN2956'),
(6422, 7, 143, 'MQ5455'),
(6423, 7, 143, 'MR3799'),
(6424, 7, 106, 'AS1983'),
(6425, 7, 106, 'BS9588'),
(6426, 7, 106, 'DB4645'),
(6427, 7, 106, 'ER8335'),
(6428, 7, 106, 'FT9543'),
(6429, 7, 106, 'GG5559'),
(6430, 7, 106, 'IA3668'),
(6431, 7, 106, 'JA6681'),
(6432, 7, 106, 'JL7274'),
(6433, 7, 106, 'KÁ4733'),
(6434, 7, 106, 'LM5852'),
(6435, 7, 106, 'LR3335'),
(6436, 7, 106, 'MD4436'),
(6437, 7, 106, 'MM4921'),
(6438, 7, 106, 'MR6891'),
(6439, 7, 106, 'MS8242'),
(6440, 8, 111, 'AS1983'),
(6441, 8, 111, 'BS9588'),
(6442, 8, 111, 'DB4645'),
(6443, 8, 111, 'ER8335'),
(6444, 8, 111, 'FT9543'),
(6445, 8, 111, 'GG5559'),
(6446, 8, 111, 'IA3668'),
(6447, 8, 111, 'JA6681'),
(6448, 8, 111, 'JL7274'),
(6449, 8, 111, 'KÁ4733'),
(6450, 8, 111, 'LM5852'),
(6451, 8, 111, 'LR3335'),
(6452, 8, 111, 'MD4436'),
(6453, 8, 111, 'MM4921'),
(6454, 8, 111, 'MR6891'),
(6455, 8, 111, 'MS8242'),
(6456, 8, 138, 'AS1983'),
(6457, 8, 138, 'BS9588'),
(6458, 8, 138, 'DB4645'),
(6459, 8, 138, 'ER8335'),
(6460, 8, 138, 'FT9543'),
(6461, 8, 138, 'GG5559'),
(6462, 9, 138, 'IA3668'),
(6463, 9, 138, 'JA6681'),
(6464, 9, 138, 'JL7274'),
(6465, 9, 138, 'KÁ4733'),
(6466, 9, 138, 'LM5852'),
(6467, 9, 138, 'LR3335'),
(6468, 9, 138, 'MD4436'),
(6469, 9, 138, 'MM4921'),
(6470, 9, 138, 'MR6891'),
(6471, 9, 138, 'MS8242'),
(6472, 8, 106, 'AG5462'),
(6473, 8, 106, 'AP7669'),
(6474, 8, 106, 'BR9523'),
(6475, 8, 106, 'CC2413'),
(6476, 8, 106, 'DV2282'),
(6477, 8, 106, 'ES3336'),
(6478, 8, 106, 'GM2599'),
(6479, 8, 106, 'GR7387'),
(6480, 8, 106, 'IP4186'),
(6481, 8, 106, 'JF6817'),
(6482, 8, 106, 'JO5431'),
(6483, 8, 106, 'JR8381'),
(6484, 8, 106, 'JV9236'),
(6485, 8, 106, 'KM6618'),
(6486, 8, 106, 'LC4825'),
(6487, 8.03, 106, 'LM7791'),
(6488, 8, 106, 'LO5959'),
(6489, 8, 106, 'MA9567'),
(6490, 8, 106, 'MD9555'),
(6491, 8, 106, 'MM4716');
INSERT INTO `grade` (`idGrade`, `grade`, `idProfile`, `idStudent`) VALUES
(6492, 8, 106, 'NR2346'),
(6493, 8, 106, 'PC6556'),
(6494, 8, 106, 'PG4466'),
(6495, 8, 106, 'RA5176'),
(6496, 8, 106, 'RV4421'),
(6497, 8, 106, 'RV5182'),
(6498, 9, 111, 'AG5462'),
(6499, 9, 111, 'AP7669'),
(6500, 9, 111, 'BR9523'),
(6501, 9, 111, 'CC2413'),
(6502, 9, 111, 'DV2282'),
(6503, 9, 111, 'ES3336'),
(6504, 9, 111, 'GM2599'),
(6505, 9, 111, 'GR7387'),
(6506, 9, 111, 'IP4186'),
(6507, 9, 111, 'JF6817'),
(6508, 9, 111, 'JO5431'),
(6509, 9, 111, 'JR8381'),
(6510, 9, 111, 'JV9236'),
(6511, 9, 111, 'KM6618'),
(6512, 9, 111, 'LC4825'),
(6513, 9, 111, 'LM7791'),
(6514, 9, 111, 'LO5959'),
(6515, 9, 111, 'MA9567'),
(6516, 9, 111, 'MD9555'),
(6517, 9, 111, 'MM4716'),
(6518, 9, 111, 'NR2346'),
(6519, 9, 111, 'PC6556'),
(6520, 9, 111, 'PG4466'),
(6521, 9, 111, 'RA5176'),
(6522, 9, 111, 'RV4421'),
(6523, 9, 111, 'RV5182'),
(6524, 7, 138, 'AG5462'),
(6525, 7, 138, 'AP7669'),
(6526, 7, 138, 'BR9523'),
(6527, 7, 138, 'CC2413'),
(6528, 7, 138, 'DV2282'),
(6529, 7, 138, 'ES3336'),
(6530, 7, 138, 'GM2599'),
(6531, 7, 138, 'GR7387'),
(6532, 7, 138, 'IP4186'),
(6533, 7, 138, 'JF6817'),
(6534, 7, 138, 'JO5431'),
(6535, 7, 138, 'JR8381'),
(6536, 7, 138, 'JV9236'),
(6537, 7, 138, 'KM6618'),
(6538, 7, 138, 'LC4825'),
(6539, 7, 138, 'LM7791'),
(6540, 7, 138, 'LO5959'),
(6541, 7, 138, 'MA9567'),
(6542, 7, 138, 'MD9555'),
(6543, 7, 138, 'MM4716'),
(6544, 7, 138, 'NR2346'),
(6545, 7, 138, 'PC6556'),
(6546, 7, 138, 'PG4466'),
(6547, 7, 138, 'RA5176'),
(6548, 7, 138, 'RV4421'),
(6549, 7, 138, 'RV5182'),
(6550, 7, 106, 'AC8372'),
(6551, 7, 106, 'ÁT4399'),
(6552, 7, 106, 'BC3517'),
(6553, 7, 106, 'BG9639'),
(6554, 7, 106, 'CG3314'),
(6555, 7, 106, 'CG8874'),
(6556, 7, 106, 'EF1291'),
(6557, 7, 106, 'ER1325'),
(6558, 7, 106, 'FL3514'),
(6559, 7, 106, 'FP2126'),
(6560, 7, 106, 'GF9739'),
(6561, 7, 106, 'IP1554'),
(6562, 7, 106, 'IV6296'),
(6563, 7, 106, 'IV9459'),
(6564, 7, 106, 'JC1912'),
(6565, 7, 106, 'JJ8389'),
(6566, 7, 106, 'JM9226'),
(6567, 7, 106, 'LP9455'),
(6568, 7, 106, 'MC4456'),
(6569, 7, 106, 'MO3283'),
(6570, 7, 106, 'MS4199'),
(6571, 8, 111, 'AC8372'),
(6572, 8, 111, 'ÁT4399'),
(6573, 8, 111, 'BC3517'),
(6574, 8, 111, 'BG9639'),
(6575, 8, 111, 'CG3314'),
(6576, 8, 111, 'CG8874'),
(6577, 8, 111, 'EF1291'),
(6578, 8, 111, 'ER1325'),
(6579, 8, 111, 'FL3514'),
(6580, 8, 111, 'FP2126'),
(6581, 8, 111, 'GF9739'),
(6582, 8, 111, 'IP1554'),
(6583, 8, 111, 'IV6296'),
(6584, 8, 111, 'IV9459'),
(6585, 8, 111, 'JC1912'),
(6586, 8, 111, 'JJ8389'),
(6587, 8, 111, 'JM9226'),
(6588, 8, 111, 'LP9455'),
(6589, 8, 111, 'MC4456'),
(6590, 8, 111, 'MO3283'),
(6591, 8, 111, 'MS4199'),
(6592, 8, 138, 'AC8372'),
(6593, 8, 138, 'ÁT4399'),
(6594, 8, 138, 'BC3517'),
(6595, 8, 138, 'BG9639'),
(6596, 8, 138, 'CG3314'),
(6597, 8, 138, 'CG8874'),
(6598, 8, 138, 'EF1291'),
(6599, 9, 138, 'ER1325'),
(6600, 9, 138, 'FL3514'),
(6601, 9, 138, 'FP2126'),
(6602, 9, 138, 'GF9739'),
(6603, 9, 138, 'IP1554'),
(6604, 9, 138, 'IV6296'),
(6605, 9, 138, 'IV9459'),
(6606, 9, 138, 'JC1912'),
(6607, 9, 138, 'JJ8389'),
(6608, 9, 138, 'JM9226'),
(6609, 9, 138, 'LP9455'),
(6610, 9, 138, 'MC4456'),
(6611, 9, 138, 'MO3283'),
(6612, 9, 138, 'MS4199'),
(6613, 7, 105, 'AC9757'),
(6614, 7, 105, 'AF6686'),
(6615, 7, 105, 'AV1432'),
(6616, 7, 105, 'BN8146'),
(6617, 7, 105, 'CG6284'),
(6618, 7, 105, 'CM1768'),
(6619, 7, 105, 'CP2577'),
(6620, 7, 105, 'CV1817'),
(6621, 7, 105, 'EF2321'),
(6622, 7, 105, 'FN9269'),
(6623, 7, 105, 'IP9464'),
(6624, 7, 105, 'JÁ1787'),
(6625, 7, 105, 'JA6979'),
(6626, 7, 105, 'JF6956'),
(6627, 7, 105, 'JF9166'),
(6628, 7, 105, 'JM6166'),
(6629, 7, 105, 'JP1338'),
(6630, 7, 105, 'JP9542'),
(6631, 7, 105, 'JS1631'),
(6632, 7, 105, 'JS5228'),
(6633, 7, 105, 'LG3866'),
(6634, 8, 112, 'AC9757'),
(6635, 8, 112, 'AF6686'),
(6636, 8, 112, 'AV1432'),
(6637, 8, 112, 'BN8146'),
(6638, 8, 112, 'CG6284'),
(6639, 8, 112, 'CM1768'),
(6640, 8, 112, 'CP2577'),
(6641, 8, 112, 'CV1817'),
(6642, 8, 112, 'EF2321'),
(6643, 8, 112, 'FN9269'),
(6644, 8, 112, 'IP9464'),
(6645, 8, 112, 'JÁ1787'),
(6646, 8, 112, 'JA6979'),
(6647, 8, 112, 'JF6956'),
(6648, 8, 112, 'JF9166'),
(6649, 8, 112, 'JM6166'),
(6650, 8, 112, 'JP1338'),
(6651, 8, 112, 'JP9542'),
(6652, 8, 112, 'JS1631'),
(6653, 8, 112, 'JS5228'),
(6654, 8, 112, 'LG3866'),
(6655, 8, 139, 'AC9757'),
(6656, 8, 139, 'AF6686'),
(6657, 8, 139, 'AV1432'),
(6658, 8, 139, 'BN8146'),
(6659, 8, 139, 'CG6284'),
(6660, 8, 139, 'CM1768'),
(6661, 8, 139, 'CP2577'),
(6662, 9, 139, 'CV1817'),
(6663, 9, 139, 'EF2321'),
(6664, 9, 139, 'FN9269'),
(6665, 9, 139, 'IP9464'),
(6666, 9, 139, 'JÁ1787'),
(6667, 9, 139, 'JA6979'),
(6668, 9, 139, 'JF6956'),
(6669, 9, 139, 'JF9166'),
(6670, 9, 139, 'JM6166'),
(6671, 9, 139, 'JP1338'),
(6672, 9, 139, 'JP9542'),
(6673, 9, 139, 'JS1631'),
(6674, 9, 139, 'JS5228'),
(6675, 9, 139, 'LG3866'),
(6676, 9, 105, 'AV2194'),
(6677, 9, 105, 'AV9782'),
(6678, 9, 105, 'CF7283'),
(6679, 9, 105, 'CR3815'),
(6680, 9, 105, 'DA6344'),
(6681, 9, 105, 'DC7557'),
(6682, 9, 105, 'DV6321'),
(6683, 9, 105, 'EL4666'),
(6684, 9, 105, 'EP9486'),
(6685, 9, 105, 'ER2461'),
(6686, 9, 105, 'FM6585'),
(6687, 9, 105, 'FR8934'),
(6688, 9, 105, 'FT1489'),
(6689, 9, 105, 'FV5729'),
(6690, 9, 105, 'GM3695'),
(6691, 9, 105, 'JL5461'),
(6692, 9, 105, 'JM4873'),
(6693, 9, 105, 'JR3327'),
(6694, 9, 105, 'KL8952'),
(6695, 9, 105, 'LA2352'),
(6696, 9, 105, 'LS1267'),
(6697, 9, 105, 'MÁ5258'),
(6698, 9, 105, 'MA9739'),
(6699, 9, 105, 'OP9186'),
(6700, 9, 105, 'OR5469'),
(6701, 9, 105, 'PV2487'),
(6702, 7, 112, 'AV2194'),
(6703, 7, 112, 'AV9782'),
(6704, 7, 112, 'CF7283'),
(6705, 7, 112, 'CR3815'),
(6706, 7, 112, 'DA6344'),
(6707, 7, 112, 'DC7557'),
(6708, 7, 112, 'DV6321'),
(6709, 7, 112, 'EL4666'),
(6710, 7, 112, 'EP9486'),
(6711, 7, 112, 'ER2461'),
(6712, 7, 112, 'FM6585'),
(6713, 7, 112, 'FR8934'),
(6714, 7, 112, 'FT1489'),
(6715, 7, 112, 'FV5729'),
(6716, 7, 112, 'GM3695'),
(6717, 7, 112, 'JL5461'),
(6718, 7, 112, 'JM4873'),
(6719, 7, 112, 'JR3327'),
(6720, 7, 112, 'KL8952'),
(6721, 7, 112, 'LA2352'),
(6722, 7, 112, 'LS1267'),
(6723, 7, 112, 'MÁ5258'),
(6724, 7, 112, 'MA9739'),
(6725, 7, 112, 'OP9186'),
(6726, 7, 112, 'OR5469'),
(6727, 7, 112, 'PV2487'),
(6728, 8, 139, 'AV2194'),
(6729, 8, 139, 'AV9782'),
(6730, 8, 139, 'CF7283'),
(6731, 8, 139, 'CR3815'),
(6732, 8, 139, 'DA6344'),
(6733, 8, 139, 'DC7557'),
(6734, 8, 139, 'DV6321'),
(6735, 8, 139, 'EL4666'),
(6736, 8, 139, 'EP9486'),
(6737, 8, 139, 'ER2461'),
(6738, 8, 139, 'FM6585'),
(6739, 8, 139, 'FR8934'),
(6740, 8, 139, 'FT1489'),
(6741, 8, 139, 'FV5729'),
(6742, 8, 139, 'GM3695'),
(6743, 8, 139, 'JL5461'),
(6744, 8, 139, 'JM4873'),
(6745, 8, 139, 'JR3327'),
(6746, 8, 139, 'KL8952'),
(6747, 8, 139, 'LA2352'),
(6748, 8, 139, 'LS1267'),
(6749, 8, 139, 'MÁ5258'),
(6750, 8, 139, 'MA9739'),
(6751, 8, 139, 'OP9186'),
(6752, 8, 139, 'OR5469'),
(6753, 8, 139, 'PV2487'),
(6754, 7, 105, 'AJ3557'),
(6755, 7, 105, 'AL1951'),
(6756, 7, 105, 'AT5162'),
(6757, 7, 105, 'AV5191'),
(6758, 7, 105, 'BL2957'),
(6759, 7, 105, 'BO2759'),
(6760, 7, 105, 'DR7596'),
(6761, 7, 105, 'DR8694'),
(6762, 7, 105, 'EM8842'),
(6763, 7, 105, 'GM2229'),
(6764, 7, 105, 'GV2633'),
(6765, 7, 105, 'IB1332'),
(6766, 7, 105, 'IP9558'),
(6767, 7, 105, 'JÁ7773'),
(6768, 7, 105, 'JB7154'),
(6769, 7, 105, 'JC8281'),
(6770, 7, 105, 'JG8863'),
(6771, 7, 105, 'JP6494'),
(6772, 7, 105, 'JQ9587'),
(6773, 7, 105, 'KO6831'),
(6774, 7, 105, 'LC8432'),
(6775, 7, 105, 'LQ3145'),
(6776, 7, 105, 'MF1821'),
(6777, 7, 105, 'MN2956'),
(6778, 7, 105, 'MQ5455'),
(6779, 7, 105, 'MR3799'),
(6780, 8, 112, 'AJ3557'),
(6781, 8, 112, 'AL1951'),
(6782, 8, 112, 'AT5162'),
(6783, 8, 112, 'AV5191'),
(6784, 8, 112, 'BL2957'),
(6785, 8, 112, 'BO2759'),
(6786, 8, 112, 'DR7596'),
(6787, 8, 112, 'DR8694'),
(6788, 8, 112, 'EM8842'),
(6789, 8, 112, 'GM2229'),
(6790, 8, 112, 'GV2633'),
(6791, 8, 112, 'IB1332'),
(6792, 8, 112, 'IP9558'),
(6793, 8, 112, 'JÁ7773'),
(6794, 8, 112, 'JB7154'),
(6795, 8, 112, 'JC8281'),
(6796, 8, 112, 'JG8863'),
(6797, 8, 112, 'JP6494'),
(6798, 8, 112, 'JQ9587'),
(6799, 8, 112, 'KO6831'),
(6800, 8, 112, 'LC8432'),
(6801, 8, 112, 'LQ3145'),
(6802, 8, 112, 'MF1821'),
(6803, 8, 112, 'MN2956'),
(6804, 8, 112, 'MQ5455'),
(6805, 8, 112, 'MR3799'),
(6806, 7, 139, 'AJ3557'),
(6807, 7, 139, 'AL1951'),
(6808, 7, 139, 'AT5162'),
(6809, 7, 139, 'AV5191'),
(6810, 7, 139, 'BL2957'),
(6811, 7, 139, 'BO2759'),
(6812, 7, 139, 'DR7596'),
(6813, 7, 139, 'DR8694'),
(6814, 9, 139, 'EM8842'),
(6815, 9, 139, 'GM2229'),
(6816, 9, 139, 'GV2633'),
(6817, 9, 139, 'IB1332'),
(6818, 9, 139, 'IP9558'),
(6819, 9, 139, 'JÁ7773'),
(6820, 9, 139, 'JB7154'),
(6821, 9, 139, 'JC8281'),
(6822, 9, 139, 'JG8863'),
(6823, 9, 139, 'JP6494'),
(6824, 9, 139, 'JQ9587'),
(6825, 9, 139, 'KO6831'),
(6826, 9, 139, 'LC8432'),
(6827, 9, 139, 'LQ3145'),
(6828, 9, 139, 'MF1821'),
(6829, 9, 139, 'MN2956'),
(6830, 9, 139, 'MQ5455'),
(6831, 9, 139, 'MR3799'),
(6832, 7, 88, 'AC4113'),
(6833, 7, 88, 'AM3292'),
(6834, 7, 88, 'AR6454'),
(6835, 7, 88, 'AT6834'),
(6836, 7, 88, 'CG7763'),
(6837, 7, 88, 'CM6312'),
(6838, 7, 88, 'DC2479'),
(6839, 7, 88, 'EJ7742'),
(6840, 7, 88, 'ER4698'),
(6841, 7, 88, 'FD6561'),
(6842, 7, 88, 'GÁ5585'),
(6843, 7, 88, 'IH1539'),
(6844, 7, 88, 'IH4598'),
(6845, 7, 88, 'IJ1129'),
(6846, 7, 88, 'IM4233'),
(6847, 7, 88, 'JF4522'),
(6848, 7, 88, 'JJ5873'),
(6849, 7, 88, 'JM3769'),
(6850, 7, 88, 'JR7753'),
(6851, 7, 88, 'JS9711'),
(6852, 7, 88, 'JV1362'),
(6853, 7, 88, 'LB9832'),
(6854, 7, 88, 'MA1436'),
(6855, 7, 88, 'MF8216'),
(6856, 7, 88, 'MS5346'),
(6857, 7, 88, 'MV1492'),
(6858, 8, 129, 'AC4113'),
(6859, 8, 129, 'AM3292'),
(6860, 8, 129, 'AR6454'),
(6861, 8, 129, 'AT6834'),
(6862, 8, 129, 'CG7763'),
(6863, 8, 129, 'CM6312'),
(6864, 8, 129, 'DC2479'),
(6865, 8, 129, 'EJ7742'),
(6866, 8, 129, 'ER4698'),
(6867, 8, 129, 'FD6561'),
(6868, 8, 129, 'GÁ5585'),
(6869, 8, 129, 'IH1539'),
(6870, 8, 129, 'IH4598'),
(6871, 8, 129, 'IJ1129'),
(6872, 8, 129, 'IM4233'),
(6873, 8, 129, 'JF4522'),
(6874, 8, 129, 'JJ5873'),
(6875, 8, 129, 'JM3769'),
(6876, 8, 129, 'JR7753'),
(6877, 8, 129, 'JS9711'),
(6878, 8, 129, 'JV1362'),
(6879, 8, 129, 'LB9832'),
(6880, 8, 129, 'MA1436'),
(6881, 8, 129, 'MF8216'),
(6882, 8, 129, 'MS5346'),
(6883, 8, 129, 'MV1492'),
(6884, 9, 156, 'AC4113'),
(6885, 9, 156, 'AM3292'),
(6886, 9, 156, 'AR6454'),
(6887, 9, 156, 'AT6834'),
(6888, 9, 156, 'CG7763'),
(6889, 9, 156, 'CM6312'),
(6890, 9, 156, 'DC2479'),
(6891, 9, 156, 'EJ7742'),
(6892, 9, 156, 'ER4698'),
(6893, 9, 156, 'FD6561'),
(6894, 9, 156, 'GÁ5585'),
(6895, 9, 156, 'IH1539'),
(6896, 9, 156, 'IH4598'),
(6897, 9, 156, 'IJ1129'),
(6898, 9, 156, 'IM4233'),
(6899, 9.02, 156, 'JF4522'),
(6900, 9, 156, 'JJ5873'),
(6901, 9, 156, 'JM3769'),
(6902, 9, 156, 'JR7753'),
(6903, 9, 156, 'JS9711'),
(6904, 9, 156, 'JV1362'),
(6905, 9, 156, 'LB9832'),
(6906, 9, 156, 'MA1436'),
(6907, 9, 156, 'MF8216'),
(6908, 9, 156, 'MS5346'),
(6909, 9, 156, 'MV1492'),
(6910, 7, 100, 'AS1983'),
(6911, 7, 100, 'BS9588'),
(6912, 7, 100, 'DB4645'),
(6913, 7, 100, 'ER8335'),
(6914, 7, 100, 'FT9543'),
(6915, 7, 100, 'GG5559'),
(6916, 7, 100, 'IA3668'),
(6917, 7, 100, 'JA6681'),
(6918, 7, 100, 'JL7274'),
(6919, 7, 100, 'KÁ4733'),
(6920, 7, 100, 'LM5852'),
(6921, 7, 100, 'LR3335'),
(6922, 7, 100, 'MD4436'),
(6923, 7, 100, 'MM4921'),
(6924, 7, 100, 'MR6891'),
(6925, 7, 100, 'MS8242'),
(6926, 8, 117, 'AS1983'),
(6927, 8, 117, 'BS9588'),
(6928, 8, 117, 'DB4645'),
(6929, 8, 117, 'ER8335'),
(6930, 8, 117, 'FT9543'),
(6931, 8, 117, 'GG5559'),
(6932, 8, 117, 'IA3668'),
(6933, 8, 117, 'JA6681'),
(6934, 8, 117, 'JL7274'),
(6935, 8, 117, 'KÁ4733'),
(6936, 8, 117, 'LM5852'),
(6937, 8, 117, 'LR3335'),
(6938, 8, 117, 'MD4436'),
(6939, 8, 117, 'MM4921'),
(6940, 8, 117, 'MR6891'),
(6941, 8, 117, 'MS8242'),
(6942, 9, 144, 'AS1983'),
(6943, 9, 144, 'BS9588'),
(6944, 9, 144, 'DB4645'),
(6945, 9, 144, 'ER8335'),
(6946, 9, 144, 'FT9543'),
(6947, 8.99, 144, 'GG5559'),
(6948, 9, 144, 'IA3668'),
(6949, 9, 144, 'JA6681'),
(6950, 9, 144, 'JL7274'),
(6951, 9, 144, 'KÁ4733'),
(6952, 9, 144, 'LM5852'),
(6953, 9, 144, 'LR3335'),
(6954, 9, 144, 'MD4436'),
(6955, 9, 144, 'MM4921'),
(6956, 9, 144, 'MR6891'),
(6957, 9, 144, 'MS8242'),
(6958, 7, 99, 'AC9757'),
(6959, 7, 99, 'AF6686'),
(6960, 7, 99, 'AV1432'),
(6961, 7, 99, 'BN8146'),
(6962, 7, 99, 'CG6284'),
(6963, 7, 99, 'CM1768'),
(6964, 7, 99, 'CP2577'),
(6965, 7, 99, 'CV1817'),
(6966, 7, 99, 'EF2321'),
(6967, 7, 99, 'FN9269'),
(6968, 7, 99, 'IP9464'),
(6969, 7, 99, 'JÁ1787'),
(6970, 7, 99, 'JA6979'),
(6971, 7, 99, 'JF6956'),
(6972, 7, 99, 'JF9166'),
(6973, 7, 99, 'JM6166'),
(6974, 7, 99, 'JP1338'),
(6975, 7, 99, 'JP9542'),
(6976, 7, 99, 'JS1631'),
(6977, 7, 99, 'JS5228'),
(6978, 7, 99, 'LG3866'),
(6979, 8, 118, 'AC9757'),
(6980, 8, 118, 'AF6686'),
(6981, 8, 118, 'AV1432'),
(6982, 8, 118, 'BN8146'),
(6983, 8, 118, 'CG6284'),
(6984, 8, 118, 'CM1768'),
(6985, 8, 118, 'CP2577'),
(6986, 8, 118, 'CV1817'),
(6987, 8, 118, 'EF2321'),
(6988, 8, 118, 'FN9269'),
(6989, 8, 118, 'IP9464'),
(6990, 8, 118, 'JÁ1787'),
(6991, 8, 118, 'JA6979'),
(6992, 8, 118, 'JF6956'),
(6993, 8, 118, 'JF9166'),
(6994, 8, 118, 'JM6166'),
(6995, 8, 118, 'JP1338'),
(6996, 8, 118, 'JP9542'),
(6997, 8, 118, 'JS1631'),
(6998, 8, 118, 'JS5228'),
(6999, 8, 118, 'LG3866'),
(7000, 9, 145, 'AC9757'),
(7001, 9, 145, 'AF6686'),
(7002, 9, 145, 'AV1432'),
(7003, 9, 145, 'BN8146'),
(7004, 9, 145, 'CG6284'),
(7005, 9, 145, 'CM1768'),
(7006, 9, 145, 'CP2577'),
(7007, 9, 145, 'CV1817'),
(7008, 9, 145, 'EF2321'),
(7009, 9, 145, 'FN9269'),
(7010, 9, 145, 'IP9464'),
(7011, 9, 145, 'JÁ1787'),
(7012, 9, 145, 'JA6979'),
(7013, 9, 145, 'JF6956'),
(7014, 9, 145, 'JF9166'),
(7015, 9, 145, 'JM6166'),
(7016, 9, 145, 'JP1338'),
(7017, 9, 145, 'JP9542'),
(7018, 9, 145, 'JS1631'),
(7019, 9, 145, 'JS5228'),
(7020, 9, 145, 'LG3866'),
(7021, 7, 97, 'AS1983'),
(7022, 7, 97, 'BS9588'),
(7023, 7, 97, 'DB4645'),
(7024, 7, 97, 'ER8335'),
(7025, 7, 97, 'FT9543'),
(7026, 7, 97, 'GG5559'),
(7027, 7, 97, 'IA3668'),
(7028, 7, 97, 'JA6681'),
(7029, 7, 97, 'JL7274'),
(7030, 7, 97, 'KÁ4733'),
(7031, 7, 97, 'LM5852'),
(7032, 7, 97, 'LR3335'),
(7033, 7, 97, 'MD4436'),
(7034, 7, 97, 'MM4921'),
(7035, 7, 97, 'MR6891'),
(7036, 7, 97, 'MS8242'),
(7037, 8, 120, 'AS1983'),
(7038, 8, 120, 'BS9588'),
(7039, 8, 120, 'DB4645'),
(7040, 8, 120, 'ER8335'),
(7041, 8, 120, 'FT9543'),
(7042, 8, 120, 'GG5559'),
(7043, 8, 120, 'IA3668'),
(7044, 8, 120, 'JA6681'),
(7045, 8, 120, 'JL7274'),
(7046, 8, 120, 'KÁ4733'),
(7047, 8, 120, 'LM5852'),
(7048, 8, 120, 'LR3335'),
(7049, 8, 120, 'MD4436'),
(7050, 8, 120, 'MM4921'),
(7051, 8, 120, 'MR6891'),
(7052, 8, 120, 'MS8242'),
(7053, 8, 147, 'AS1983'),
(7054, 8, 147, 'BS9588'),
(7055, 8, 147, 'DB4645'),
(7056, 8, 147, 'ER8335'),
(7057, 8, 147, 'FT9543'),
(7058, 8, 147, 'GG5559'),
(7059, 8, 147, 'IA3668'),
(7060, 8, 147, 'JA6681'),
(7061, 8, 147, 'JL7274'),
(7062, 8, 147, 'KÁ4733'),
(7063, 8, 147, 'LM5852'),
(7064, 8, 147, 'LR3335'),
(7065, 8, 147, 'MD4436'),
(7066, 8, 147, 'MM4921'),
(7067, 8, 147, 'MR6891'),
(7068, 8, 147, 'MS8242'),
(7069, 7, 97, 'AC5563'),
(7070, 7, 97, 'AM1638'),
(7071, 7, 97, 'ÁN9224'),
(7072, 7, 97, 'ÁR5923'),
(7073, 7, 97, 'AR7259'),
(7074, 7, 97, 'CL9634'),
(7075, 7, 97, 'DJ1737'),
(7076, 7, 97, 'DR7348'),
(7077, 7, 97, 'DV9275'),
(7078, 7, 97, 'EA4795'),
(7079, 7, 97, 'EP4352'),
(7080, 7, 97, 'ES9328'),
(7081, 7, 97, 'FC1423'),
(7082, 7, 97, 'GG3259'),
(7083, 7, 97, 'HP7681'),
(7084, 7, 97, 'JA2924'),
(7085, 7, 97, 'JA3561'),
(7086, 7, 97, 'JG7323'),
(7087, 7, 97, 'JG8296'),
(7088, 7, 97, 'JM7153'),
(7089, 7, 97, 'JQ8827'),
(7090, 7, 97, 'JR2253'),
(7091, 7, 97, 'JS1311'),
(7092, 7, 97, 'JT3175'),
(7093, 7, 97, 'LP3696'),
(7094, 7, 97, 'LP6885'),
(7095, 7, 97, 'MC8646'),
(7096, 7, 97, 'ML9342'),
(7097, 7, 97, 'RG8592'),
(7098, 7, 97, 'RS9179'),
(7099, 7, 97, 'SC6342'),
(7100, 8, 120, 'AC5563'),
(7101, 8, 120, 'AM1638'),
(7102, 8, 120, 'ÁN9224'),
(7103, 8, 120, 'ÁR5923'),
(7104, 8, 120, 'AR7259'),
(7105, 8, 120, 'CL9634'),
(7106, 8, 120, 'DJ1737'),
(7107, 8, 120, 'DR7348'),
(7108, 8, 120, 'DV9275'),
(7109, 8, 120, 'EA4795'),
(7110, 8, 120, 'EP4352'),
(7111, 8, 120, 'ES9328'),
(7112, 8, 120, 'FC1423'),
(7113, 8, 120, 'GG3259'),
(7114, 8, 120, 'HP7681'),
(7115, 8, 120, 'JA2924'),
(7116, 8, 120, 'JA3561'),
(7117, 8, 120, 'JG7323'),
(7118, 8, 120, 'JG8296'),
(7119, 8, 120, 'JM7153'),
(7120, 8, 120, 'JQ8827'),
(7121, 8, 120, 'JR2253'),
(7122, 8, 120, 'JS1311'),
(7123, 8, 120, 'JT3175'),
(7124, 8, 120, 'LP3696'),
(7125, 8, 120, 'LP6885'),
(7126, 8, 120, 'MC8646'),
(7127, 8, 120, 'ML9342'),
(7128, 8, 120, 'RG8592'),
(7129, 8, 120, 'RS9179'),
(7130, 8, 120, 'SC6342'),
(7131, 9, 147, 'AC5563'),
(7132, 9, 147, 'AM1638'),
(7133, 9, 147, 'ÁN9224'),
(7134, 9, 147, 'ÁR5923'),
(7135, 9, 147, 'AR7259'),
(7136, 9, 147, 'CL9634'),
(7137, 9, 147, 'DJ1737'),
(7138, 9, 147, 'DR7348'),
(7139, 9, 147, 'DV9275'),
(7140, 9, 147, 'EA4795'),
(7141, 9, 147, 'EP4352'),
(7142, 9, 147, 'ES9328'),
(7143, 9, 147, 'FC1423'),
(7144, 9, 147, 'GG3259'),
(7145, 9, 147, 'HP7681'),
(7146, 9, 147, 'JA2924'),
(7147, 9, 147, 'JA3561'),
(7148, 9, 147, 'JG7323'),
(7149, 9, 147, 'JG8296'),
(7150, 9, 147, 'JM7153'),
(7151, 9, 147, 'JQ8827'),
(7152, 9, 147, 'JR2253'),
(7153, 9, 147, 'JS1311'),
(7154, 9, 147, 'JT3175'),
(7155, 9, 147, 'LP3696'),
(7156, 9, 147, 'LP6885'),
(7157, 9, 147, 'MC8646'),
(7158, 9, 147, 'ML9342'),
(7159, 9, 147, 'RG8592'),
(7160, 9, 147, 'RS9179'),
(7161, 9, 147, 'SC6342'),
(7162, 7, 97, 'AG5462'),
(7163, 7, 97, 'AP7669'),
(7164, 7, 97, 'BR9523'),
(7165, 7, 97, 'CC2413'),
(7166, 7, 97, 'DV2282'),
(7167, 7, 97, 'ES3336'),
(7168, 7, 97, 'GM2599'),
(7169, 7, 97, 'GR7387'),
(7170, 7, 97, 'IP4186'),
(7171, 7, 97, 'JF6817'),
(7172, 7, 97, 'JO5431'),
(7173, 7, 97, 'JR8381'),
(7174, 7, 97, 'JV9236'),
(7175, 7, 97, 'KM6618'),
(7176, 7, 97, 'LC4825'),
(7177, 7, 97, 'LM7791'),
(7178, 7, 97, 'LO5959'),
(7179, 7, 97, 'MA9567'),
(7180, 7, 97, 'MD9555'),
(7181, 7, 97, 'MM4716'),
(7182, 7, 97, 'NR2346'),
(7183, 7, 97, 'PC6556'),
(7184, 7, 97, 'PG4466'),
(7185, 7, 97, 'RA5176'),
(7186, 7, 97, 'RV4421'),
(7187, 7, 97, 'RV5182'),
(7188, 8, 120, 'AG5462'),
(7189, 8, 120, 'AP7669'),
(7190, 8, 120, 'BR9523'),
(7191, 8, 120, 'CC2413'),
(7192, 8, 120, 'DV2282'),
(7193, 8, 120, 'ES3336'),
(7194, 8, 120, 'GM2599'),
(7195, 8, 120, 'GR7387'),
(7196, 8, 120, 'IP4186'),
(7197, 8, 120, 'JF6817'),
(7198, 8, 120, 'JO5431'),
(7199, 8, 120, 'JR8381'),
(7200, 8, 120, 'JV9236'),
(7201, 8, 120, 'KM6618'),
(7202, 8, 120, 'LC4825'),
(7203, 8, 120, 'LM7791'),
(7204, 8, 120, 'LO5959'),
(7205, 8, 120, 'MA9567'),
(7206, 8, 120, 'MD9555'),
(7207, 8, 120, 'MM4716'),
(7208, 8, 120, 'NR2346'),
(7209, 8, 120, 'PC6556'),
(7210, 8, 120, 'PG4466'),
(7211, 8, 120, 'RA5176'),
(7212, 8, 120, 'RV4421'),
(7213, 8, 120, 'RV5182'),
(7214, 9, 147, 'AG5462'),
(7215, 9, 147, 'AP7669'),
(7216, 9, 147, 'BR9523'),
(7217, 9, 147, 'CC2413'),
(7218, 9, 147, 'DV2282'),
(7219, 9, 147, 'ES3336'),
(7220, 9, 147, 'GM2599'),
(7221, 9, 147, 'GR7387'),
(7222, 9, 147, 'IP4186'),
(7223, 9, 147, 'JF6817'),
(7224, 9, 147, 'JO5431'),
(7225, 9, 147, 'JR8381'),
(7226, 9, 147, 'JV9236'),
(7227, 9, 147, 'KM6618'),
(7228, 9, 147, 'LC4825'),
(7229, 9, 147, 'LM7791'),
(7230, 9, 147, 'LO5959'),
(7231, 9, 147, 'MA9567'),
(7232, 9, 147, 'MD9555'),
(7233, 9, 147, 'MM4716'),
(7234, 9, 147, 'NR2346'),
(7235, 9, 147, 'PC6556'),
(7236, 9, 147, 'PG4466'),
(7237, 9, 147, 'RA5176'),
(7238, 9, 147, 'RV4421'),
(7239, 9, 147, 'RV5182'),
(7240, 7, 97, 'AC8372'),
(7241, 7, 97, 'ÁT4399'),
(7242, 7, 97, 'BC3517'),
(7243, 7, 97, 'BG9639'),
(7244, 7, 97, 'CG3314'),
(7245, 7, 97, 'CG8874'),
(7246, 7, 97, 'EF1291'),
(7247, 7, 97, 'ER1325'),
(7248, 7, 97, 'FL3514'),
(7249, 7, 97, 'FP2126'),
(7250, 7, 97, 'GF9739'),
(7251, 7, 97, 'IP1554'),
(7252, 7, 97, 'IV6296'),
(7253, 7, 97, 'IV9459'),
(7254, 7, 97, 'JC1912'),
(7255, 7, 97, 'JJ8389'),
(7256, 7, 97, 'JM9226'),
(7257, 7, 97, 'LP9455'),
(7258, 7, 97, 'MC4456'),
(7259, 7, 97, 'MO3283'),
(7260, 7, 97, 'MS4199'),
(7261, 8, 120, 'AC8372'),
(7262, 8, 120, 'ÁT4399'),
(7263, 8, 120, 'BC3517'),
(7264, 8, 120, 'BG9639'),
(7265, 8, 120, 'CG3314'),
(7266, 8, 120, 'CG8874'),
(7267, 8, 120, 'EF1291'),
(7268, 8, 120, 'ER1325'),
(7269, 8, 120, 'FL3514'),
(7270, 8, 120, 'FP2126'),
(7271, 8, 120, 'GF9739'),
(7272, 8, 120, 'IP1554'),
(7273, 8, 120, 'IV6296'),
(7274, 8, 120, 'IV9459'),
(7275, 8, 120, 'JC1912'),
(7276, 8, 120, 'JJ8389'),
(7277, 8, 120, 'JM9226'),
(7278, 8, 120, 'LP9455'),
(7279, 8, 120, 'MC4456'),
(7280, 7.98, 120, 'MO3283'),
(7281, 8, 120, 'MS4199'),
(7282, 9, 147, 'AC8372'),
(7283, 9, 147, 'ÁT4399'),
(7284, 9, 147, 'BC3517'),
(7285, 9, 147, 'BG9639'),
(7286, 9, 147, 'CG3314'),
(7287, 9, 147, 'CG8874'),
(7288, 9, 147, 'EF1291'),
(7289, 9, 147, 'ER1325'),
(7290, 9, 147, 'FL3514'),
(7291, 9, 147, 'FP2126'),
(7292, 9, 147, 'GF9739'),
(7293, 9, 147, 'IP1554'),
(7294, 9, 147, 'IV6296'),
(7295, 9, 147, 'IV9459'),
(7296, 9, 147, 'JC1912'),
(7297, 9, 147, 'JJ8389'),
(7298, 9, 147, 'JM9226'),
(7299, 9, 147, 'LP9455'),
(7300, 9, 147, 'MC4456'),
(7301, 9, 147, 'MO3283'),
(7302, 9, 147, 'MS4199'),
(7303, 7, 84, 'AG3433'),
(7304, 7, 84, 'AR5325'),
(7305, 7, 84, 'BQ2628'),
(7306, 7, 84, 'CD8339'),
(7307, 7, 84, 'CL7913'),
(7308, 7, 84, 'ER1971'),
(7309, 7, 84, 'ER8677'),
(7310, 7, 84, 'ET6197'),
(7311, 7, 84, 'FB7737'),
(7312, 7, 84, 'GL3842'),
(7313, 7, 84, 'IA8993'),
(7314, 7, 84, 'IQ8729'),
(7315, 7, 84, 'JJ2182'),
(7316, 7, 84, 'JM1958'),
(7317, 7, 84, 'JM2892'),
(7318, 7, 84, 'LR6137'),
(7319, 7, 84, 'MH6433'),
(7320, 7, 84, 'MM4383'),
(7321, 7, 84, 'MP3665'),
(7322, 7, 84, 'NR5288'),
(7323, 7, 84, 'OD7389'),
(7324, 9, 133, 'AG3433'),
(7325, 9, 133, 'AR5325'),
(7326, 9, 133, 'BQ2628'),
(7327, 9, 133, 'CD8339'),
(7328, 9, 133, 'CL7913'),
(7329, 9, 133, 'ER1971'),
(7330, 9, 133, 'ER8677'),
(7331, 9, 133, 'ET6197'),
(7332, 9, 133, 'FB7737'),
(7333, 9, 133, 'GL3842'),
(7334, 9, 133, 'IA8993'),
(7335, 9, 133, 'IQ8729'),
(7336, 9, 133, 'JJ2182'),
(7337, 9, 133, 'JM1958'),
(7338, 9, 133, 'JM2892'),
(7339, 9, 133, 'LR6137'),
(7340, 9, 133, 'MH6433'),
(7341, 9, 133, 'MM4383'),
(7342, 9, 133, 'MP3665'),
(7343, 9, 133, 'NR5288'),
(7344, 9, 133, 'OD7389'),
(7345, 8, 160, 'AG3433'),
(7346, 8, 160, 'AR5325'),
(7347, 8, 160, 'BQ2628'),
(7348, 8, 160, 'CD8339'),
(7349, 8, 160, 'CL7913'),
(7350, 8, 160, 'ER1971'),
(7351, 8, 160, 'ER8677'),
(7352, 8, 160, 'ET6197'),
(7353, 8, 160, 'FB7737'),
(7354, 8, 160, 'GL3842'),
(7355, 8, 160, 'IA8993'),
(7356, 8, 160, 'IQ8729'),
(7357, 8, 160, 'JJ2182'),
(7358, 8, 160, 'JM1958'),
(7359, 8, 160, 'JM2892'),
(7360, 8, 160, 'LR6137'),
(7361, 8, 160, 'MH6433'),
(7362, 8, 160, 'MM4383'),
(7363, 8, 160, 'MP3665'),
(7364, 8, 160, 'NR5288'),
(7365, 8, 160, 'OD7389'),
(7366, 9, 84, 'AC9757'),
(7367, 9, 84, 'AF6686'),
(7368, 9, 84, 'AV1432'),
(7369, 9, 84, 'BN8146'),
(7370, 9, 84, 'CG6284'),
(7371, 9, 84, 'CM1768'),
(7372, 9, 84, 'CP2577'),
(7373, 9, 84, 'CV1817'),
(7374, 9, 84, 'EF2321'),
(7375, 9, 84, 'FN9269'),
(7376, 9, 84, 'IP9464'),
(7377, 9, 84, 'JÁ1787'),
(7378, 9, 84, 'JA6979'),
(7379, 9, 84, 'JF6956'),
(7380, 9, 84, 'JF9166'),
(7381, 9, 84, 'JM6166'),
(7382, 9, 84, 'JP1338'),
(7383, 9, 84, 'JP9542'),
(7384, 9, 84, 'JS1631'),
(7385, 9, 84, 'JS5228'),
(7386, 9, 84, 'LG3866'),
(7387, 8, 133, 'AC9757'),
(7388, 8, 133, 'AF6686'),
(7389, 8, 133, 'AV1432'),
(7390, 8, 133, 'BN8146'),
(7391, 9, 133, 'CG6284'),
(7392, 9, 133, 'CM1768'),
(7393, 9, 133, 'CP2577'),
(7394, 9, 133, 'CV1817'),
(7395, 9, 133, 'EF2321'),
(7396, 9, 133, 'FN9269'),
(7397, 9, 133, 'IP9464'),
(7398, 9, 133, 'JÁ1787'),
(7399, 9, 133, 'JA6979'),
(7400, 9, 133, 'JF6956'),
(7401, 9, 133, 'JF9166'),
(7402, 9, 133, 'JM6166'),
(7403, 9, 133, 'JP1338'),
(7404, 9, 133, 'JP9542'),
(7405, 9, 133, 'JS1631'),
(7406, 9, 133, 'JS5228'),
(7407, 9, 133, 'LG3866'),
(7408, 7, 160, 'AC9757'),
(7409, 7, 160, 'AF6686'),
(7410, 7, 160, 'AV1432'),
(7411, 7, 160, 'BN8146'),
(7412, 7, 160, 'CG6284'),
(7413, 7, 160, 'CM1768'),
(7414, 7, 160, 'CP2577'),
(7415, 7, 160, 'CV1817'),
(7416, 7, 160, 'EF2321'),
(7417, 7, 160, 'FN9269'),
(7418, 7, 160, 'IP9464'),
(7419, 7, 160, 'JÁ1787'),
(7420, 7, 160, 'JA6979'),
(7421, 7, 160, 'JF6956'),
(7422, 7, 160, 'JF9166'),
(7423, 7, 160, 'JM6166'),
(7424, 7, 160, 'JP1338'),
(7425, 7, 160, 'JP9542'),
(7426, 7, 160, 'JS1631'),
(7427, 7, 160, 'JS5228'),
(7428, 7, 160, 'LG3866'),
(7429, 9, 84, 'AV2194'),
(7430, 9, 84, 'AV9782'),
(7431, 9, 84, 'CF7283'),
(7432, 9, 84, 'CR3815'),
(7433, 9, 84, 'DA6344'),
(7434, 9, 84, 'DC7557'),
(7435, 9, 84, 'DV6321'),
(7436, 9, 84, 'EL4666'),
(7437, 9, 84, 'EP9486'),
(7438, 9, 84, 'ER2461'),
(7439, 9, 84, 'FM6585'),
(7440, 9, 84, 'FR8934'),
(7441, 9, 84, 'FT1489'),
(7442, 9, 84, 'FV5729'),
(7443, 9, 84, 'GM3695'),
(7444, 9, 84, 'JL5461'),
(7445, 9, 84, 'JM4873'),
(7446, 9, 84, 'JR3327'),
(7447, 9, 84, 'KL8952'),
(7448, 9, 84, 'LA2352'),
(7449, 9, 84, 'LS1267'),
(7450, 9, 84, 'MÁ5258'),
(7451, 9, 84, 'MA9739'),
(7452, 9, 84, 'OP9186'),
(7453, 9, 84, 'OR5469'),
(7454, 9, 84, 'PV2487'),
(7455, 8, 133, 'AV2194'),
(7456, 8, 133, 'AV9782'),
(7457, 8, 133, 'CF7283'),
(7458, 8, 133, 'CR3815'),
(7459, 8, 133, 'DA6344'),
(7460, 8, 133, 'DC7557'),
(7461, 8, 133, 'DV6321'),
(7462, 8, 133, 'EL4666'),
(7463, 8, 133, 'EP9486'),
(7464, 8, 133, 'ER2461'),
(7465, 8, 133, 'FM6585'),
(7466, 8, 133, 'FR8934'),
(7467, 8, 133, 'FT1489'),
(7468, 8, 133, 'FV5729'),
(7469, 8, 133, 'GM3695'),
(7470, 8, 133, 'JL5461'),
(7471, 8, 133, 'JM4873'),
(7472, 8, 133, 'JR3327'),
(7473, 8, 133, 'KL8952'),
(7474, 8, 133, 'LA2352'),
(7475, 8, 133, 'LS1267'),
(7476, 8, 133, 'MÁ5258'),
(7477, 8, 133, 'MA9739'),
(7478, 8, 133, 'OP9186'),
(7479, 8, 133, 'OR5469'),
(7480, 8, 133, 'PV2487'),
(7481, 7, 160, 'AV2194'),
(7482, 7, 160, 'AV9782'),
(7483, 7, 160, 'CF7283'),
(7484, 7, 160, 'CR3815'),
(7485, 7, 160, 'DA6344'),
(7486, 7, 160, 'DC7557'),
(7487, 7, 160, 'DV6321'),
(7488, 7, 160, 'EL4666'),
(7489, 7, 160, 'EP9486'),
(7490, 7, 160, 'ER2461'),
(7491, 7, 160, 'FM6585'),
(7492, 7, 160, 'FR8934'),
(7493, 7, 160, 'FT1489'),
(7494, 7, 160, 'FV5729'),
(7495, 7, 160, 'GM3695'),
(7496, 7, 160, 'JL5461'),
(7497, 7, 160, 'JM4873'),
(7498, 7, 160, 'JR3327'),
(7499, 7, 160, 'KL8952'),
(7500, 7, 160, 'LA2352'),
(7501, 7, 160, 'LS1267'),
(7502, 7, 160, 'MÁ5258'),
(7503, 7, 160, 'MA9739'),
(7504, 7, 160, 'OP9186'),
(7505, 7, 160, 'OR5469'),
(7506, 7, 160, 'PV2487'),
(7507, 7, 84, 'AJ3557'),
(7508, 7, 84, 'AL1951'),
(7509, 7, 84, 'AT5162'),
(7510, 7, 84, 'AV5191'),
(7511, 7, 84, 'BL2957'),
(7512, 7, 84, 'BO2759'),
(7513, 7, 84, 'DR7596'),
(7514, 7, 84, 'DR8694'),
(7515, 7, 84, 'EM8842'),
(7516, 7, 84, 'GM2229'),
(7517, 7, 84, 'GV2633'),
(7518, 7, 84, 'IB1332'),
(7519, 7, 84, 'IP9558'),
(7520, 7, 84, 'JÁ7773'),
(7521, 7, 84, 'JB7154'),
(7522, 7, 84, 'JC8281'),
(7523, 7, 84, 'JG8863'),
(7524, 7, 84, 'JP6494'),
(7525, 7, 84, 'JQ9587'),
(7526, 7, 84, 'KO6831'),
(7527, 7, 84, 'LC8432'),
(7528, 7, 84, 'LQ3145'),
(7529, 7, 84, 'MF1821'),
(7530, 7, 84, 'MN2956'),
(7531, 7, 84, 'MQ5455'),
(7532, 7, 84, 'MR3799'),
(7533, 8, 133, 'AJ3557'),
(7534, 8, 133, 'AL1951'),
(7535, 8, 133, 'AT5162'),
(7536, 8, 133, 'AV5191'),
(7537, 8, 133, 'BL2957'),
(7538, 8, 133, 'BO2759'),
(7539, 8, 133, 'DR7596'),
(7540, 8, 133, 'DR8694'),
(7541, 8, 133, 'EM8842'),
(7542, 8, 133, 'GM2229'),
(7543, 8, 133, 'GV2633'),
(7544, 8, 133, 'IB1332'),
(7545, 8, 133, 'IP9558'),
(7546, 8, 133, 'JÁ7773'),
(7547, 8, 133, 'JB7154'),
(7548, 8, 133, 'JC8281'),
(7549, 8, 133, 'JG8863'),
(7550, 8, 133, 'JP6494'),
(7551, 8, 133, 'JQ9587'),
(7552, 8, 133, 'KO6831'),
(7553, 8, 133, 'LC8432'),
(7554, 8, 133, 'LQ3145'),
(7555, 8, 133, 'MF1821'),
(7556, 8, 133, 'MN2956'),
(7557, 8, 133, 'MQ5455'),
(7558, 8, 133, 'MR3799'),
(7559, 9, 160, 'AJ3557'),
(7560, 9, 160, 'AL1951'),
(7561, 9, 160, 'AT5162'),
(7562, 9, 160, 'AV5191'),
(7563, 9, 160, 'BL2957'),
(7564, 9, 160, 'BO2759'),
(7565, 9, 160, 'DR7596'),
(7566, 9, 160, 'DR8694'),
(7567, 9, 160, 'EM8842'),
(7568, 9, 160, 'GM2229'),
(7569, 9, 160, 'GV2633'),
(7570, 9, 160, 'IB1332'),
(7571, 9, 160, 'IP9558'),
(7572, 9, 160, 'JÁ7773'),
(7573, 9, 160, 'JB7154'),
(7574, 9, 160, 'JC8281'),
(7575, 9, 160, 'JG8863'),
(7576, 9, 160, 'JP6494'),
(7577, 9, 160, 'JQ9587'),
(7578, 9, 160, 'KO6831'),
(7579, 9, 160, 'LC8432'),
(7580, 9, 160, 'LQ3145'),
(7581, 9, 160, 'MF1821'),
(7582, 9, 160, 'MN2956'),
(7583, 9, 160, 'MQ5455'),
(7584, 9, 160, 'MR3799'),
(7585, 7, 103, 'AC5563'),
(7586, 7, 103, 'AM1638'),
(7587, 7, 103, 'ÁN9224'),
(7588, 7, 103, 'ÁR5923'),
(7589, 7, 103, 'AR7259'),
(7590, 7, 103, 'CL9634'),
(7591, 7, 103, 'DJ1737'),
(7592, 7, 103, 'DR7348'),
(7593, 7, 103, 'DV9275'),
(7594, 7, 103, 'EA4795'),
(7595, 7, 103, 'EP4352'),
(7596, 7, 103, 'ES9328'),
(7597, 7, 103, 'FC1423'),
(7598, 7, 103, 'GG3259'),
(7599, 7, 103, 'HP7681'),
(7600, 7, 103, 'JA2924'),
(7601, 7, 103, 'JA3561'),
(7602, 7, 103, 'JG7323'),
(7603, 7, 103, 'JG8296'),
(7604, 7, 103, 'JM7153'),
(7605, 7, 103, 'JQ8827'),
(7606, 7, 103, 'JR2253'),
(7607, 7, 103, 'JS1311'),
(7608, 7, 103, 'JT3175'),
(7609, 7, 103, 'LP3696'),
(7610, 7, 103, 'LP6885'),
(7611, 7, 103, 'MC8646'),
(7612, 7, 103, 'ML9342'),
(7613, 7, 103, 'RG8592'),
(7614, 7, 103, 'RS9179'),
(7615, 7, 103, 'SC6342'),
(7616, 8, 113, 'AC5563'),
(7617, 8, 113, 'AM1638'),
(7618, 8, 113, 'ÁN9224'),
(7619, 8, 113, 'ÁR5923'),
(7620, 8, 113, 'AR7259'),
(7621, 8, 113, 'CL9634'),
(7622, 8, 113, 'DJ1737'),
(7623, 8, 113, 'DR7348'),
(7624, 8, 113, 'DV9275'),
(7625, 8, 113, 'EA4795'),
(7626, 8, 113, 'EP4352'),
(7627, 8, 113, 'ES9328'),
(7628, 8, 113, 'FC1423'),
(7629, 8, 113, 'GG3259'),
(7630, 8, 113, 'HP7681'),
(7631, 8, 113, 'JA2924'),
(7632, 8, 113, 'JA3561'),
(7633, 8, 113, 'JG7323'),
(7634, 8, 113, 'JG8296'),
(7635, 8, 113, 'JM7153'),
(7636, 8, 113, 'JQ8827'),
(7637, 8, 113, 'JR2253'),
(7638, 8, 113, 'JS1311'),
(7639, 8, 113, 'JT3175'),
(7640, 8, 113, 'LP3696'),
(7641, 8, 113, 'LP6885'),
(7642, 8, 113, 'MC8646'),
(7643, 8, 113, 'ML9342'),
(7644, 8, 113, 'RG8592'),
(7645, 8, 113, 'RS9179'),
(7646, 8, 113, 'SC6342'),
(7647, 9, 140, 'AC5563'),
(7648, 9, 140, 'AM1638'),
(7649, 9, 140, 'ÁN9224'),
(7650, 9, 140, 'ÁR5923'),
(7651, 9, 140, 'AR7259'),
(7652, 9, 140, 'CL9634'),
(7653, 9, 140, 'DJ1737'),
(7654, 9, 140, 'DR7348'),
(7655, 9, 140, 'DV9275'),
(7656, 9, 140, 'EA4795'),
(7657, 9, 140, 'EP4352'),
(7658, 9, 140, 'ES9328'),
(7659, 9, 140, 'FC1423'),
(7660, 9, 140, 'GG3259'),
(7661, 9, 140, 'HP7681'),
(7662, 9, 140, 'JA2924'),
(7663, 9, 140, 'JA3561'),
(7664, 9, 140, 'JG7323'),
(7665, 9, 140, 'JG8296'),
(7666, 9, 140, 'JM7153'),
(7667, 9, 140, 'JQ8827'),
(7668, 9, 140, 'JR2253'),
(7669, 9, 140, 'JS1311'),
(7670, 9, 140, 'JT3175'),
(7671, 9, 140, 'LP3696'),
(7672, 9, 140, 'LP6885'),
(7673, 9, 140, 'MC8646'),
(7674, 9, 140, 'ML9342'),
(7675, 9, 140, 'RG8592'),
(7676, 9, 140, 'RS9179'),
(7677, 9, 140, 'SC6342'),
(7678, 7, 104, 'AG3433'),
(7679, 7, 104, 'AR5325'),
(7680, 7, 104, 'BQ2628'),
(7681, 7, 104, 'CD8339'),
(7682, 7, 104, 'CL7913'),
(7683, 7, 104, 'ER1971'),
(7684, 7, 104, 'ER8677'),
(7685, 7, 104, 'ET6197'),
(7686, 7, 104, 'FB7737'),
(7687, 7, 104, 'GL3842'),
(7688, 7, 104, 'IA8993'),
(7689, 7, 104, 'IQ8729'),
(7690, 7, 104, 'JJ2182'),
(7691, 7, 104, 'JM1958'),
(7692, 7, 104, 'JM2892'),
(7693, 7, 104, 'LR6137'),
(7694, 7, 104, 'MH6433'),
(7695, 7, 104, 'MM4383'),
(7696, 7, 104, 'MP3665'),
(7697, 7, 104, 'NR5288'),
(7698, 7, 104, 'OD7389'),
(7699, 8, 114, 'AG3433'),
(7700, 8, 114, 'AR5325'),
(7701, 8, 114, 'BQ2628'),
(7702, 8, 114, 'CD8339'),
(7703, 8, 114, 'CL7913'),
(7704, 8, 114, 'ER1971'),
(7705, 8, 114, 'ER8677'),
(7706, 8, 114, 'ET6197'),
(7707, 8, 114, 'FB7737'),
(7708, 8, 114, 'GL3842'),
(7709, 8, 114, 'IA8993'),
(7710, 8, 114, 'IQ8729'),
(7711, 8, 114, 'JJ2182'),
(7712, 8, 114, 'JM1958'),
(7713, 8, 114, 'JM2892'),
(7714, 8, 114, 'LR6137'),
(7715, 8, 114, 'MH6433'),
(7716, 8, 114, 'MM4383'),
(7717, 8, 114, 'MP3665'),
(7718, 8, 114, 'NR5288'),
(7719, 8, 114, 'OD7389'),
(7720, 9, 141, 'AG3433'),
(7721, 9, 141, 'AR5325'),
(7722, 9, 141, 'BQ2628'),
(7723, 9, 141, 'CD8339'),
(7724, 9, 141, 'CL7913'),
(7725, 9, 141, 'ER1971'),
(7726, 9, 141, 'ER8677'),
(7727, 9, 141, 'ET6197'),
(7728, 9, 141, 'FB7737'),
(7729, 9, 141, 'GL3842'),
(7730, 9, 141, 'IA8993'),
(7731, 9, 141, 'IQ8729'),
(7732, 9, 141, 'JJ2182'),
(7733, 9, 141, 'JM1958'),
(7734, 9, 141, 'JM2892'),
(7735, 9, 141, 'LR6137'),
(7736, 9, 141, 'MH6433'),
(7737, 9, 141, 'MM4383'),
(7738, 9, 141, 'MP3665'),
(7739, 9, 141, 'NR5288'),
(7740, 9, 141, 'OD7389'),
(7741, 7, 89, 'AD8319'),
(7742, 7, 89, 'AG4952'),
(7743, 7, 89, 'AR6451'),
(7744, 7, 89, 'BC4314'),
(7745, 7, 89, 'BR6494'),
(7746, 7, 89, 'EA1458'),
(7747, 7, 89, 'EH6526'),
(7748, 7, 89, 'EJ1516'),
(7749, 7, 89, 'EM7732'),
(7750, 7, 89, 'GG2548'),
(7751, 7, 89, 'IC9111'),
(7752, 7, 89, 'JA9221'),
(7753, 7, 89, 'JF8851'),
(7754, 7, 89, 'JG7617'),
(7755, 7, 89, 'JR5157'),
(7756, 7, 89, 'JR7361'),
(7757, 7, 89, 'JR9444'),
(7758, 7, 89, 'JS7314'),
(7759, 7, 89, 'JV6732'),
(7760, 7, 89, 'MS6856'),
(7761, 7, 89, 'OO1499'),
(7762, 8, 128, 'AD8319'),
(7763, 8, 128, 'AG4952'),
(7764, 8, 128, 'AR6451'),
(7765, 8, 128, 'BC4314'),
(7766, 8, 128, 'BR6494'),
(7767, 8, 128, 'EA1458'),
(7768, 8, 128, 'EH6526'),
(7769, 8, 128, 'EJ1516'),
(7770, 8, 128, 'EM7732'),
(7771, 8, 128, 'GG2548'),
(7772, 8, 128, 'IC9111'),
(7773, 8, 128, 'JA9221'),
(7774, 8, 128, 'JF8851'),
(7775, 8, 128, 'JG7617'),
(7776, 8, 128, 'JR5157'),
(7777, 8, 128, 'JR7361'),
(7778, 8, 128, 'JR9444'),
(7779, 8, 128, 'JS7314'),
(7780, 8, 128, 'JV6732'),
(7781, 8, 128, 'MS6856'),
(7782, 8, 128, 'OO1499'),
(7783, 9, 155, 'AD8319'),
(7784, 9, 155, 'AG4952'),
(7785, 9, 155, 'AR6451'),
(7786, 9, 155, 'BC4314'),
(7787, 9, 155, 'BR6494'),
(7788, 9, 155, 'EA1458'),
(7789, 9, 155, 'EH6526'),
(7790, 9, 155, 'EJ1516'),
(7791, 9, 155, 'EM7732'),
(7792, 9, 155, 'GG2548'),
(7793, 9, 155, 'IC9111'),
(7794, 9, 155, 'JA9221'),
(7795, 9, 155, 'JF8851'),
(7796, 9, 155, 'JG7617'),
(7797, 9, 155, 'JR5157'),
(7798, 9, 155, 'JR7361'),
(7799, 9, 155, 'JR9444'),
(7800, 9, 155, 'JS7314'),
(7801, 9, 155, 'JV6732'),
(7802, 9, 155, 'MS6856'),
(7803, 9, 155, 'OO1499'),
(7804, 7, 91, 'AC5755'),
(7805, 7, 91, 'AS7999'),
(7806, 7, 91, 'BA3564'),
(7807, 7, 91, 'BM7119'),
(7808, 7, 91, 'CL9294'),
(7809, 7, 91, 'CP7186'),
(7810, 7, 91, 'DR7987'),
(7811, 7, 91, 'DS5899'),
(7812, 7, 91, 'EP2846'),
(7813, 7, 91, 'FV5372'),
(7814, 7, 91, 'GR9232'),
(7815, 7, 91, 'IJ2434'),
(7816, 7, 91, 'JF6695'),
(7817, 7, 91, 'JG8253'),
(7818, 7, 91, 'JH1242'),
(7819, 7, 91, 'JM5279'),
(7820, 7, 91, 'JS5299'),
(7821, 7, 91, 'LC2335'),
(7822, 7, 91, 'LM8535'),
(7823, 7, 91, 'SP1535'),
(7824, 7, 91, 'SS6823'),
(7825, 8, 126, 'AC5755'),
(7826, 8, 126, 'AS7999'),
(7827, 8, 126, 'BA3564'),
(7828, 8, 126, 'BM7119'),
(7829, 8, 126, 'CL9294'),
(7830, 8, 126, 'CP7186'),
(7831, 8, 126, 'DR7987'),
(7832, 8, 126, 'DS5899'),
(7833, 8, 126, 'EP2846'),
(7834, 8, 126, 'FV5372'),
(7835, 8, 126, 'GR9232'),
(7836, 8, 126, 'IJ2434'),
(7837, 8, 126, 'JF6695'),
(7838, 8, 126, 'JG8253'),
(7839, 8, 126, 'JH1242'),
(7840, 8, 126, 'JM5279'),
(7841, 8, 126, 'JS5299'),
(7842, 8, 126, 'LC2335'),
(7843, 8, 126, 'LM8535'),
(7844, 8, 126, 'SP1535'),
(7845, 8, 126, 'SS6823'),
(7846, 9, 153, 'AC5755'),
(7847, 9, 153, 'AS7999'),
(7848, 9, 153, 'BA3564'),
(7849, 9, 153, 'BM7119'),
(7850, 9, 153, 'CL9294'),
(7851, 9, 153, 'CP7186'),
(7852, 9, 153, 'DR7987'),
(7853, 9, 153, 'DS5899'),
(7854, 9, 153, 'EP2846'),
(7855, 9, 153, 'FV5372'),
(7856, 9, 153, 'GR9232'),
(7857, 9, 153, 'IJ2434'),
(7858, 9, 153, 'JF6695'),
(7859, 9, 153, 'JG8253'),
(7860, 9, 153, 'JH1242'),
(7861, 9, 153, 'JM5279'),
(7862, 9, 153, 'JS5299'),
(7863, 9, 153, 'LC2335'),
(7864, 9, 153, 'LM8535'),
(7865, 8.99, 153, 'SP1535'),
(7866, 9, 153, 'SS6823'),
(7867, 8, 90, 'AA9176'),
(7868, 8, 90, 'ÁG3889'),
(7869, 8, 90, 'AM1481'),
(7870, 8, 90, 'AP9214'),
(7871, 8, 90, 'BH5175'),
(7872, 8, 90, 'BS8367'),
(7873, 8, 90, 'CA5153'),
(7874, 8, 90, 'CG6862'),
(7875, 8, 90, 'CP7116'),
(7876, 8, 90, 'CV8946'),
(7877, 8, 90, 'DM4228'),
(7878, 8, 90, 'EA3693'),
(7879, 8, 90, 'EA6948'),
(7880, 8, 90, 'EJ8759'),
(7881, 8, 90, 'FP9513'),
(7882, 8, 90, 'GR8383'),
(7883, 8, 90, 'GR8429'),
(7884, 8, 90, 'GR9663'),
(7885, 8, 90, 'JC7138'),
(7886, 8, 90, 'JG4856'),
(7887, 8, 90, 'JR2828'),
(7888, 8, 90, 'JR6265'),
(7889, 8, 90, 'JR8687'),
(7890, 8, 90, 'JV6346'),
(7891, 8, 90, 'MJ6199'),
(7892, 8, 90, 'MR6432'),
(7893, 7, 127, 'AA9176'),
(7894, 7, 127, 'ÁG3889'),
(7895, 7, 127, 'AM1481'),
(7896, 7, 127, 'AP9214'),
(7897, 7, 127, 'BH5175'),
(7898, 7, 127, 'BS8367'),
(7899, 7, 127, 'CA5153'),
(7900, 7, 127, 'CG6862'),
(7901, 7, 127, 'CP7116'),
(7902, 7, 127, 'CV8946'),
(7903, 7, 127, 'DM4228'),
(7904, 7, 127, 'EA3693'),
(7905, 7, 127, 'EA6948'),
(7906, 7, 127, 'EJ8759'),
(7907, 7, 127, 'FP9513'),
(7908, 7, 127, 'GR8383'),
(7909, 7, 127, 'GR8429'),
(7910, 7, 127, 'GR9663'),
(7911, 7, 127, 'JC7138'),
(7912, 7, 127, 'JG4856'),
(7913, 7, 127, 'JR2828'),
(7914, 7, 127, 'JR6265'),
(7915, 7, 127, 'JR8687'),
(7916, 7, 127, 'JV6346'),
(7917, 7, 127, 'MJ6199'),
(7918, 7, 127, 'MR6432'),
(7919, 9, 154, 'AA9176'),
(7920, 9, 154, 'ÁG3889'),
(7921, 9, 154, 'AM1481'),
(7922, 9, 154, 'AP9214'),
(7923, 9, 154, 'BH5175'),
(7924, 9, 154, 'BS8367'),
(7925, 9, 154, 'CA5153'),
(7926, 9, 154, 'CG6862'),
(7927, 9, 154, 'CP7116'),
(7928, 9, 154, 'CV8946'),
(7929, 9, 154, 'DM4228'),
(7930, 9, 154, 'EA3693'),
(7931, 9, 154, 'EA6948'),
(7932, 9, 154, 'EJ8759'),
(7933, 9, 154, 'FP9513'),
(7934, 9, 154, 'GR8383'),
(7935, 9, 154, 'GR8429'),
(7936, 9, 154, 'GR9663'),
(7937, 9, 154, 'JC7138'),
(7938, 9, 154, 'JG4856'),
(7939, 9, 154, 'JR2828'),
(7940, 9, 154, 'JR6265'),
(7941, 9, 154, 'JR8687'),
(7942, 9, 154, 'JV6346'),
(7943, 9, 154, 'MJ6199'),
(7944, 9, 154, 'MR6432');

-- --------------------------------------------------------

--
-- Estructura de tabla para la tabla `justification`
--

CREATE TABLE `justification` (
  `idJustification` int(15) NOT NULL,
  `idAssistance` int(15) NOT NULL,
  `justification` varchar(300) COLLATE utf8_spanish2_ci NOT NULL
) ENGINE=InnoDB DEFAULT CHARSET=utf8 COLLATE=utf8_spanish2_ci;

-- --------------------------------------------------------

--
-- Estructura de tabla para la tabla `justify_abscense`
--

CREATE TABLE `justify_abscense` (
  `idJustify` int(15) NOT NULL,
  `idCoor` varchar(15) COLLATE utf8_spanish2_ci NOT NULL,
  `idTeacher` varchar(15) COLLATE utf8_spanish2_ci NOT NULL,
  `idStudent` varchar(15) COLLATE utf8_spanish2_ci NOT NULL,
  `idGrade` int(15) NOT NULL,
  `grade_before` float NOT NULL,
  `grade_after` float NOT NULL,
  `justification` varchar(300) COLLATE utf8_spanish2_ci NOT NULL,
  `startDate` date NOT NULL,
  `endDate` date NOT NULL
) ENGINE=InnoDB DEFAULT CHARSET=utf8 COLLATE=utf8_spanish2_ci;

-- --------------------------------------------------------

--
-- Estructura de tabla para la tabla `justify_down`
--

CREATE TABLE `justify_down` (
  `idDown` int(10) NOT NULL,
  `idUser` varchar(10) COLLATE utf8_spanish2_ci NOT NULL,
  `type` char(1) COLLATE utf8_spanish2_ci NOT NULL,
  `justification` varchar(500) COLLATE utf8_spanish2_ci NOT NULL,
  `date` date NOT NULL
) ENGINE=InnoDB DEFAULT CHARSET=utf8 COLLATE=utf8_spanish2_ci;

-- --------------------------------------------------------

--
-- Estructura de tabla para la tabla `level`
--

CREATE TABLE `level` (
  `idLevel` int(15) NOT NULL,
  `level` int(10) NOT NULL
) ENGINE=InnoDB DEFAULT CHARSET=utf8 COLLATE=utf8_spanish2_ci;

--
-- Volcado de datos para la tabla `level`
--

INSERT INTO `level` (`idLevel`, `level`) VALUES
(1, 1),
(2, 2),
(3, 3);

-- --------------------------------------------------------

--
-- Estructura de tabla para la tabla `mandated`
--

CREATE TABLE `mandated` (
  `idMandated` int(15) NOT NULL,
  `name` varchar(85) COLLATE utf8_spanish2_ci NOT NULL,
  `lastName` varchar(85) COLLATE utf8_spanish2_ci NOT NULL,
  `relation` varchar(100) COLLATE utf8_spanish2_ci NOT NULL,
  `dui` varchar(10) COLLATE utf8_spanish2_ci NOT NULL,
  `email` varchar(60) COLLATE utf8_spanish2_ci NOT NULL,
  `phone` varchar(9) COLLATE utf8_spanish2_ci NOT NULL,
  `sex` varchar(1) COLLATE utf8_spanish2_ci NOT NULL,
  `birthdate` date NOT NULL,
  `idStudent` varchar(15) COLLATE utf8_spanish2_ci NOT NULL
) ENGINE=InnoDB DEFAULT CHARSET=utf8 COLLATE=utf8_spanish2_ci;

--
-- Volcado de datos para la tabla `mandated`
--

INSERT INTO `mandated` (`idMandated`, `name`, `lastName`, `relation`, `dui`, `email`, `phone`, `sex`, `birthdate`, `idStudent`) VALUES
(1, 'Juan David Francisco', 'Sosa Suárez', 'Padre', '78772356-0', 'yaton2020@gmail.com', '7315-4801', 'M', '1988-02-04', 'AS1983'),
(2, 'Leonardo Emilio', 'Sánchez Ruiz', 'Padre', '33300304-4', 'yaton2020@gmail.com', '7416-7087', 'M', '1988-02-04', 'BS9588'),
(3, 'Carlos Sergio', 'Benítez Sánchez', 'Padre', '12643172-4', 'yaton2020@gmail.com', '7113-7477', 'M', '1988-02-04', 'DB4645'),
(4, 'Marcos Julían', 'Rojas Ríos', 'Padre', '23724603-0', 'yaton2020@gmail.com', '7155-2181', 'M', '1988-02-01', 'ER8335'),
(5, 'Guillermo Santiago', 'Torres Ferreyra', 'Padre', '33613411-5', 'yaton2020@gmail.com', '7028-8750', 'M', '1987-11-01', 'FT9543'),
(6, 'Rodrigo Julían', 'Godoy Domínguez', 'Padre', '42712752-5', 'yaton2020@gmail.com', '7886-4545', 'M', '1987-11-01', 'GG5559'),
(7, 'Gael Miguel', 'Aguirre Sosa', 'Padre', '38307243-5', 'yaton2020@gmail.com', '7164-2481', 'M', '1987-11-01', 'IA3668'),
(8, 'Javier Emiliano', 'Acosta Martínez', 'Padre', '02411002-4', 'yaton2020@gmail.com', '7422-2485', 'M', '1988-02-04', 'JA6681'),
(9, 'Juan Manuel Andrés', 'López Vera', 'Padre', '55684756-3', 'yaton2020@gmail.com', '7545-8443', 'M', '1988-02-01', 'JL7274'),
(10, 'Rafael Cristopher', 'Álvarez Martínez', 'Padre', '30838138-1', 'yaton2020@gmail.com', '7801-6560', 'M', '1988-02-01', 'KÁ4733'),
(11, 'Joshua Valentín', 'Medina Muñoz', 'Padre', '83837182-5', 'yaton2020@gmail.com', '7143-2283', 'M', '1988-02-01', 'LM5852'),
(12, 'Joaquin Jesús', 'Rojas Peralta', 'Padre', '05721715-3', 'yaton2020@gmail.com', '7756-1112', 'M', '1988-02-04', 'LR3335'),
(13, 'Tomás Fernando', 'Díaz García', 'Padre', '38613145-0', 'yaton2020@gmail.com', '7642-0443', 'M', '1987-11-01', 'MD4436'),
(14, 'Hugo Cesar', 'Morales Flores', 'Padre', '36226547-3', 'yaton2020@gmail.com', '7478-6408', 'M', '1988-02-04', 'MM4921'),
(15, 'Julían Fernando', 'Ramírez Fernández', 'Padre', '16160580-6', 'yaton2020@gmail.com', '7104-5725', 'M', '1987-11-01', 'MR6891'),
(16, 'Adrían Samuel', 'Sánchez García', 'Padre', '46043753-6', 'yaton2020@gmail.com', '7201-5043', 'M', '1987-11-01', 'MS8242'),
(17, 'Lucas Andrés', 'Castillo Molina', 'Padre', '75883384-4', 'yaton2020@gmail.com', '7123-3383', 'M', '1989-04-06', 'AC5563'),
(18, 'Guillermo Sergio', 'Martínez Ortiz', 'Padre', '83868071-4', 'yaton2020@gmail.com', '7806-6730', 'M', '1987-10-05', 'AM1638'),
(19, 'Alejandro Gael', 'Núñez Vega', 'Padre', '65242053-1', 'yaton2020@gmail.com', '7681-3328', 'M', '1989-04-06', 'ÁN9224'),
(20, 'Mathew Maximiliano', 'Ramírez Medina', 'Padre', '68378661-6', 'yaton2020@gmail.com', '7581-3848', 'M', '1987-10-05', 'ÁR5923'),
(21, 'Lucas Alejandro', 'Rodríguez Ríos', 'Padre', '04746877-3', 'yaton2020@gmail.com', '7068-1613', 'M', '1987-10-05', 'AR7259'),
(22, 'Jorge Kevin', 'Ledesma Medina', 'Padre', '57637787-1', 'yaton2020@gmail.com', '7317-8674', 'M', '1989-02-12', 'CL9634'),
(23, 'Alejandro Pedro', 'Juárez Rodríguez', 'Padre', '28058846-3', 'yaton2020@gmail.com', '7361-3883', 'M', '1989-02-12', 'DJ1737'),
(24, 'Bruno Manuel', 'Romero Moreno', 'Padre', '83321140-8', 'yaton2020@gmail.com', '7261-8106', 'M', '1989-02-12', 'DR7348'),
(25, 'Matías Emmanuel', 'Vega Vega', 'Padre', '37078344-1', 'yaton2020@gmail.com', '7584-7888', 'M', '1989-02-12', 'DV9275'),
(26, 'Adrían Adrían', 'Acosta Vázquez', 'Padre', '85384476-1', 'yaton2020@gmail.com', '7100-2826', 'M', '1989-04-06', 'EA4795'),
(27, 'Ricardo Ángel', 'Pérez Benítez', 'Padre', '78345040-0', 'yaton2020@gmail.com', '7778-8444', 'M', '1987-10-05', 'EP4352'),
(28, 'Anthony Dylan', 'Sánchez García', 'Padre', '53248103-6', 'yaton2020@gmail.com', '7161-8218', 'M', '1989-02-12', 'ES9328'),
(29, 'Miguel Angel Cristian', 'Cabrera Ruiz', 'Padre', '15121485-1', 'yaton2020@gmail.com', '7324-0801', 'M', '1989-02-12', 'FC1423'),
(30, 'Alejandro Alejandro', 'García Ramírez', 'Padre', '51251232-7', 'yaton2020@gmail.com', '7472-2067', 'M', '1989-02-12', 'GG3259'),
(31, 'Luca Joshua', 'Peralta Gutiérrez', 'Padre', '66185461-4', 'yaton2020@gmail.com', '7613-3320', 'M', '1989-02-12', 'HP7681'),
(32, 'Alexander Benjamin', 'Acosta Ortiz', 'Padre', '28516782-7', 'yaton2020@gmail.com', '7523-3348', 'M', '1987-10-05', 'JA2924'),
(33, 'Jesús David', 'Aguirre Juárez', 'Padre', '88186434-7', 'yaton2020@gmail.com', '7101-5434', 'M', '1989-02-12', 'JA3561'),
(34, 'Mario Joshua', 'Gómez Ortiz', 'Padre', '42067267-2', 'yaton2020@gmail.com', '7626-3443', 'M', '1989-02-12', 'JG7323'),
(35, 'Daniel Maximiliano', 'Godoy Pérez', 'Padre', '14875243-4', 'yaton2020@gmail.com', '7271-6360', 'M', '1989-04-06', 'JG8296'),
(36, 'Santiago Juan Pablo', 'Molina Ferreyra', 'Padre', '50686842-5', 'yaton2020@gmail.com', '7721-2673', 'M', '1989-02-12', 'JM7153'),
(37, 'Santiago Julían', 'Quiroga Molina', 'Padre', '83572762-8', 'yaton2020@gmail.com', '7007-2110', 'M', '1987-10-05', 'JQ8827'),
(38, 'Rafael Pedro', 'Rojas Álvarez', 'Padre', '13582672-2', 'yaton2020@gmail.com', '7337-8163', 'M', '1987-10-05', 'JR2253'),
(39, 'Santiago Dylan', 'Suárez Álvarez', 'Padre', '13426124-7', 'yaton2020@gmail.com', '7255-6623', 'M', '1989-02-12', 'JS1311'),
(40, 'Julían Agustin', 'Torres Domínguez', 'Padre', '07361312-4', 'yaton2020@gmail.com', '7164-8182', 'M', '1989-04-06', 'JT3175'),
(41, 'Anthony Fernando', 'Ponce Ortiz', 'Padre', '78632723-0', 'yaton2020@gmail.com', '7808-5008', 'M', '1989-02-12', 'LP3696'),
(42, 'Diego Álvaro', 'Pereyra Pereyra', 'Padre', '85660674-3', 'yaton2020@gmail.com', '7618-4873', 'M', '1989-04-06', 'LP6885'),
(43, 'Jesús Isaac', 'Cabrera Álvarez', 'Padre', '37608586-0', 'yaton2020@gmail.com', '7372-1483', 'M', '1989-02-12', 'MC8646'),
(44, 'Alejandro Jose', 'Luna Suárez', 'Padre', '14671315-4', 'yaton2020@gmail.com', '7273-6334', 'M', '1987-10-05', 'ML9342'),
(45, 'Emmanuel Santiago', 'Gutiérrez Núñez', 'Padre', '12463673-6', 'yaton2020@gmail.com', '7636-6144', 'M', '1989-04-06', 'RG8592'),
(46, 'Santiago Carlos', 'Suárez Godoy', 'Padre', '24043886-3', 'yaton2020@gmail.com', '7111-8617', 'M', '1987-10-05', 'RS9179'),
(47, 'Samuel Nicolás', 'Castro Pereyra', 'Padre', '53667648-5', 'yaton2020@gmail.com', '7436-1075', 'M', '1989-04-06', 'SC6342'),
(48, 'Cristobal Oscar', 'González Vázquez', 'Padre', '37134848-7', 'yaton2020@gmail.com', '7777-0425', 'M', '1988-10-05', 'AG5462'),
(49, 'Juan Emiliano', 'Peralta Morales', 'Padre', '35624804-6', 'yaton2020@gmail.com', '7873-5441', 'M', '1988-02-13', 'AP7669'),
(50, 'Benjamin Mateo', 'Rodríguez Castro', 'Padre', '27843245-7', 'yaton2020@gmail.com', '7425-5623', 'M', '1987-09-08', 'BR9523'),
(51, 'Tomás Lucas', 'Castillo Luna', 'Padre', '62330677-8', 'yaton2020@gmail.com', '7646-2566', 'M', '1988-10-05', 'CC2413'),
(52, 'Benjamin Pablo', 'Vázquez Acosta', 'Padre', '38411125-2', 'yaton2020@gmail.com', '7680-4868', 'M', '1988-02-13', 'DV2282'),
(53, 'Alexander Santiago', 'Sosa Suárez', 'Padre', '82773243-3', 'yaton2020@gmail.com', '7051-2141', 'M', '1988-10-05', 'ES3336'),
(54, 'Juan Dylan', 'Martínez Ruiz', 'Padre', '76411578-6', 'yaton2020@gmail.com', '7835-2670', 'M', '1987-09-08', 'GM2599'),
(55, 'Anthony Dylan', 'Ríos Núñez', 'Padre', '54857248-4', 'yaton2020@gmail.com', '7542-7270', 'M', '1987-09-08', 'GR7387'),
(56, 'Miguel Carlos', 'Pereyra Muñoz', 'Padre', '20646810-0', 'yaton2020@gmail.com', '7247-0530', 'M', '1988-02-13', 'IP4186'),
(57, 'Thiago Santiago', 'Fernández Ruiz', 'Padre', '55112313-1', 'yaton2020@gmail.com', '7516-8002', 'M', '1988-02-13', 'JF6817'),
(58, 'Juan Vicente', 'Ortiz Juárez', 'Padre', '84745072-5', 'yaton2020@gmail.com', '7133-2014', 'M', '1988-02-13', 'JO5431'),
(59, 'David Juan', 'Ruiz Ponce', 'Padre', '07208081-5', 'yaton2020@gmail.com', '7751-2883', 'M', '1988-10-05', 'JR8381'),
(60, 'Juan Manuel Santiago', 'Vega Rodríguez', 'Padre', '88506628-0', 'yaton2020@gmail.com', '7865-0662', 'M', '1988-10-05', 'JV9236'),
(61, 'Miguel Cristopher', 'Moreno Torres', 'Padre', '87242004-7', 'yaton2020@gmail.com', '7814-2018', 'M', '1988-02-13', 'KM6618'),
(62, 'Javier Carlos', 'Castro Molina', 'Padre', '42515728-2', 'yaton2020@gmail.com', '7504-5120', 'M', '1987-09-08', 'LC4825'),
(63, 'Nicolás Anthony', 'Muñoz Peralta', 'Padre', '37160763-8', 'yaton2020@gmail.com', '7166-6022', 'M', '1987-09-08', 'LM7791'),
(64, 'Felipe Santiago', 'Ortiz Ramírez', 'Padre', '85435640-0', 'yaton2020@gmail.com', '7088-1870', 'M', '1987-09-08', 'LO5959'),
(65, 'Adrían Benjamin', 'Acosta Luna', 'Padre', '17468387-1', 'yaton2020@gmail.com', '7424-6408', 'M', '1987-09-08', 'MA9567'),
(66, 'Bruno Ángel', 'Domínguez Gutiérrez', 'Padre', '23535808-1', 'yaton2020@gmail.com', '7447-6813', 'M', '1987-09-08', 'MD9555'),
(67, 'Francisco Lucas', 'Morales Díaz', 'Padre', '70042865-0', 'yaton2020@gmail.com', '7424-5802', 'M', '1988-02-13', 'MM4716'),
(68, 'Mauricio Joshua', 'Ríos Pereyra', 'Padre', '83078083-3', 'yaton2020@gmail.com', '7883-1624', 'M', '1988-02-13', 'NR2346'),
(69, 'Rafael Agustin', 'Cabrera Castillo', 'Padre', '41600454-7', 'yaton2020@gmail.com', '7001-1503', 'M', '1988-02-13', 'PC6556'),
(70, 'Pedro Valentín', 'Gutiérrez Sánchez', 'Padre', '75644717-8', 'yaton2020@gmail.com', '7518-7634', 'M', '1987-09-08', 'PG4466'),
(71, 'Jesús Rodrigo', 'Aguirre Benítez', 'Padre', '67618430-6', 'yaton2020@gmail.com', '7461-8071', 'M', '1988-10-05', 'RA5176'),
(72, 'Lucas Valentín', 'Vega Quiroga', 'Padre', '47063854-8', 'yaton2020@gmail.com', '7834-7263', 'M', '1987-09-08', 'RV4421'),
(73, 'Felipe Miguel Angel', 'Vera Ledesma', 'Padre', '77070510-3', 'yaton2020@gmail.com', '7760-8803', 'M', '1987-09-08', 'RV5182'),
(74, 'Santiago Dylan', 'Cabrera Vázquez', 'Padre', '65367007-7', 'yaton2020@gmail.com', '7267-3580', 'M', '1989-12-06', 'AC8372'),
(75, 'Thiago Leonardo', 'Torres Quiroga', 'Padre', '73315143-7', 'yaton2020@gmail.com', '7130-1602', 'M', '1989-12-06', 'ÁT4399'),
(76, 'Juan Jose Emmanuel', 'Castro García', 'Padre', '05763552-6', 'yaton2020@gmail.com', '7624-8554', 'M', '1988-02-03', 'BC3517'),
(77, 'Pedro Axel', 'Gómez Castillo', 'Padre', '80644411-1', 'yaton2020@gmail.com', '7684-4634', 'M', '1989-12-06', 'BG9639'),
(78, 'Javier Gael', 'González Carrizo', 'Padre', '63123163-8', 'yaton2020@gmail.com', '7866-6365', 'M', '1989-12-06', 'CG3314'),
(79, 'Carlos Hugo', 'García Castro', 'Padre', '80155765-3', 'yaton2020@gmail.com', '7385-0703', 'M', '1989-12-06', 'CG8874'),
(80, 'Felipe Iván', 'Fernández Ortiz', 'Padre', '28000011-7', 'yaton2020@gmail.com', '7278-2223', 'M', '1989-09-05', 'EF1291'),
(81, 'Aaron Iván', 'Romero Molina', 'Padre', '04073600-6', 'yaton2020@gmail.com', '7151-5816', 'M', '1988-02-03', 'ER1325'),
(82, 'David Emiliano', 'López Díaz', 'Padre', '30826632-0', 'yaton2020@gmail.com', '7770-4416', 'M', '1989-12-06', 'FL3514'),
(83, 'Esteban Jose', 'Peralta Moreno', 'Padre', '87072881-3', 'yaton2020@gmail.com', '7743-1482', 'M', '1989-09-05', 'FP2126'),
(84, 'Jose Guillermo', 'Ferreyra Flores', 'Padre', '83116548-5', 'yaton2020@gmail.com', '7550-6236', 'M', '1988-02-03', 'GF9739'),
(85, 'Jonathan Mario', 'Pereyra Ríos', 'Padre', '54280566-1', 'yaton2020@gmail.com', '7414-7235', 'M', '1989-09-05', 'IP1554'),
(86, 'Hugo Pablo', 'Vázquez Muñoz', 'Padre', '62882713-1', 'yaton2020@gmail.com', '7062-7201', 'M', '1988-02-03', 'IV6296'),
(87, 'Juan Manuel Alejandro', 'Vázquez Fernández', 'Padre', '81733463-5', 'yaton2020@gmail.com', '7810-8620', 'M', '1989-12-06', 'IV9459'),
(88, 'Miguel Angel Juan David', 'Carrizo Carrizo', 'Padre', '45842885-6', 'yaton2020@gmail.com', '7150-3252', 'M', '1989-12-06', 'JC1912'),
(89, 'Miguel Angel Diego', 'Juárez Aguirre', 'Padre', '38761520-1', 'yaton2020@gmail.com', '7257-4017', 'M', '1989-09-05', 'JJ8389'),
(90, 'Benjamin Mauricio', 'Medina Pérez', 'Padre', '81861815-1', 'yaton2020@gmail.com', '7161-1323', 'M', '1988-02-03', 'JM9226'),
(91, 'Santiago Pedro', 'Peralta Aguirre', 'Padre', '76418553-2', 'yaton2020@gmail.com', '7870-8716', 'M', '1989-12-06', 'LP9455'),
(92, 'Sergio Jose', 'Castro Juárez', 'Padre', '14461116-1', 'yaton2020@gmail.com', '7203-7770', 'M', '1989-09-05', 'MC4456'),
(93, 'Sergio David', 'Ortiz Vázquez', 'Padre', '87586058-6', 'yaton2020@gmail.com', '7180-6148', 'M', '1988-02-03', 'MO3283'),
(94, 'Guillermo Nicolás', 'Sánchez Juárez', 'Padre', '76417530-6', 'yaton2020@gmail.com', '7006-6886', 'M', '1989-09-05', 'MS4199'),
(95, 'Juan Pablo Mauricio', 'Gómez Pereyra', 'Padre', '34555866-4', 'yaton2020@gmail.com', '7445-6244', 'M', '1988-11-03', 'AG3433'),
(96, 'Joaquin Thiago', 'Romero Juárez', 'Padre', '87115485-0', 'yaton2020@gmail.com', '7820-3063', 'M', '1988-01-01', 'AR5325'),
(97, 'Joshua Bautista', 'Quiroga Rodríguez', 'Padre', '63861227-4', 'yaton2020@gmail.com', '7263-5232', 'M', '1988-01-01', 'BQ2628'),
(98, 'Cristobal Leonardo', 'Domínguez Ponce', 'Padre', '47761255-6', 'yaton2020@gmail.com', '7405-5201', 'M', '1988-01-01', 'CD8339'),
(99, 'Ángel Santiago', 'López Ortiz', 'Padre', '06001328-3', 'yaton2020@gmail.com', '7266-0373', 'M', '1988-11-03', 'CL7913'),
(100, 'Felipe Álvaro', 'Ruiz Cabrera', 'Padre', '24852245-7', 'yaton2020@gmail.com', '7132-1133', 'M', '1987-02-21', 'ER1971'),
(101, 'Lucas Hugo', 'Romero Castillo', 'Padre', '13488806-3', 'yaton2020@gmail.com', '7240-3102', 'M', '1987-02-21', 'ER8677'),
(102, 'Cesar Pablo', 'Torres González', 'Padre', '02273046-6', 'yaton2020@gmail.com', '7175-7501', 'M', '1988-11-03', 'ET6197'),
(103, 'Eduardo Juan Sebastian', 'Benítez Suárez', 'Padre', '72204613-7', 'yaton2020@gmail.com', '7225-0760', 'M', '1988-11-03', 'FB7737'),
(104, 'Martín Francisco', 'López Ferreyra', 'Padre', '37418177-2', 'yaton2020@gmail.com', '7443-1075', 'M', '1988-11-03', 'GL3842'),
(105, 'Lucas Simón', 'Aguirre Martínez', 'Padre', '16063468-3', 'yaton2020@gmail.com', '7528-2028', 'M', '1987-02-21', 'IA8993'),
(106, 'Diego Hugo', 'Quiroga Vera', 'Padre', '24378744-1', 'yaton2020@gmail.com', '7770-8483', 'M', '1987-02-21', 'IQ8729'),
(107, 'Felipe Santiago', 'Juárez Pereyra', 'Padre', '31050226-8', 'yaton2020@gmail.com', '7857-6564', 'M', '1988-01-01', 'JJ2182'),
(108, 'Jeronimo Leonardo', 'Medina Ferreyra', 'Padre', '82103318-8', 'yaton2020@gmail.com', '7304-6568', 'M', '1988-01-01', 'JM1958'),
(109, 'Cesar Mauricio', 'Medina Ríos', 'Padre', '02501476-4', 'yaton2020@gmail.com', '7807-6148', 'M', '1987-02-21', 'JM2892'),
(110, 'Emiliano Leonardo', 'Rodríguez Rodríguez', 'Padre', '48236601-4', 'yaton2020@gmail.com', '7868-2143', 'M', '1988-11-03', 'LR6137'),
(111, 'Pedro Adrían', 'Herrera Silva', 'Padre', '07626134-5', 'yaton2020@gmail.com', '7740-1155', 'M', '1988-01-01', 'MH6433'),
(112, 'Agustin Jonathan', 'Medina Molina', 'Padre', '82368474-4', 'yaton2020@gmail.com', '7760-5787', 'M', '1987-02-21', 'MM4383'),
(113, 'Juan Manuel Lucas', 'Pereyra Domínguez', 'Padre', '67700517-0', 'yaton2020@gmail.com', '7187-5215', 'M', '1987-02-21', 'MP3665'),
(114, 'Luis Jorge', 'Ruiz Pérez', 'Padre', '30115064-7', 'yaton2020@gmail.com', '7413-1634', 'M', '1988-01-01', 'NR5288'),
(115, 'Luca Thiago', 'Díaz Silva', 'Padre', '38188373-7', 'yaton2020@gmail.com', '7731-2644', 'M', '1988-01-01', 'OD7389'),
(116, 'Iván Jonathan', 'Castillo Godoy', 'Padre', '42834854-7', 'yaton2020@gmail.com', '7887-7370', 'M', '1989-02-12', 'AC9757'),
(117, 'Miguel Sergio', 'Fernández Juárez', 'Padre', '48151772-8', 'yaton2020@gmail.com', '7671-4466', 'M', '1987-06-11', 'AF6686'),
(118, 'Valentín Guillermo', 'Vega Gutiérrez', 'Padre', '81221014-6', 'yaton2020@gmail.com', '7780-0178', 'M', '1987-06-11', 'AV1432'),
(119, 'Iván Axel', 'Núñez Herrera', 'Padre', '11516217-7', 'yaton2020@gmail.com', '7108-0728', 'M', '1988-11-03', 'BN8146'),
(120, 'Juan Manuel Pedro', 'Gutiérrez Peralta', 'Padre', '27531788-4', 'yaton2020@gmail.com', '7747-4170', 'M', '1989-02-12', 'CG6284'),
(121, 'Erick Juan', 'Muñoz Silva', 'Padre', '85810703-2', 'yaton2020@gmail.com', '7618-5020', 'M', '1988-11-03', 'CM1768'),
(122, 'Kevin Diego', 'Ponce Ramírez', 'Padre', '20072271-8', 'yaton2020@gmail.com', '7014-2075', 'M', '1988-11-03', 'CP2577'),
(123, 'Hugo Bautista', 'Vera Medina', 'Padre', '40287484-1', 'yaton2020@gmail.com', '7073-4054', 'M', '1989-02-12', 'CV1817'),
(124, 'Maximiliano Miguel', 'Ferreyra Vega', 'Padre', '58764583-0', 'yaton2020@gmail.com', '7335-1878', 'M', '1989-02-12', 'EF2321'),
(125, 'Ignacio Jeronimo', 'Núñez Molina', 'Padre', '51517455-4', 'yaton2020@gmail.com', '7644-6341', 'M', '1989-02-12', 'FN9269'),
(126, 'Isaac Miguel Angel', 'Peralta Gómez', 'Padre', '58148724-6', 'yaton2020@gmail.com', '7843-1164', 'M', '1988-11-03', 'IP9464'),
(127, 'Gabriel Santiago', 'Álvarez Gómez', 'Padre', '73853066-4', 'yaton2020@gmail.com', '7346-8175', 'M', '1987-06-11', 'JÁ1787'),
(128, 'Hugo Agustin', 'Acosta Ortiz', 'Padre', '28163855-7', 'yaton2020@gmail.com', '7352-8286', 'M', '1988-11-03', 'JA6979'),
(129, 'Oscar Jorge', 'Flores Ponce', 'Padre', '56234116-2', 'yaton2020@gmail.com', '7323-6132', 'M', '1987-06-11', 'JF6956'),
(130, 'Bruno Valentín', 'Flores Pérez', 'Padre', '54753138-0', 'yaton2020@gmail.com', '7173-6221', 'M', '1989-02-12', 'JF9166'),
(131, 'Jorge Jesús', 'Molina Domínguez', 'Padre', '71320850-1', 'yaton2020@gmail.com', '7650-5430', 'M', '1989-02-12', 'JM6166'),
(132, 'Lucas Emmanuel', 'Pereyra Díaz', 'Padre', '76433573-0', 'yaton2020@gmail.com', '7107-6676', 'M', '1989-02-12', 'JP1338'),
(133, 'Juan Jose Ángel', 'Pérez Castro', 'Padre', '70164831-7', 'yaton2020@gmail.com', '7210-7774', 'M', '1989-02-12', 'JP9542'),
(134, 'Emiliano Ignacio', 'Suárez Morales', 'Padre', '72575726-8', 'yaton2020@gmail.com', '7221-6151', 'M', '1987-06-11', 'JS1631'),
(135, 'Iván Marcos', 'Sánchez Herrera', 'Padre', '80134210-2', 'yaton2020@gmail.com', '7005-8067', 'M', '1989-02-12', 'JS5228'),
(136, 'Tomás Álvaro', 'González González', 'Padre', '77026711-5', 'yaton2020@gmail.com', '7087-2565', 'M', '1988-11-03', 'LG3866'),
(137, 'Jonathan Juan David', 'Vera Fernández', 'Padre', '17722671-1', 'yaton2020@gmail.com', '7363-8020', 'M', '1988-06-14', 'AV2194'),
(138, 'Miguel Mateo', 'Vega Peralta', 'Padre', '80118752-4', 'yaton2020@gmail.com', '7572-6636', 'M', '1988-06-14', 'AV9782'),
(139, 'Leonardo Jeronimo', 'Flores Aguirre', 'Padre', '33276238-7', 'yaton2020@gmail.com', '7102-4832', 'M', '1988-02-07', 'CF7283'),
(140, 'Ignacio Joshua', 'Ruiz Molina', 'Padre', '60202108-6', 'yaton2020@gmail.com', '7815-1472', 'M', '1988-06-14', 'CR3815'),
(141, 'Cristian Luca', 'Acosta Ponce', 'Padre', '57218865-2', 'yaton2020@gmail.com', '7153-4564', 'M', '1989-10-01', 'DA6344'),
(142, 'Luis Felipe', 'Castro Benítez', 'Padre', '52272852-2', 'yaton2020@gmail.com', '7365-3612', 'M', '1988-02-07', 'DC7557'),
(143, 'Manuel Juan Pablo', 'Vázquez Castro', 'Padre', '36353344-7', 'yaton2020@gmail.com', '7734-4767', 'M', '1988-06-14', 'DV6321'),
(144, 'Carlos Thiago', 'Ledesma Rojas', 'Padre', '35804635-3', 'yaton2020@gmail.com', '7276-7163', 'M', '1988-02-07', 'EL4666'),
(145, 'Bruno Martín', 'Pérez Ramírez', 'Padre', '70151220-6', 'yaton2020@gmail.com', '7512-8701', 'M', '1988-06-14', 'EP9486'),
(146, 'Mathew Miguel', 'Ríos Juárez', 'Padre', '14171264-0', 'yaton2020@gmail.com', '7530-7756', 'M', '1988-02-07', 'ER2461'),
(147, 'Alexander Anthony', 'Martínez Ledesma', 'Padre', '22758565-4', 'yaton2020@gmail.com', '7218-0678', 'M', '1988-06-14', 'FM6585'),
(148, 'Jose Thiago', 'Rodríguez Molina', 'Padre', '66110254-2', 'yaton2020@gmail.com', '7710-7710', 'M', '1989-10-01', 'FR8934'),
(149, 'Guillermo David', 'Torres Muñoz', 'Padre', '14656682-7', 'yaton2020@gmail.com', '7823-1057', 'M', '1988-02-07', 'FT1489'),
(150, 'Matías Valentín', 'Vázquez Moreno', 'Padre', '38785371-2', 'yaton2020@gmail.com', '7658-1438', 'M', '1989-10-01', 'FV5729'),
(151, 'Valentín Tomás', 'Martínez Vera', 'Padre', '24858704-8', 'yaton2020@gmail.com', '7673-1387', 'M', '1989-10-01', 'GM3695'),
(152, 'David Simón', 'Luna Morales', 'Padre', '81081702-6', 'yaton2020@gmail.com', '7166-0730', 'M', '1989-10-01', 'JL5461'),
(153, 'Benjamin Ricardo', 'Martínez González', 'Padre', '41087642-3', 'yaton2020@gmail.com', '7211-7023', 'M', '1988-02-07', 'JM4873'),
(154, 'Cristian Miguel', 'Ríos Cabrera', 'Padre', '53854328-0', 'yaton2020@gmail.com', '7630-2176', 'M', '1989-10-01', 'JR3327'),
(155, 'Kevin Antonio', 'Luna Núñez', 'Padre', '34810173-2', 'yaton2020@gmail.com', '7671-3702', 'M', '1989-10-01', 'KL8952'),
(156, 'Mateo Cesar', 'Aguirre Godoy', 'Padre', '63836756-4', 'yaton2020@gmail.com', '7067-4233', 'M', '1989-10-01', 'LA2352'),
(157, 'Hugo Martín', 'Silva Aguirre', 'Padre', '63756316-0', 'yaton2020@gmail.com', '7010-0543', 'M', '1989-10-01', 'LS1267'),
(158, 'Juan Eduardo', 'Álvarez Ponce', 'Padre', '62326830-7', 'yaton2020@gmail.com', '7304-6551', 'M', '1989-10-01', 'MÁ5258'),
(159, 'Ángel Mathew', 'Acosta Ponce', 'Padre', '34653783-5', 'yaton2020@gmail.com', '7026-8544', 'M', '1988-06-14', 'MA9739'),
(160, 'Luca Gael', 'Pereyra Flores', 'Padre', '11761084-7', 'yaton2020@gmail.com', '7641-8238', 'M', '1988-02-07', 'OP9186'),
(161, 'Luis Kevin', 'Rojas Ojeda', 'Padre', '07156566-5', 'yaton2020@gmail.com', '7836-3666', 'M', '1988-02-07', 'OR5469'),
(162, 'Cristopher Ricardo', 'Vega Aguirre', 'Padre', '47846276-6', 'yaton2020@gmail.com', '7053-2634', 'M', '1989-10-01', 'PV2487'),
(163, 'Pablo Jesús', 'Juárez Fernández', 'Padre', '36102477-6', 'yaton2020@gmail.com', '7125-3784', 'M', '1989-12-11', 'AJ3557'),
(164, 'Santiago Alejandro', 'López Díaz', 'Padre', '15511180-7', 'yaton2020@gmail.com', '7747-1082', 'M', '1988-01-01', 'AL1951'),
(165, 'Oscar Ricardo', 'Torres Ruiz', 'Padre', '23728051-2', 'yaton2020@gmail.com', '7118-8680', 'M', '0000-00-00', 'AT5162'),
(166, 'Felipe Andrés', 'Vázquez Pereyra', 'Padre', '51325405-8', 'yaton2020@gmail.com', '7625-7462', 'M', '1988-01-01', 'AV5191'),
(167, 'Joaquin Tomás', 'Ledesma Pereyra', 'Padre', '77740248-6', 'yaton2020@gmail.com', '7410-8033', 'M', '1988-01-01', 'BL2957'),
(168, 'David Eduardo', 'Ojeda Peralta', 'Padre', '14122237-5', 'yaton2020@gmail.com', '7872-6304', 'M', '1988-01-01', 'BO2759'),
(169, 'Mauricio Jonathan', 'Rodríguez Benítez', 'Padre', '76335427-1', 'yaton2020@gmail.com', '7016-6015', 'M', '1989-12-11', 'DR7596'),
(170, 'Jose Matías', 'Ríos Carrizo', 'Padre', '31444122-2', 'yaton2020@gmail.com', '7424-7200', 'M', '1988-01-01', 'DR8694'),
(171, 'Bruno Jorge', 'Muñoz Cabrera', 'Padre', '67667252-0', 'yaton2020@gmail.com', '7318-0477', 'M', '1988-01-01', 'EM8842'),
(172, 'Rafael Juan Manuel', 'Muñoz Fernández', 'Padre', '85608064-3', 'yaton2020@gmail.com', '7723-2271', 'M', '1988-01-01', 'GM2229'),
(173, 'Cesar Manuel', 'Vega Godoy', 'Padre', '88225132-3', 'yaton2020@gmail.com', '7042-0263', 'M', '0000-00-00', 'GV2633'),
(174, 'Santiago Jesús', 'Benítez Ferreyra', 'Padre', '04502552-1', 'yaton2020@gmail.com', '7218-7734', 'M', '1988-01-01', 'IB1332'),
(175, 'Mateo Martín', 'Pereyra Vera', 'Padre', '25010454-2', 'yaton2020@gmail.com', '7133-7110', 'M', '1988-01-01', 'IP9558'),
(176, 'Oscar Iván', 'Álvarez Vera', 'Padre', '81808688-7', 'yaton2020@gmail.com', '7673-8857', 'M', '1989-12-11', 'JÁ7773'),
(177, 'Kevin Andrés', 'Benítez Morales', 'Padre', '14473727-0', 'yaton2020@gmail.com', '7561-4531', 'M', '1988-01-01', 'JB7154'),
(178, 'Aaron Vicente', 'Cabrera Vera', 'Padre', '03810123-2', 'yaton2020@gmail.com', '7627-7807', 'M', '1988-01-01', 'JC8281'),
(179, 'Isaac Manuel', 'Gutiérrez Godoy', 'Padre', '14451873-6', 'yaton2020@gmail.com', '7665-4217', 'M', '1989-12-11', 'JG8863'),
(180, 'Tomás Axel', 'Pérez Ojeda', 'Padre', '66846822-5', 'yaton2020@gmail.com', '7236-8335', 'M', '1988-01-01', 'JP6494'),
(181, 'Luis Kevin', 'Quiroga Rojas', 'Padre', '58753571-8', 'yaton2020@gmail.com', '7807-5285', 'M', '1988-01-01', 'JQ9587'),
(182, 'Mauricio Carlos', 'Ortiz Juárez', 'Padre', '77641037-7', 'yaton2020@gmail.com', '7343-5264', 'M', '1989-12-11', 'KO6831'),
(183, 'Mauricio Cristopher', 'Castillo Flores', 'Padre', '14244865-2', 'yaton2020@gmail.com', '7742-2426', 'M', '1988-01-01', 'LC8432'),
(184, 'Emiliano Samuel', 'Quiroga Ojeda', 'Padre', '50518568-8', 'yaton2020@gmail.com', '7220-8287', 'M', '1989-12-11', 'LQ3145'),
(185, 'Juan Sebastian Diego', 'Ferreyra Ferreyra', 'Padre', '70463000-1', 'yaton2020@gmail.com', '7404-3710', 'M', '1988-01-01', 'MF1821'),
(186, 'Bautista Juan', 'Núñez Domínguez', 'Padre', '00520554-3', 'yaton2020@gmail.com', '7152-0134', 'M', '1988-01-01', 'MN2956'),
(187, 'Hugo Thiago', 'Quiroga Moreno', 'Padre', '22261626-1', 'yaton2020@gmail.com', '7366-8256', 'M', '0000-00-00', 'MQ5455'),
(188, 'Isaac Rodrigo', 'Rodríguez Pereyra', 'Padre', '02364832-8', 'yaton2020@gmail.com', '7751-7846', 'M', '1988-01-01', 'MR3799'),
(189, 'Bautista Hugo', 'Carrizo Ledesma', 'Padre', '15068683-1', 'yaton2020@gmail.com', '7466-1530', 'M', '1989-11-06', 'AC5755'),
(190, 'Alejandro Mathew', 'Sosa Martínez', 'Padre', '05767711-7', 'yaton2020@gmail.com', '7047-6318', 'M', '1989-09-14', 'AS7999'),
(191, 'Martín Bruno', 'Acosta Acosta', 'Padre', '14551763-0', 'yaton2020@gmail.com', '7780-3530', 'M', '0000-00-00', 'BA3564'),
(192, 'Eduardo Daniel', 'Martínez Romero', 'Padre', '07562808-2', 'yaton2020@gmail.com', '7778-8300', 'M', '1989-09-14', 'BM7119'),
(193, 'Santiago Hugo', 'Luna Gómez', 'Padre', '17635260-2', 'yaton2020@gmail.com', '7001-7081', 'M', '0000-00-00', 'CL9294'),
(194, 'Matías Diego', 'Peralta Romero', 'Padre', '34647144-6', 'yaton2020@gmail.com', '7108-3081', 'M', '1989-09-14', 'CP7186'),
(195, 'Cristopher Agustin', 'Romero Torres', 'Padre', '87716243-0', 'yaton2020@gmail.com', '7764-4432', 'M', '0000-00-00', 'DR7987'),
(196, 'Hugo Dylan', 'Silva Morales', 'Padre', '68613637-2', 'yaton2020@gmail.com', '7886-2318', 'M', '1989-11-06', 'DS5899'),
(197, 'Marcos Antonio', 'Ponce Ramírez', 'Padre', '06223480-6', 'yaton2020@gmail.com', '7312-2844', 'M', '0000-00-00', 'EP2846'),
(198, 'Bautista Bruno', 'Vázquez Sosa', 'Padre', '17037084-0', 'yaton2020@gmail.com', '7264-5413', 'M', '1989-11-06', 'FV5372'),
(199, 'Ángel Jose', 'Rojas Medina', 'Padre', '16245146-2', 'yaton2020@gmail.com', '7683-5667', 'M', '0000-00-00', 'GR9232'),
(200, 'David Tomás', 'Juárez Ponce', 'Padre', '18307231-3', 'yaton2020@gmail.com', '7855-5382', 'M', '0000-00-00', 'IJ2434'),
(201, 'Emilio Cristopher', 'Ferreyra Castro', 'Padre', '78331115-7', 'yaton2020@gmail.com', '7732-6740', 'M', '1989-09-14', 'JF6695'),
(202, 'Alexander Joaquin', 'García Herrera', 'Padre', '37126688-1', 'yaton2020@gmail.com', '7815-7470', 'M', '1989-09-14', 'JG8253'),
(203, 'Rafael Cesar', 'Herrera Pereyra', 'Padre', '32351573-2', 'yaton2020@gmail.com', '7836-5480', 'M', '0000-00-00', 'JH1242'),
(204, 'Juan Pablo Agustin', 'Martínez Álvarez', 'Padre', '15224786-4', 'yaton2020@gmail.com', '7731-4003', 'M', '1989-09-14', 'JM5279'),
(205, 'Erick Iván', 'Sosa Peralta', 'Padre', '73467455-8', 'yaton2020@gmail.com', '7510-4773', 'M', '0000-00-00', 'JS5299'),
(206, 'Felipe Cesar', 'Carrizo Carrizo', 'Padre', '86118622-3', 'yaton2020@gmail.com', '7633-7042', 'M', '1989-09-14', 'LC2335'),
(207, 'Hugo Jonathan', 'Moreno Sánchez', 'Padre', '83614653-0', 'yaton2020@gmail.com', '7630-5885', 'M', '1989-11-06', 'LM8535'),
(208, 'Anthony Fernando', 'Peralta Núñez', 'Padre', '21220265-7', 'yaton2020@gmail.com', '7310-4425', 'M', '1989-09-14', 'SP1535'),
(209, 'Jorge Francisco', 'Sosa Ortiz', 'Padre', '60845885-0', 'yaton2020@gmail.com', '7448-4385', 'M', '0000-00-00', 'SS6823'),
(210, 'Luca Ángel', 'Díaz Rodríguez', 'Padre', '74611600-5', 'yaton2020@gmail.com', '7821-0253', 'M', '1987-10-20', 'AD8319'),
(211, 'Erick Dylan', 'Gómez Juárez', 'Padre', '44254078-0', 'yaton2020@gmail.com', '7836-1028', 'M', '0000-00-00', 'AG4952'),
(212, 'Carlos Juan Manuel', 'Rodríguez Medina', 'Padre', '17202035-2', 'yaton2020@gmail.com', '7038-5876', 'M', '1989-07-04', 'AR6451'),
(213, 'Antonio Daniel', 'Cabrera Suárez', 'Padre', '68650334-8', 'yaton2020@gmail.com', '7161-7277', 'M', '1989-07-04', 'BC4314'),
(214, 'Juan Pablo Álvaro', 'Ramírez García', 'Padre', '57484831-0', 'yaton2020@gmail.com', '7828-3338', 'M', '0000-00-00', 'BR6494'),
(215, 'Vicente Miguel Angel', 'Acosta Vega', 'Padre', '24302547-1', 'yaton2020@gmail.com', '7040-2184', 'M', '1987-10-20', 'EA1458'),
(216, 'Gabriel Manuel', 'Herrera Sosa', 'Padre', '30866387-4', 'yaton2020@gmail.com', '7031-3277', 'M', '0000-00-00', 'EH6526'),
(217, 'Mario Carlos', 'Juárez Aguirre', 'Padre', '04034732-3', 'yaton2020@gmail.com', '7607-3435', 'M', '1989-07-04', 'EJ1516'),
(218, 'Dylan Andrés', 'Medina Juárez', 'Padre', '87506533-7', 'yaton2020@gmail.com', '7860-0184', 'M', '1989-07-04', 'EM7732'),
(219, 'Alejandro Joaquin', 'García Pereyra', 'Padre', '53241543-1', 'yaton2020@gmail.com', '7487-3366', 'M', '1987-10-20', 'GG2548'),
(220, 'Francisco Dylan', 'Castillo Torres', 'Padre', '78073027-7', 'yaton2020@gmail.com', '7187-0545', 'M', '1989-07-04', 'IC9111'),
(221, 'Pablo Martín', 'Aguirre Luna', 'Padre', '11518600-0', 'yaton2020@gmail.com', '7805-6088', 'M', '1987-10-20', 'JA9221'),
(222, 'Ignacio Oscar', 'Fernández Morales', 'Padre', '17545218-6', 'yaton2020@gmail.com', '7511-3088', 'M', '1989-07-04', 'JF8851'),
(223, 'Cristobal Jorge', 'García Silva', 'Padre', '26412701-4', 'yaton2020@gmail.com', '7704-2731', 'M', '0000-00-00', 'JG7617'),
(224, 'Marcos Bautista', 'Ruiz Ponce', 'Padre', '78411710-4', 'yaton2020@gmail.com', '7075-0728', 'M', '1989-07-04', 'JR5157'),
(225, 'Guillermo Rafael', 'Ruiz Álvarez', 'Padre', '70720365-6', 'yaton2020@gmail.com', '7413-5304', 'M', '1987-10-20', 'JR7361'),
(226, 'Cristopher Pablo', 'Romero Romero', 'Padre', '74282525-7', 'yaton2020@gmail.com', '7266-1348', 'M', '1989-07-04', 'JR9444'),
(227, 'Hugo Santiago', 'Sosa Vera', 'Padre', '22047286-7', 'yaton2020@gmail.com', '7064-4785', 'M', '0000-00-00', 'JS7314'),
(228, 'Esteban Juan Manuel', 'Vera Herrera', 'Padre', '83455635-4', 'yaton2020@gmail.com', '7802-3066', 'M', '1987-10-20', 'JV6732'),
(229, 'Nicolás Esteban', 'Silva Ojeda', 'Padre', '17768168-8', 'yaton2020@gmail.com', '7653-1548', 'M', '1987-10-20', 'MS6856'),
(230, 'Emmanuel Gael', 'Ojeda Vera', 'Padre', '76534441-5', 'yaton2020@gmail.com', '7158-7084', 'M', '1989-07-04', 'OO1499'),
(231, 'Juan Jose Luis', 'Acosta Ojeda', 'Padre', '44818046-7', 'yaton2020@gmail.com', '7402-3677', 'M', '1989-10-25', 'AA9176'),
(232, 'Benjamin Jesús', 'Gutiérrez Luna', 'Padre', '67016857-8', 'yaton2020@gmail.com', '7588-5577', 'M', '1989-02-16', 'ÁG3889'),
(233, 'Matías Santiago', 'Muñoz Sánchez', 'Padre', '77671446-0', 'yaton2020@gmail.com', '7741-2674', 'M', '1989-10-25', 'AM1481'),
(234, 'Santiago Juan Jose', 'Peralta Rojas', 'Padre', '58056361-7', 'yaton2020@gmail.com', '7882-0570', 'M', '1989-10-25', 'AP9214'),
(235, 'Ángel Joaquin', 'Herrera Torres', 'Padre', '61472547-6', 'yaton2020@gmail.com', '7558-8434', 'M', '1989-02-16', 'BH5175'),
(236, 'Juan David Kevin', 'Suárez López', 'Padre', '48118405-3', 'yaton2020@gmail.com', '7881-8217', 'M', '1987-07-02', 'BS8367'),
(237, 'Matías Juan Jose', 'Aguirre Flores', 'Padre', '75646745-5', 'yaton2020@gmail.com', '7836-3206', 'M', '1989-10-25', 'CA5153'),
(238, 'Gabriel Emmanuel', 'Gutiérrez Cabrera', 'Padre', '21818123-3', 'yaton2020@gmail.com', '7371-6780', 'M', '1989-02-16', 'CG6862'),
(239, 'Guillermo Miguel Angel', 'Peralta Muñoz', 'Padre', '51386761-6', 'yaton2020@gmail.com', '7047-5723', 'M', '1987-07-02', 'CP7116'),
(240, 'Sergio Iván', 'Vega Pereyra', 'Padre', '48527401-3', 'yaton2020@gmail.com', '7250-3600', 'M', '1987-07-02', 'CV8946'),
(241, 'Julían Gabriel', 'Molina Carrizo', 'Padre', '61232770-5', 'yaton2020@gmail.com', '7814-3007', 'M', '1989-02-16', 'DM4228'),
(242, 'Valentín Mario', 'Acosta Martínez', 'Padre', '24457231-2', 'yaton2020@gmail.com', '7628-2623', 'M', '1987-07-02', 'EA3693'),
(243, 'Gael Gael', 'Aguirre Godoy', 'Padre', '68157434-7', 'yaton2020@gmail.com', '7738-8713', 'M', '1989-10-25', 'EA6948'),
(244, 'Nicolás Emmanuel', 'Juárez Herrera', 'Padre', '34463073-4', 'yaton2020@gmail.com', '7687-6340', 'M', '1987-07-02', 'EJ8759'),
(245, 'Simón Cesar', 'Peralta García', 'Padre', '42342360-1', 'yaton2020@gmail.com', '7157-7354', 'M', '1987-07-02', 'FP9513'),
(246, 'Mauricio Diego', 'Ramírez Suárez', 'Padre', '16844083-3', 'yaton2020@gmail.com', '7265-8413', 'M', '1989-10-25', 'GR8383'),
(247, 'Carlos Fernando', 'Rojas Pérez', 'Padre', '37717361-4', 'yaton2020@gmail.com', '7781-6340', 'M', '1989-10-25', 'GR8429'),
(248, 'Jorge Samuel', 'Rodríguez Domínguez', 'Padre', '36125782-3', 'yaton2020@gmail.com', '7022-5404', 'M', '1989-02-16', 'GR9663'),
(249, 'Bautista Emilio', 'Castillo Acosta', 'Padre', '85567611-2', 'yaton2020@gmail.com', '7208-3217', 'M', '1989-02-16', 'JC7138'),
(250, 'Valentín Antonio', 'Godoy Sánchez', 'Padre', '77781586-6', 'yaton2020@gmail.com', '7806-2787', 'M', '1989-10-25', 'JG4856'),
(251, 'Ángel Felipe', 'Rojas Silva', 'Padre', '15870133-4', 'yaton2020@gmail.com', '7565-5754', 'M', '1989-10-25', 'JR2828'),
(252, 'Javier Anthony', 'Romero Vera', 'Padre', '21314321-4', 'yaton2020@gmail.com', '7424-1571', 'M', '1987-07-02', 'JR6265'),
(253, 'Mario Lucas', 'Ríos Domínguez', 'Padre', '21851567-4', 'yaton2020@gmail.com', '7052-1224', 'M', '1989-10-25', 'JR8687'),
(254, 'Emilio Felipe', 'Vázquez Sánchez', 'Padre', '78141368-1', 'yaton2020@gmail.com', '7688-7452', 'M', '1989-02-16', 'JV6346'),
(255, 'Dylan Javier', 'Juárez Godoy', 'Padre', '83588324-7', 'yaton2020@gmail.com', '7581-4522', 'M', '1989-10-25', 'MJ6199'),
(256, 'Jorge Emmanuel', 'Ramírez Domínguez', 'Padre', '38812087-0', 'yaton2020@gmail.com', '7750-0021', 'M', '1989-02-16', 'MR6432'),
(257, 'Aaron Jose', 'Castro Ledesma', 'Padre', '75425363-3', 'yaton2020@gmail.com', '7534-5126', 'M', '1989-02-10', 'AC4113'),
(258, 'Simón Juan Pablo', 'Medina López', 'Padre', '72000860-6', 'yaton2020@gmail.com', '7788-6680', 'M', '1987-08-02', 'AM3292'),
(259, 'Aaron Fernando', 'Ríos Torres', 'Padre', '57377516-3', 'yaton2020@gmail.com', '7841-8403', 'M', '1987-08-02', 'AR6454'),
(260, 'Samuel Cristopher', 'Torres Molina', 'Padre', '12871125-2', 'yaton2020@gmail.com', '7683-4216', 'M', '1988-10-16', 'AT6834'),
(261, 'Bautista Francisco', 'González Sánchez', 'Padre', '21142866-3', 'yaton2020@gmail.com', '7762-0481', 'M', '1987-08-02', 'CG7763'),
(262, 'Jeronimo Juan David', 'Moreno Ferreyra', 'Padre', '34843524-1', 'yaton2020@gmail.com', '7683-2385', 'M', '1989-02-10', 'CM6312'),
(263, 'Santiago Ignacio', 'Castro Vázquez', 'Padre', '28743853-8', 'yaton2020@gmail.com', '7037-8344', 'M', '1987-08-02', 'DC2479'),
(264, 'Marcos Jesús', 'Juárez Flores', 'Padre', '88860310-8', 'yaton2020@gmail.com', '7466-4186', 'M', '1987-08-02', 'EJ7742'),
(265, 'Sergio Jesús', 'Romero Núñez', 'Padre', '05770436-7', 'yaton2020@gmail.com', '7227-4512', 'M', '1988-10-16', 'ER4698'),
(266, 'David Rodrigo', 'Díaz Ramírez', 'Padre', '13501748-8', 'yaton2020@gmail.com', '7786-1422', 'M', '1988-10-16', 'FD6561'),
(267, 'Emmanuel Julían', 'Álvarez Luna', 'Padre', '22241366-1', 'yaton2020@gmail.com', '7360-3584', 'M', '1989-02-10', 'GÁ5585'),
(268, 'Francisco Alexander', 'Herrera Medina', 'Padre', '20328468-5', 'yaton2020@gmail.com', '7415-5466', 'M', '1988-10-16', 'IH1539'),
(269, 'Tomás Valentín', 'Herrera Sánchez', 'Padre', '23348654-4', 'yaton2020@gmail.com', '7052-5688', 'M', '1987-08-02', 'IH4598'),
(270, 'Juan Sebastian Bautista', 'Juárez Vera', 'Padre', '17806133-5', 'yaton2020@gmail.com', '7431-8806', 'M', '1987-08-02', 'IJ1129'),
(271, 'Miguel Dylan', 'Moreno García', 'Padre', '05030207-7', 'yaton2020@gmail.com', '7857-5618', 'M', '1989-02-10', 'IM4233'),
(272, 'Santiago David', 'Ferreyra Juárez', 'Padre', '84750206-5', 'yaton2020@gmail.com', '7881-3023', 'M', '1989-02-10', 'JF4522'),
(273, 'Andrés Santiago', 'Juárez Sánchez', 'Padre', '57535767-2', 'yaton2020@gmail.com', '7573-8436', 'M', '1989-02-10', 'JJ5873'),
(274, 'Miguel Pedro', 'Medina Medina', 'Padre', '78443345-2', 'yaton2020@gmail.com', '7213-2277', 'M', '1989-02-10', 'JM3769'),
(275, 'Luis Bruno', 'Ríos Martínez', 'Padre', '64881615-8', 'yaton2020@gmail.com', '7570-7082', 'M', '1988-10-16', 'JR7753'),
(276, 'Rafael Emiliano', 'Silva Benítez', 'Padre', '06034821-8', 'yaton2020@gmail.com', '7433-4441', 'M', '1987-08-02', 'JS9711'),
(277, 'Eduardo Juan', 'Vera García', 'Padre', '64448274-8', 'yaton2020@gmail.com', '7662-2176', 'M', '1987-08-02', 'JV1362'),
(278, 'Fernando Juan', 'Benítez López', 'Padre', '24277873-2', 'yaton2020@gmail.com', '7034-5048', 'M', '1988-10-16', 'LB9832'),
(279, 'Pablo Lucas', 'Aguirre Sánchez', 'Padre', '02036871-8', 'yaton2020@gmail.com', '7081-6385', 'M', '1987-08-02', 'MA1436'),
(280, 'Jonathan Luca', 'Ferreyra Juárez', 'Padre', '10564500-3', 'yaton2020@gmail.com', '7350-2234', 'M', '1989-02-10', 'MF8216'),
(281, 'Jesús Felipe', 'Sánchez Acosta', 'Padre', '12351374-6', 'yaton2020@gmail.com', '7534-6666', 'M', '1988-10-16', 'MS5346'),
(282, 'Julían Pedro', 'Vega Fernández', 'Padre', '50358888-5', 'yaton2020@gmail.com', '7202-8081', 'M', '1988-10-16', 'MV1492');

-- --------------------------------------------------------

--
-- Estructura de tabla para la tabla `period`
--

CREATE TABLE `period` (
  `idPeriod` int(15) NOT NULL,
  `startDate` date NOT NULL,
  `endDate` date NOT NULL,
  `percentage` float NOT NULL,
  `nthPeriod` int(15) NOT NULL
) ENGINE=InnoDB DEFAULT CHARSET=utf8 COLLATE=utf8_spanish2_ci;

--
-- Volcado de datos para la tabla `period`
--

INSERT INTO `period` (`idPeriod`, `startDate`, `endDate`, `percentage`, `nthPeriod`) VALUES
(1, '2017-01-17', '2017-03-18', 25, 1),
(2, '2017-08-30', '2017-09-06', 25, 2);

-- --------------------------------------------------------

--
-- Estructura de tabla para la tabla `permission`
--

CREATE TABLE `permission` (
  `idPermission` int(15) NOT NULL,
  `justification` varchar(300) COLLATE utf8_spanish2_ci NOT NULL,
  `idStudent` varchar(15) COLLATE utf8_spanish2_ci NOT NULL,
  `idSchedule` int(15) NOT NULL,
  `date` date NOT NULL
) ENGINE=InnoDB DEFAULT CHARSET=utf8 COLLATE=utf8_spanish2_ci;

-- --------------------------------------------------------

--
-- Estructura de tabla para la tabla `permission_grade`
--

CREATE TABLE `permission_grade` (
  `idPermission_Grade` int(15) NOT NULL,
  `startDate` date NOT NULL,
  `idCoor` varchar(15) COLLATE utf8_spanish2_ci NOT NULL,
  `approved` tinyint(1) NOT NULL,
  `description` varchar(400) COLLATE utf8_spanish2_ci NOT NULL
) ENGINE=InnoDB DEFAULT CHARSET=utf8 COLLATE=utf8_spanish2_ci;

-- --------------------------------------------------------

--
-- Estructura de tabla para la tabla `pg_profiles`
--

CREATE TABLE `pg_profiles` (
  `idRP` int(15) NOT NULL,
  `idProfile` int(15) NOT NULL,
  `idPermission` int(15) NOT NULL,
  `modified` tinyint(1) NOT NULL
) ENGINE=InnoDB DEFAULT CHARSET=utf8 COLLATE=utf8_spanish2_ci;

-- --------------------------------------------------------

--
-- Estructura de tabla para la tabla `pg_students`
--

CREATE TABLE `pg_students` (
  `idRegisterPermission` int(15) NOT NULL,
  `idStudent` varchar(15) COLLATE utf8_spanish2_ci NOT NULL,
  `idPermission` int(15) NOT NULL
) ENGINE=InnoDB DEFAULT CHARSET=utf8 COLLATE=utf8_spanish2_ci;

-- --------------------------------------------------------

--
-- Estructura de tabla para la tabla `record`
--

CREATE TABLE `record` (
  `idRecord` int(11) NOT NULL,
  `idApplied_Code` int(11) NOT NULL,
  `idStudent` varchar(6) COLLATE utf8_spanish2_ci NOT NULL,
  `accumulation_code` tinyint(1) NOT NULL
) ENGINE=InnoDB DEFAULT CHARSET=utf8 COLLATE=utf8_spanish2_ci;

-- --------------------------------------------------------

--
-- Estructura de tabla para la tabla `register_subject`
--

CREATE TABLE `register_subject` (
  `idRegisterSubject` int(15) NOT NULL,
  `idSubject` int(15) NOT NULL,
  `idSection` int(15) NOT NULL
) ENGINE=InnoDB DEFAULT CHARSET=utf8 COLLATE=utf8_spanish2_ci;

--
-- Volcado de datos para la tabla `register_subject`
--

INSERT INTO `register_subject` (`idRegisterSubject`, `idSubject`, `idSection`) VALUES
(1, 1, 1),
(2, 1, 2),
(3, 2, 1),
(4, 2, 2),
(5, 3, 1),
(6, 3, 3),
(7, 3, 4),
(8, 4, 6),
(9, 4, 7),
(10, 4, 8),
(11, 5, 2),
(12, 6, 5),
(13, 7, 3),
(14, 7, 4),
(15, 8, 7),
(16, 8, 8),
(17, 10, 6),
(18, 9, 1),
(19, 11, 1),
(20, 11, 2),
(21, 11, 3),
(22, 11, 4),
(23, 27, 5),
(24, 27, 6),
(25, 27, 7),
(26, 27, 8),
(27, 1, 3),
(28, 1, 4),
(29, 22, 5),
(30, 22, 6),
(31, 22, 7),
(32, 22, 8),
(33, 2, 3),
(34, 2, 4),
(35, 23, 5),
(36, 23, 6),
(37, 23, 7),
(38, 23, 8),
(39, 12, 2),
(40, 12, 3),
(41, 12, 4),
(42, 25, 5),
(43, 25, 6),
(44, 25, 7),
(45, 25, 8),
(46, 13, 2),
(47, 13, 3),
(48, 13, 4),
(49, 24, 5),
(50, 24, 6),
(51, 24, 7),
(52, 24, 8),
(53, 14, 2),
(54, 14, 3),
(55, 14, 4),
(56, 26, 5),
(57, 26, 6),
(58, 26, 7),
(59, 26, 8),
(60, 15, 2),
(61, 16, 5),
(62, 17, 9),
(63, 18, 9),
(64, 19, 11),
(65, 20, 10),
(66, 21, 12),
(67, 12, 1),
(68, 13, 1),
(69, 14, 1);

-- --------------------------------------------------------

--
-- Estructura de tabla para la tabla `schedule_register`
--

CREATE TABLE `schedule_register` (
  `idS_Register` int(15) NOT NULL,
  `startTime` time NOT NULL,
  `endTime` time NOT NULL,
  `day` varchar(10) COLLATE utf8_spanish2_ci NOT NULL,
  `nthHour` int(11) NOT NULL,
  `idSection` int(15) NOT NULL,
  `idSubject` int(15) NOT NULL
) ENGINE=InnoDB DEFAULT CHARSET=utf8 COLLATE=utf8_spanish2_ci;

--
-- Volcado de datos para la tabla `schedule_register`
--

INSERT INTO `schedule_register` (`idS_Register`, `startTime`, `endTime`, `day`, `nthHour`, `idSection`, `idSubject`) VALUES
(1, '07:00:00', '07:45:00', 'Lunes', 1, 1, 2),
(2, '07:00:00', '07:45:00', 'Miércoles', 1, 5, 16),
(3, '07:45:00', '08:30:00', 'Miércoles', 2, 5, 16),
(4, '08:50:00', '09:35:00', 'Lunes', 3, 2, 2),
(5, '08:50:00', '09:35:00', 'Jueves', 3, 8, 23),
(6, '09:35:00', '10:20:00', 'Lunes', 4, 2, 2),
(7, '09:35:00', '10:20:00', 'Jueves', 4, 8, 23),
(8, '11:25:00', '12:10:00', 'Miércoles', 6, 4, 2),
(9, '13:05:00', '13:50:00', 'Miércoles', 7, 4, 2),
(10, '14:50:00', '15:35:00', 'Lunes', 9, 3, 2),
(11, '14:50:00', '15:35:00', 'Miércoles', 9, 4, 2),
(12, '14:50:00', '15:35:00', 'Viernes', 9, 7, 23),
(13, '15:35:00', '16:15:00', 'Lunes', 10, 3, 2),
(14, '15:35:00', '16:15:00', 'Miércoles', 10, 6, 23),
(15, '15:35:00', '16:15:00', 'Viernes', 10, 7, 23),
(16, '07:00:00', '07:45:00', 'Lunes', 1, 9, 17),
(17, '07:00:00', '07:45:00', 'Martes', 1, 2, 1),
(18, '07:00:00', '07:45:00', 'Miércoles', 1, 3, 1),
(19, '07:00:00', '07:45:00', 'Viernes', 1, 9, 17),
(20, '07:45:00', '08:30:00', 'Lunes', 2, 9, 17),
(21, '07:45:00', '08:30:00', 'Martes', 2, 2, 1),
(22, '07:45:00', '08:30:00', 'Miércoles', 2, 3, 1),
(23, '07:45:00', '08:30:00', 'Viernes', 2, 1, 1),
(24, '10:40:00', '11:25:00', 'Martes', 5, 3, 1),
(25, '11:25:00', '12:10:00', 'Martes', 6, 3, 1),
(26, '13:05:00', '13:50:00', 'Jueves', 7, 9, 17),
(27, '13:50:00', '14:35:00', 'Jueves', 8, 9, 17),
(28, '14:50:00', '15:35:00', 'Lunes', 9, 9, 17),
(29, '14:50:00', '15:35:00', 'Miércoles', 9, 1, 1),
(30, '14:50:00', '15:35:00', 'Viernes', 9, 4, 1),
(31, '15:35:00', '16:15:00', 'Lunes', 10, 9, 17),
(32, '15:35:00', '16:15:00', 'Miércoles', 10, 1, 1),
(33, '15:35:00', '16:15:00', 'Viernes', 10, 4, 1),
(34, '07:00:00', '07:45:00', 'Lunes', 1, 8, 8),
(35, '07:00:00', '07:45:00', 'Miércoles', 1, 8, 8),
(36, '07:45:00', '08:30:00', 'Lunes', 2, 8, 8),
(37, '07:45:00', '08:30:00', 'Miércoles', 2, 8, 8),
(38, '08:50:00', '09:35:00', 'Jueves', 3, 4, 7),
(39, '08:50:00', '09:35:00', 'Viernes', 3, 4, 7),
(40, '09:35:00', '10:20:00', 'Jueves', 4, 4, 7),
(41, '09:35:00', '10:20:00', 'Viernes', 4, 4, 7),
(42, '10:40:00', '11:25:00', 'Martes', 5, 4, 7),
(43, '11:25:00', '12:10:00', 'Martes', 6, 4, 7),
(44, '13:05:00', '13:50:00', 'Miércoles', 7, 7, 8),
(45, '13:05:00', '13:50:00', 'Viernes', 7, 4, 7),
(46, '13:50:00', '14:35:00', 'Miércoles', 8, 7, 8),
(47, '13:50:00', '14:35:00', 'Viernes', 8, 4, 7),
(48, '14:50:00', '15:35:00', 'Lunes', 9, 8, 8),
(49, '14:50:00', '15:35:00', 'Jueves', 9, 7, 8),
(50, '15:35:00', '16:15:00', 'Lunes', 10, 8, 8),
(51, '15:35:00', '16:15:00', 'Jueves', 10, 7, 8),
(52, '07:00:00', '07:45:00', 'Lunes', 1, 7, 24),
(53, '07:00:00', '07:45:00', 'Martes', 1, 5, 24),
(54, '07:00:00', '07:45:00', 'Jueves', 1, 2, 13),
(55, '07:00:00', '07:45:00', 'Viernes', 1, 6, 24),
(56, '07:45:00', '08:30:00', 'Lunes', 2, 7, 24),
(57, '07:45:00', '08:30:00', 'Martes', 2, 5, 24),
(58, '07:45:00', '08:30:00', 'Jueves', 2, 2, 13),
(59, '07:45:00', '08:30:00', 'Viernes', 2, 6, 24),
(60, '08:50:00', '09:35:00', 'Miércoles', 3, 1, 13),
(61, '09:35:00', '10:20:00', 'Miércoles', 4, 1, 13),
(62, '11:25:00', '12:10:00', 'Lunes', 6, 2, 13),
(63, '11:25:00', '12:10:00', 'Martes', 6, 7, 24),
(64, '13:05:00', '13:50:00', 'Lunes', 7, 4, 13),
(65, '13:05:00', '13:50:00', 'Martes', 7, 2, 13),
(66, '13:50:00', '14:35:00', 'Miércoles', 8, 6, 24),
(67, '13:50:00', '14:35:00', 'Jueves', 8, 7, 24),
(68, '13:50:00', '14:35:00', 'Viernes', 8, 5, 24),
(69, '14:50:00', '15:35:00', 'Lunes', 9, 6, 24),
(70, '14:50:00', '15:35:00', 'Martes', 9, 5, 24),
(71, '14:50:00', '15:35:00', 'Miércoles', 9, 6, 24),
(72, '14:50:00', '15:35:00', 'Jueves', 9, 8, 24),
(73, '14:50:00', '15:35:00', 'Viernes', 9, 6, 24),
(74, '15:35:00', '16:15:00', 'Lunes', 10, 7, 24),
(75, '15:35:00', '16:15:00', 'Martes', 10, 5, 24),
(76, '07:00:00', '07:45:00', 'Lunes', 1, 6, 26),
(77, '07:00:00', '07:45:00', 'Martes', 1, 7, 26),
(78, '07:45:00', '08:30:00', 'Lunes', 2, 6, 26),
(79, '07:45:00', '08:30:00', 'Martes', 2, 7, 26),
(80, '07:45:00', '08:30:00', 'Miércoles', 2, 7, 27),
(81, '08:50:00', '09:35:00', 'Lunes', 3, 6, 27),
(82, '08:50:00', '09:35:00', 'Miércoles', 3, 7, 27),
(83, '09:35:00', '10:20:00', 'Lunes', 4, 7, 27),
(84, '09:35:00', '10:20:00', 'Miércoles', 4, 6, 26),
(85, '09:35:00', '10:20:00', 'Jueves', 4, 7, 27),
(86, '10:40:00', '11:25:00', 'Lunes', 5, 3, 14),
(87, '10:40:00', '11:25:00', 'Miércoles', 5, 2, 14),
(88, '10:40:00', '11:25:00', 'Jueves', 5, 1, 11),
(89, '11:25:00', '12:10:00', 'Lunes', 6, 3, 14),
(90, '11:25:00', '12:10:00', 'Miércoles', 6, 7, 26),
(91, '11:25:00', '12:10:00', 'Jueves', 6, 7, 26),
(92, '13:05:00', '13:50:00', 'Lunes', 7, 6, 27),
(93, '13:05:00', '13:50:00', 'Martes', 7, 1, 11),
(94, '13:50:00', '14:35:00', 'Lunes', 8, 6, 27),
(95, '13:50:00', '14:35:00', 'Martes', 8, 1, 11),
(96, '14:50:00', '15:35:00', 'Martes', 9, 8, 26),
(97, '15:35:00', '16:15:00', 'Martes', 10, 8, 26),
(98, '07:00:00', '07:45:00', 'Lunes', 1, 12, 21),
(99, '07:00:00', '07:45:00', 'Martes', 1, 8, 4),
(100, '07:00:00', '07:45:00', 'Miércoles', 1, 6, 4),
(101, '07:00:00', '07:45:00', 'Jueves', 1, 8, 4),
(102, '07:00:00', '07:45:00', 'Viernes', 1, 12, 21),
(103, '07:45:00', '08:30:00', 'Lunes', 2, 12, 21),
(104, '07:45:00', '08:30:00', 'Martes', 2, 8, 4),
(105, '07:45:00', '08:30:00', 'Miércoles', 2, 6, 4),
(106, '07:45:00', '08:30:00', 'Jueves', 2, 12, 21),
(107, '07:45:00', '08:30:00', 'Viernes', 2, 12, 21),
(108, '09:35:00', '10:20:00', 'Jueves', 4, 6, 4),
(109, '09:35:00', '10:20:00', 'Viernes', 4, 8, 4),
(110, '10:40:00', '11:25:00', 'Miércoles', 5, 8, 4),
(111, '10:40:00', '11:25:00', 'Jueves', 5, 7, 4),
(112, '10:40:00', '11:25:00', 'Viernes', 5, 12, 21),
(113, '11:25:00', '12:10:00', 'Martes', 6, 6, 4),
(114, '11:25:00', '12:10:00', 'Miércoles', 6, 12, 21),
(115, '13:05:00', '13:50:00', 'Lunes', 7, 7, 4),
(116, '13:05:00', '13:50:00', 'Martes', 7, 7, 4),
(117, '13:05:00', '13:50:00', 'Miércoles', 7, 3, 3),
(118, '13:05:00', '13:50:00', 'Jueves', 7, 8, 4),
(119, '13:05:00', '13:50:00', 'Viernes', 7, 12, 21),
(120, '13:50:00', '14:35:00', 'Lunes', 8, 12, 21),
(121, '13:50:00', '14:35:00', 'Martes', 8, 8, 4),
(122, '13:50:00', '14:35:00', 'Jueves', 8, 4, 3),
(123, '13:50:00', '14:35:00', 'Viernes', 8, 12, 21),
(124, '14:50:00', '15:35:00', 'Lunes', 9, 7, 4),
(125, '14:50:00', '15:35:00', 'Martes', 9, 4, 3),
(126, '14:50:00', '15:35:00', 'Viernes', 9, 8, 4),
(127, '15:35:00', '16:15:00', 'Lunes', 10, 4, 3),
(128, '15:35:00', '16:15:00', 'Viernes', 10, 6, 4),
(129, '07:00:00', '07:45:00', 'Lunes', 1, 5, 25),
(130, '07:00:00', '07:45:00', 'Martes', 1, 6, 10),
(131, '07:00:00', '07:45:00', 'Jueves', 1, 6, 10),
(132, '07:00:00', '07:45:00', 'Viernes', 1, 8, 25),
(133, '07:45:00', '08:30:00', 'Lunes', 2, 5, 25),
(134, '07:45:00', '08:30:00', 'Martes', 2, 6, 10),
(135, '07:45:00', '08:30:00', 'Jueves', 2, 6, 10),
(136, '07:45:00', '08:30:00', 'Viernes', 2, 8, 25),
(137, '08:50:00', '09:35:00', 'Martes', 3, 4, 12),
(138, '09:35:00', '10:20:00', 'Martes', 4, 4, 12),
(139, '09:35:00', '10:20:00', 'Viernes', 4, 6, 25),
(140, '10:40:00', '11:25:00', 'Lunes', 5, 6, 25),
(141, '10:40:00', '11:25:00', 'Viernes', 5, 6, 25),
(142, '11:25:00', '12:10:00', 'Lunes', 6, 6, 25),
(143, '11:25:00', '12:10:00', 'Jueves', 6, 5, 25),
(144, '13:05:00', '13:50:00', 'Jueves', 7, 5, 25),
(145, '14:50:00', '15:35:00', 'Lunes', 9, 5, 25),
(146, '14:50:00', '15:35:00', 'Martes', 9, 7, 25),
(147, '14:50:00', '15:35:00', 'Jueves', 9, 1, 9),
(148, '14:50:00', '15:35:00', 'Viernes', 9, 1, 12),
(149, '15:35:00', '16:15:00', 'Lunes', 10, 5, 25),
(150, '15:35:00', '16:15:00', 'Martes', 10, 7, 25),
(151, '15:35:00', '16:15:00', 'Jueves', 10, 1, 9),
(152, '15:35:00', '16:15:00', 'Viernes', 10, 1, 12),
(153, '07:00:00', '07:45:00', 'Lunes', 1, 2, 5),
(154, '07:00:00', '07:45:00', 'Viernes', 1, 5, 6),
(155, '07:45:00', '08:30:00', 'Lunes', 2, 2, 5),
(156, '07:45:00', '08:30:00', 'Miércoles', 2, 2, 5),
(157, '07:45:00', '08:30:00', 'Viernes', 2, 5, 6),
(158, '08:50:00', '09:35:00', 'Lunes', 3, 5, 6),
(159, '08:50:00', '09:35:00', 'Miércoles', 3, 5, 6),
(160, '09:35:00', '10:20:00', 'Miércoles', 4, 5, 6),
(161, '09:35:00', '10:20:00', 'Viernes', 4, 2, 5),
(162, '10:40:00', '11:25:00', 'Miércoles', 5, 5, 6),
(163, '10:40:00', '11:25:00', 'Viernes', 5, 2, 5),
(164, '11:25:00', '12:10:00', 'Jueves', 6, 2, 5),
(165, '13:05:00', '13:50:00', 'Jueves', 7, 2, 5),
(166, '13:50:00', '14:35:00', 'Martes', 8, 5, 6),
(167, '13:50:00', '14:35:00', 'Viernes', 8, 2, 5),
(168, '14:50:00', '15:35:00', 'Martes', 9, 2, 5),
(169, '14:50:00', '15:35:00', 'Viernes', 9, 2, 5),
(170, '15:35:00', '16:15:00', 'Martes', 10, 2, 5),
(171, '07:00:00', '07:45:00', 'Lunes', 1, 10, 20),
(172, '07:45:00', '08:30:00', 'Lunes', 2, 10, 20),
(173, '08:50:00', '09:35:00', 'Martes', 3, 10, 20),
(174, '09:35:00', '10:20:00', 'Martes', 4, 10, 20),
(175, '11:25:00', '12:10:00', 'Jueves', 6, 10, 20),
(176, '13:05:00', '13:50:00', 'Martes', 7, 10, 20),
(177, '13:05:00', '13:50:00', 'Jueves', 7, 10, 20),
(178, '13:05:00', '13:50:00', 'Viernes', 7, 10, 20),
(179, '13:50:00', '14:35:00', 'Martes', 8, 10, 20),
(180, '13:50:00', '14:35:00', 'Viernes', 8, 10, 20),
(181, '14:50:00', '15:35:00', 'Lunes', 9, 10, 20),
(182, '14:50:00', '15:35:00', 'Miércoles', 9, 10, 20),
(183, '14:50:00', '15:35:00', 'Viernes', 9, 10, 20),
(184, '15:35:00', '16:15:00', 'Lunes', 10, 10, 20),
(185, '15:35:00', '16:15:00', 'Miércoles', 10, 10, 20),
(186, '15:35:00', '16:15:00', 'Viernes', 10, 10, 20),
(187, '07:45:00', '08:30:00', 'Viernes', 2, 9, 18),
(188, '08:50:00', '09:35:00', 'Lunes', 3, 9, 18),
(189, '08:50:00', '09:35:00', 'Miércoles', 3, 9, 18),
(190, '08:50:00', '09:35:00', 'Jueves', 3, 9, 18),
(191, '08:50:00', '09:35:00', 'Viernes', 3, 9, 18),
(192, '09:35:00', '10:20:00', 'Lunes', 4, 9, 18),
(193, '09:35:00', '10:20:00', 'Martes', 4, 9, 18),
(194, '09:35:00', '10:20:00', 'Miércoles', 4, 9, 18),
(195, '09:35:00', '10:20:00', 'Jueves', 4, 9, 18),
(196, '10:40:00', '11:25:00', 'Martes', 5, 9, 18),
(197, '10:40:00', '11:25:00', 'Jueves', 5, 9, 18),
(198, '10:40:00', '11:25:00', 'Viernes', 5, 9, 18),
(199, '11:25:00', '12:10:00', 'Jueves', 6, 9, 18),
(200, '11:25:00', '12:10:00', 'Viernes', 6, 9, 18),
(201, '07:00:00', '07:45:00', 'Lunes', 1, 11, 19),
(202, '07:00:00', '07:45:00', 'Martes', 1, 11, 19),
(203, '07:00:00', '07:45:00', 'Miércoles', 1, 11, 19),
(204, '07:00:00', '07:45:00', 'Viernes', 1, 11, 19),
(205, '07:45:00', '08:30:00', 'Lunes', 2, 11, 19),
(206, '07:45:00', '08:30:00', 'Martes', 2, 11, 19),
(207, '07:45:00', '08:30:00', 'Miércoles', 2, 11, 19),
(208, '07:45:00', '08:30:00', 'Viernes', 2, 11, 19),
(209, '08:50:00', '09:35:00', 'Miércoles', 3, 11, 19),
(210, '08:50:00', '09:35:00', 'Jueves', 3, 11, 19),
(211, '09:35:00', '10:20:00', 'Jueves', 4, 11, 19),
(212, '11:25:00', '12:10:00', 'Martes', 6, 11, 19),
(213, '11:25:00', '12:10:00', 'Viernes', 6, 11, 19),
(214, '13:05:00', '13:50:00', 'Martes', 7, 11, 19),
(215, '13:05:00', '13:50:00', 'Miércoles', 7, 11, 19),
(216, '13:05:00', '13:50:00', 'Viernes', 7, 11, 19),
(217, '13:50:00', '14:35:00', 'Lunes', 8, 11, 19),
(218, '13:50:00', '14:35:00', 'Miércoles', 8, 11, 19),
(219, '14:50:00', '15:35:00', 'Lunes', 9, 11, 19),
(220, '14:50:00', '15:35:00', 'Jueves', 9, 11, 19),
(221, '14:50:00', '15:35:00', 'Viernes', 9, 11, 19),
(222, '15:35:00', '16:15:00', 'Lunes', 10, 11, 19),
(223, '15:35:00', '16:15:00', 'Jueves', 10, 11, 19),
(224, '15:35:00', '16:15:00', 'Viernes', 10, 11, 19),
(225, '07:00:00', '07:45:00', 'Miércoles', 1, 7, 22),
(226, '07:00:00', '07:45:00', 'Jueves', 1, 7, 22),
(227, '07:00:00', '07:45:00', 'Viernes', 1, 7, 22),
(228, '07:45:00', '08:30:00', 'Jueves', 2, 7, 22),
(229, '07:45:00', '08:30:00', 'Viernes', 2, 7, 22),
(230, '08:50:00', '09:35:00', 'Lunes', 3, 7, 22),
(231, '08:50:00', '09:35:00', 'Miércoles', 3, 6, 22),
(232, '09:35:00', '10:20:00', 'Lunes', 4, 8, 22),
(233, '11:25:00', '12:10:00', 'Lunes', 6, 8, 22),
(234, '11:25:00', '12:10:00', 'Martes', 6, 8, 22),
(235, '13:05:00', '13:50:00', 'Lunes', 7, 8, 22),
(236, '13:05:00', '13:50:00', 'Martes', 7, 8, 22),
(237, '13:50:00', '14:35:00', 'Lunes', 8, 8, 22),
(238, '14:50:00', '15:35:00', 'Martes', 9, 6, 22),
(239, '14:50:00', '15:35:00', 'Miércoles', 9, 8, 22),
(240, '14:50:00', '15:35:00', 'Jueves', 9, 6, 22),
(241, '14:50:00', '15:35:00', 'Viernes', 9, 5, 22),
(242, '15:35:00', '16:15:00', 'Lunes', 10, 6, 22),
(243, '15:35:00', '16:15:00', 'Martes', 10, 6, 22),
(244, '15:35:00', '16:15:00', 'Miércoles', 10, 7, 22),
(245, '15:35:00', '16:15:00', 'Jueves', 10, 6, 22),
(246, '15:35:00', '16:15:00', 'Viernes', 10, 5, 22);

-- --------------------------------------------------------

--
-- Estructura de tabla para la tabla `schedule_teacher_gnrl_info`
--

CREATE TABLE `schedule_teacher_gnrl_info` (
  `idScheduleInfo` int(15) NOT NULL,
  `idTeacher` varchar(15) COLLATE utf8_spanish2_ci NOT NULL,
  `idS_Register` int(15) NOT NULL
) ENGINE=InnoDB DEFAULT CHARSET=utf8 COLLATE=utf8_spanish2_ci;

--
-- Volcado de datos para la tabla `schedule_teacher_gnrl_info`
--

INSERT INTO `schedule_teacher_gnrl_info` (`idScheduleInfo`, `idTeacher`, `idS_Register`) VALUES
(1, 'D1466', 1),
(2, 'D1466', 2),
(3, 'D1466', 3),
(4, 'D1466', 4),
(5, 'D1466', 5),
(6, 'D1466', 6),
(7, 'D1466', 7),
(8, 'D1466', 8),
(9, 'D1466', 9),
(10, 'D1466', 10),
(11, 'D1466', 11),
(12, 'D1466', 12),
(13, 'D1466', 13),
(14, 'D1466', 14),
(15, 'D1466', 15),
(16, 'D1754', 16),
(17, 'D1754', 17),
(18, 'D1754', 18),
(19, 'D1754', 19),
(20, 'D1754', 20),
(21, 'D1754', 21),
(22, 'D1754', 22),
(23, 'D1754', 23),
(24, 'D1754', 24),
(25, 'D1754', 25),
(26, 'D1754', 26),
(27, 'D1754', 27),
(28, 'D1754', 28),
(29, 'D1754', 29),
(30, 'D1754', 30),
(31, 'D1754', 31),
(32, 'D1754', 32),
(33, 'D1754', 33),
(34, 'D2182', 34),
(35, 'D2182', 35),
(36, 'D2182', 36),
(37, 'D2182', 37),
(38, 'D2182', 38),
(39, 'D2182', 39),
(40, 'D2182', 40),
(41, 'D2182', 41),
(42, 'D2182', 42),
(43, 'D2182', 43),
(44, 'D2182', 44),
(45, 'D2182', 45),
(46, 'D2182', 46),
(47, 'D2182', 47),
(48, 'D2182', 48),
(49, 'D2182', 49),
(50, 'D2182', 50),
(51, 'D2182', 51),
(52, 'D2414', 52),
(53, 'D2414', 53),
(54, 'D2414', 54),
(55, 'D2414', 55),
(56, 'D2414', 56),
(57, 'D2414', 57),
(58, 'D2414', 58),
(59, 'D2414', 59),
(60, 'D2414', 60),
(61, 'D2414', 61),
(62, 'D2414', 62),
(63, 'D2414', 63),
(64, 'D2414', 64),
(65, 'D2414', 65),
(66, 'D2414', 66),
(67, 'D2414', 67),
(68, 'D2414', 68),
(69, 'D2414', 69),
(70, 'D2414', 70),
(71, 'D2414', 71),
(72, 'D2414', 72),
(73, 'D2414', 73),
(74, 'D2414', 74),
(75, 'D2414', 75),
(76, 'D3132', 76),
(77, 'D3132', 77),
(78, 'D3132', 78),
(79, 'D3132', 79),
(80, 'D3132', 80),
(81, 'D3132', 81),
(82, 'D3132', 82),
(83, 'D3132', 83),
(84, 'D3132', 84),
(85, 'D3132', 85),
(86, 'D3132', 86),
(87, 'D3132', 87),
(88, 'D3132', 88),
(89, 'D3132', 89),
(90, 'D3132', 90),
(91, 'D3132', 91),
(92, 'D3132', 92),
(93, 'D3132', 93),
(94, 'D3132', 94),
(95, 'D3132', 95),
(96, 'D3132', 96),
(97, 'D3132', 97),
(98, 'D4198', 98),
(99, 'D4198', 99),
(100, 'D4198', 100),
(101, 'D4198', 101),
(102, 'D4198', 102),
(103, 'D4198', 103),
(104, 'D4198', 104),
(105, 'D4198', 105),
(106, 'D4198', 106),
(107, 'D4198', 107),
(108, 'D4198', 108),
(109, 'D4198', 109),
(110, 'D4198', 110),
(111, 'D4198', 111),
(112, 'D4198', 112),
(113, 'D4198', 113),
(114, 'D4198', 114),
(115, 'D4198', 115),
(116, 'D4198', 116),
(117, 'D4198', 117),
(118, 'D4198', 118),
(119, 'D4198', 119),
(120, 'D4198', 120),
(121, 'D4198', 121),
(122, 'D4198', 122),
(123, 'D4198', 123),
(124, 'D4198', 124),
(125, 'D4198', 125),
(126, 'D4198', 126),
(127, 'D4198', 127),
(128, 'D4198', 128),
(129, 'D4994', 129),
(130, 'D4994', 130),
(131, 'D4994', 131),
(132, 'D4994', 132),
(133, 'D4994', 133),
(134, 'D4994', 134),
(135, 'D4994', 135),
(136, 'D4994', 136),
(137, 'D4994', 137),
(138, 'D4994', 138),
(139, 'D4994', 139),
(140, 'D4994', 140),
(141, 'D4994', 141),
(142, 'D4994', 142),
(143, 'D4994', 143),
(144, 'D4994', 144),
(145, 'D4994', 145),
(146, 'D4994', 146),
(147, 'D4994', 147),
(148, 'D4994', 148),
(149, 'D4994', 149),
(150, 'D4994', 150),
(151, 'D4994', 151),
(152, 'D4994', 152),
(153, 'D5587', 153),
(154, 'D5587', 154),
(155, 'D5587', 155),
(156, 'D5587', 156),
(157, 'D5587', 157),
(158, 'D5587', 158),
(159, 'D5587', 159),
(160, 'D5587', 160),
(161, 'D5587', 161),
(162, 'D5587', 162),
(163, 'D5587', 163),
(164, 'D5587', 164),
(165, 'D5587', 165),
(166, 'D5587', 166),
(167, 'D5587', 167),
(168, 'D5587', 168),
(169, 'D5587', 169),
(170, 'D5587', 170),
(171, 'D6151', 171),
(172, 'D6151', 172),
(173, 'D6151', 173),
(174, 'D6151', 174),
(175, 'D6151', 175),
(176, 'D6151', 176),
(177, 'D6151', 177),
(178, 'D6151', 178),
(179, 'D6151', 179),
(180, 'D6151', 180),
(181, 'D6151', 181),
(182, 'D6151', 182),
(183, 'D6151', 183),
(184, 'D6151', 184),
(185, 'D6151', 185),
(186, 'D6151', 186),
(187, 'D6979', 187),
(188, 'D6979', 188),
(189, 'D6979', 189),
(190, 'D6979', 190),
(191, 'D6979', 191),
(192, 'D6979', 192),
(193, 'D6979', 193),
(194, 'D6979', 194),
(195, 'D6979', 195),
(196, 'D6979', 196),
(197, 'D6979', 197),
(198, 'D6979', 198),
(199, 'D6979', 199),
(200, 'D6979', 200),
(201, 'D9292', 201),
(202, 'D9292', 202),
(203, 'D9292', 203),
(204, 'D9292', 204),
(205, 'D9292', 205),
(206, 'D9292', 206),
(207, 'D9292', 207),
(208, 'D9292', 208),
(209, 'D9292', 209),
(210, 'D9292', 210),
(211, 'D9292', 211),
(212, 'D9292', 212),
(213, 'D9292', 213),
(214, 'D9292', 214),
(215, 'D9292', 215),
(216, 'D9292', 216),
(217, 'D9292', 217),
(218, 'D9292', 218),
(219, 'D9292', 219),
(220, 'D9292', 220),
(221, 'D9292', 221),
(222, 'D9292', 222),
(223, 'D9292', 223),
(224, 'D9292', 224),
(225, 'D5991', 225),
(226, 'D5991', 226),
(227, 'D5991', 227),
(228, 'D5991', 228),
(229, 'D5991', 229),
(230, 'D5991', 230),
(231, 'D5991', 231),
(232, 'D5991', 232),
(233, 'D5991', 233),
(234, 'D5991', 234),
(235, 'D5991', 235),
(236, 'D5991', 236),
(237, 'D5991', 237),
(238, 'D5991', 238),
(239, 'D5991', 239),
(240, 'D5991', 240),
(241, 'D5991', 241),
(242, 'D5991', 242),
(243, 'D5991', 243),
(244, 'D5991', 244),
(245, 'D5991', 245),
(246, 'D5991', 246);

-- --------------------------------------------------------

--
-- Estructura de tabla para la tabla `section`
--

CREATE TABLE `section` (
  `idSection` int(15) NOT NULL,
  `idLevel` int(15) NOT NULL,
  `idSpecialty` int(15) NOT NULL,
  `sectionIdentifier` varchar(1) COLLATE utf8_spanish2_ci NOT NULL,
  `sState` tinyint(1) NOT NULL,
  `idTeacher` varchar(15) COLLATE utf8_spanish2_ci NOT NULL
) ENGINE=InnoDB DEFAULT CHARSET=utf8 COLLATE=utf8_spanish2_ci;

--
-- Volcado de datos para la tabla `section`
--

INSERT INTO `section` (`idSection`, `idLevel`, `idSpecialty`, `sectionIdentifier`, `sState`, `idTeacher`) VALUES
(1, 1, 1, 'A', 0, 'D1466'),
(2, 1, 2, 'B', 0, 'D3132'),
(3, 1, 3, 'C', 0, 'D6151'),
(4, 1, 4, 'D', 0, 'D2182'),
(5, 2, 2, 'A', 0, 'D4994'),
(6, 2, 1, 'B', 0, 'D5587'),
(7, 2, 3, 'C', 0, 'D8495'),
(8, 2, 4, 'D', 0, 'D4198'),
(9, 3, 2, 'A', 0, 'D6979'),
(10, 3, 1, 'B', 0, 'D7647'),
(11, 3, 3, 'C', 0, 'D5991'),
(12, 3, 4, 'D', 0, 'D9292');

-- --------------------------------------------------------

--
-- Estructura de tabla para la tabla `section_schedule_1`
--

CREATE TABLE `section_schedule_1` (
  `idRegister` int(15) NOT NULL,
  `idScheduleRegister` int(15) NOT NULL
) ENGINE=InnoDB DEFAULT CHARSET=utf8 COLLATE=utf8_spanish2_ci;

--
-- Volcado de datos para la tabla `section_schedule_1`
--

INSERT INTO `section_schedule_1` (`idRegister`, `idScheduleRegister`) VALUES
(1, 1),
(2, 23),
(3, 29),
(4, 32),
(5, 60),
(6, 61),
(7, 88),
(8, 93),
(9, 95),
(10, 147),
(11, 148),
(12, 151),
(13, 152);

-- --------------------------------------------------------

--
-- Estructura de tabla para la tabla `section_schedule_2`
--

CREATE TABLE `section_schedule_2` (
  `idRegister` int(15) NOT NULL,
  `idScheduleRegister` int(15) NOT NULL
) ENGINE=InnoDB DEFAULT CHARSET=utf8 COLLATE=utf8_spanish2_ci;

--
-- Volcado de datos para la tabla `section_schedule_2`
--

INSERT INTO `section_schedule_2` (`idRegister`, `idScheduleRegister`) VALUES
(1, 4),
(2, 6),
(3, 17),
(4, 21),
(5, 54),
(6, 58),
(7, 62),
(8, 65),
(9, 87),
(10, 153),
(11, 155),
(12, 156),
(13, 161),
(14, 163),
(15, 164),
(16, 165),
(17, 167),
(18, 168),
(19, 169),
(20, 170);

-- --------------------------------------------------------

--
-- Estructura de tabla para la tabla `section_schedule_3`
--

CREATE TABLE `section_schedule_3` (
  `idRegister` int(15) NOT NULL,
  `idScheduleRegister` int(15) NOT NULL
) ENGINE=InnoDB DEFAULT CHARSET=utf8 COLLATE=utf8_spanish2_ci;

--
-- Volcado de datos para la tabla `section_schedule_3`
--

INSERT INTO `section_schedule_3` (`idRegister`, `idScheduleRegister`) VALUES
(1, 10),
(2, 13),
(3, 18),
(4, 22),
(5, 24),
(6, 25),
(7, 86),
(8, 89),
(9, 117);

-- --------------------------------------------------------

--
-- Estructura de tabla para la tabla `section_schedule_4`
--

CREATE TABLE `section_schedule_4` (
  `idRegister` int(15) NOT NULL,
  `idScheduleRegister` int(15) NOT NULL
) ENGINE=InnoDB DEFAULT CHARSET=utf8 COLLATE=utf8_spanish2_ci;

--
-- Volcado de datos para la tabla `section_schedule_4`
--

INSERT INTO `section_schedule_4` (`idRegister`, `idScheduleRegister`) VALUES
(1, 8),
(2, 9),
(3, 11),
(4, 30),
(5, 33),
(6, 38),
(7, 39),
(8, 40),
(9, 41),
(10, 42),
(11, 43),
(12, 45),
(13, 47),
(14, 64),
(15, 122),
(16, 125),
(17, 127),
(18, 137),
(19, 138);

-- --------------------------------------------------------

--
-- Estructura de tabla para la tabla `section_schedule_5`
--

CREATE TABLE `section_schedule_5` (
  `idRegister` int(15) NOT NULL,
  `idScheduleRegister` int(15) NOT NULL
) ENGINE=InnoDB DEFAULT CHARSET=utf8 COLLATE=utf8_spanish2_ci;

--
-- Volcado de datos para la tabla `section_schedule_5`
--

INSERT INTO `section_schedule_5` (`idRegister`, `idScheduleRegister`) VALUES
(1, 2),
(2, 3),
(3, 53),
(4, 57),
(5, 68),
(6, 70),
(7, 75),
(8, 129),
(9, 133),
(10, 143),
(11, 144),
(12, 145),
(13, 149),
(14, 154),
(15, 157),
(16, 158),
(17, 159),
(18, 160),
(19, 162),
(20, 166),
(21, 241),
(22, 246);

-- --------------------------------------------------------

--
-- Estructura de tabla para la tabla `section_schedule_6`
--

CREATE TABLE `section_schedule_6` (
  `idRegister` int(15) NOT NULL,
  `idScheduleRegister` int(15) NOT NULL
) ENGINE=InnoDB DEFAULT CHARSET=utf8 COLLATE=utf8_spanish2_ci;

--
-- Volcado de datos para la tabla `section_schedule_6`
--

INSERT INTO `section_schedule_6` (`idRegister`, `idScheduleRegister`) VALUES
(1, 14),
(2, 55),
(3, 59),
(4, 66),
(5, 69),
(6, 71),
(7, 73),
(8, 76),
(9, 78),
(10, 81),
(11, 84),
(12, 92),
(13, 94),
(14, 100),
(15, 105),
(16, 108),
(17, 113),
(18, 128),
(19, 130),
(20, 131),
(21, 134),
(22, 135),
(23, 139),
(24, 140),
(25, 141),
(26, 142),
(27, 231),
(28, 238),
(29, 240),
(30, 242),
(31, 243),
(32, 245);

-- --------------------------------------------------------

--
-- Estructura de tabla para la tabla `section_schedule_7`
--

CREATE TABLE `section_schedule_7` (
  `idRegister` int(15) NOT NULL,
  `idScheduleRegister` int(15) NOT NULL
) ENGINE=InnoDB DEFAULT CHARSET=utf8 COLLATE=utf8_spanish2_ci;

--
-- Volcado de datos para la tabla `section_schedule_7`
--

INSERT INTO `section_schedule_7` (`idRegister`, `idScheduleRegister`) VALUES
(1, 12),
(2, 15),
(3, 44),
(4, 46),
(5, 49),
(6, 51),
(7, 52),
(8, 56),
(9, 63),
(10, 67),
(11, 74),
(12, 77),
(13, 79),
(14, 80),
(15, 82),
(16, 83),
(17, 85),
(18, 90),
(19, 91),
(20, 111),
(21, 115),
(22, 116),
(23, 124),
(24, 146),
(25, 150),
(26, 225),
(27, 226),
(28, 227),
(29, 228),
(30, 229),
(31, 230),
(32, 244);

-- --------------------------------------------------------

--
-- Estructura de tabla para la tabla `section_schedule_8`
--

CREATE TABLE `section_schedule_8` (
  `idRegister` int(15) NOT NULL,
  `idScheduleRegister` int(15) NOT NULL
) ENGINE=InnoDB DEFAULT CHARSET=utf8 COLLATE=utf8_spanish2_ci;

--
-- Volcado de datos para la tabla `section_schedule_8`
--

INSERT INTO `section_schedule_8` (`idRegister`, `idScheduleRegister`) VALUES
(1, 5),
(2, 7),
(3, 34),
(4, 35),
(5, 36),
(6, 37),
(7, 48),
(8, 50),
(9, 72),
(10, 96),
(11, 97),
(12, 99),
(13, 101),
(14, 104),
(15, 109),
(16, 110),
(17, 118),
(18, 121),
(19, 126),
(20, 132),
(21, 136),
(22, 232),
(23, 233),
(24, 234),
(25, 235),
(26, 236),
(27, 237),
(28, 239);

-- --------------------------------------------------------

--
-- Estructura de tabla para la tabla `section_schedule_9`
--

CREATE TABLE `section_schedule_9` (
  `idRegister` int(15) NOT NULL,
  `idScheduleRegister` int(15) NOT NULL
) ENGINE=InnoDB DEFAULT CHARSET=utf8 COLLATE=utf8_spanish2_ci;

--
-- Volcado de datos para la tabla `section_schedule_9`
--

INSERT INTO `section_schedule_9` (`idRegister`, `idScheduleRegister`) VALUES
(1, 16),
(2, 19),
(3, 20),
(4, 26),
(5, 27),
(6, 28),
(7, 31),
(8, 187),
(9, 188),
(10, 189),
(11, 190),
(12, 191),
(13, 192),
(14, 193),
(15, 194),
(16, 195),
(17, 196),
(18, 197),
(19, 198),
(20, 199),
(21, 200);

-- --------------------------------------------------------

--
-- Estructura de tabla para la tabla `section_schedule_10`
--

CREATE TABLE `section_schedule_10` (
  `idRegister` int(15) NOT NULL,
  `idScheduleRegister` int(15) NOT NULL
) ENGINE=InnoDB DEFAULT CHARSET=utf8 COLLATE=utf8_spanish2_ci;

--
-- Volcado de datos para la tabla `section_schedule_10`
--

INSERT INTO `section_schedule_10` (`idRegister`, `idScheduleRegister`) VALUES
(1, 171),
(2, 172),
(3, 173),
(4, 174),
(5, 175),
(6, 176),
(7, 177),
(8, 178),
(9, 179),
(10, 180),
(11, 181),
(12, 182),
(13, 183),
(14, 184),
(15, 185),
(16, 186);

-- --------------------------------------------------------

--
-- Estructura de tabla para la tabla `section_schedule_11`
--

CREATE TABLE `section_schedule_11` (
  `idRegister` int(15) NOT NULL,
  `idScheduleRegister` int(15) NOT NULL
) ENGINE=InnoDB DEFAULT CHARSET=utf8 COLLATE=utf8_spanish2_ci;

--
-- Volcado de datos para la tabla `section_schedule_11`
--

INSERT INTO `section_schedule_11` (`idRegister`, `idScheduleRegister`) VALUES
(1, 201),
(2, 202),
(3, 203),
(4, 204),
(5, 205),
(6, 206),
(7, 207),
(8, 208),
(9, 209),
(10, 210),
(11, 211),
(12, 212),
(13, 213),
(14, 214),
(15, 215),
(16, 216),
(17, 217),
(18, 218),
(19, 219),
(20, 220),
(21, 221),
(22, 222),
(23, 223),
(24, 224);

-- --------------------------------------------------------

--
-- Estructura de tabla para la tabla `section_schedule_12`
--

CREATE TABLE `section_schedule_12` (
  `idRegister` int(15) NOT NULL,
  `idScheduleRegister` int(15) NOT NULL
) ENGINE=InnoDB DEFAULT CHARSET=utf8 COLLATE=utf8_spanish2_ci;

--
-- Volcado de datos para la tabla `section_schedule_12`
--

INSERT INTO `section_schedule_12` (`idRegister`, `idScheduleRegister`) VALUES
(1, 98),
(2, 102),
(3, 103),
(4, 106),
(5, 107),
(6, 112),
(7, 114),
(8, 119),
(9, 120),
(10, 123);

-- --------------------------------------------------------

--
-- Estructura de tabla para la tabla `specialty`
--

CREATE TABLE `specialty` (
  `idSpecialty` int(15) NOT NULL,
  `sName` varchar(40) COLLATE utf8_spanish2_ci NOT NULL
) ENGINE=InnoDB DEFAULT CHARSET=utf8 COLLATE=utf8_spanish2_ci;

--
-- Volcado de datos para la tabla `specialty`
--

INSERT INTO `specialty` (`idSpecialty`, `sName`) VALUES
(1, 'Electrónica'),
(2, 'Sistemas Informáticos'),
(3, 'Mantenimiento Automotriz'),
(4, 'Electromecánica'),
(5, 'Administración Contable'),
(6, 'Diseño Gráfico');

-- --------------------------------------------------------

--
-- Estructura de tabla para la tabla `state_academic`
--

CREATE TABLE `state_academic` (
  `idState` varchar(1) COLLATE utf8_spanish2_ci NOT NULL,
  `description` varchar(20) COLLATE utf8_spanish2_ci NOT NULL,
  `color` varchar(20) COLLATE utf8_spanish2_ci NOT NULL
) ENGINE=InnoDB DEFAULT CHARSET=utf8 COLLATE=utf8_spanish2_ci;

--
-- Volcado de datos para la tabla `state_academic`
--

INSERT INTO `state_academic` (`idState`, `description`, `color`) VALUES
('A', 'Excelente', 'green'),
('E', 'Expulsado', 'red'),
('R', 'Regular', 'orange'),
('W', 'Advertido', 'yellow');

-- --------------------------------------------------------

--
-- Estructura de tabla para la tabla `student`
--

CREATE TABLE `student` (
  `idStudent` varchar(15) COLLATE utf8_spanish2_ci NOT NULL,
  `name` varchar(85) COLLATE utf8_spanish2_ci NOT NULL,
  `lastName` varchar(85) COLLATE utf8_spanish2_ci NOT NULL,
  `password` varchar(900) COLLATE utf8_spanish2_ci NOT NULL,
  `email` varchar(60) COLLATE utf8_spanish2_ci NOT NULL,
  `birthdate` date NOT NULL,
  `sex` varchar(1) COLLATE utf8_spanish2_ci NOT NULL,
  `residence` varchar(100) COLLATE utf8_spanish2_ci NOT NULL,
  `idSection` int(15) NOT NULL,
  `state` int(1) NOT NULL,
  `stateAcademic` varchar(1) COLLATE utf8_spanish2_ci NOT NULL,
  `photo` varchar(150) COLLATE utf8_spanish2_ci NOT NULL,
  `verified` tinyint(1) NOT NULL
) ENGINE=InnoDB DEFAULT CHARSET=utf8 COLLATE=utf8_spanish2_ci;

--
-- Volcado de datos para la tabla `student`
--

INSERT INTO `student` (`idStudent`, `name`, `lastName`, `password`, `email`, `birthdate`, `sex`, `residence`, `idSection`, `state`, `stateAcademic`, `photo`, `verified`) VALUES
('AA9176', 'Anthony Francisco', 'Acosta Sosa', '113173/57p2!51y2?48e2-51y2-78402!66282!84472?', 'yaton2020@gmail.com', '1988-02-22', 'M', 'Apopa', 11, 1, 'A', 'photo.png', 1),
('AC4113', 'Adrían Miguel Angel', 'Castro Vera', '56o2/110133-108113-120243?72342?67292-88512*52A2/', 'yaton2020@gmail.com', '1987-12-23', 'M', 'Ilopango', 12, 1, 'A', 'photo.png', 1),
('AC5563', 'Alexander Samuel', 'Castillo Ortiz', '121253-55R2-115193-52A2/73352-83462?86492/54F2-', 'yaton2020@gmail.com', '1989-02-02', 'M', 'Ciudad Delgado', 2, 1, 'A', 'photo.png', 1),
('AC5755', 'Axel Leonardo', 'Carrizo Juárez', '51y2-49l2?53L2*111153?114183-122263-10693/9702/', 'yaton2020@gmail.com', '1988-11-06', 'M', 'Apopa', 9, 1, 'A', 'photo.png', 1),
('AC8372', 'Agustin Oscar', 'Cabrera Vega', '10033-54F2-10143/115193-55R2/117213/115193!54F2-', 'yaton2020@gmail.com', '1987-02-17', 'M', 'Ciudad Delgado', 4, 1, 'A', 'photo.png', 1),
('AC9757', 'Agustin Miguel', 'Castillo Ramírez', '112163?56o2*10253/48e2*110133?120243?115193-114183-', 'yaton2020@gmail.com', '1989-10-26', 'M', 'Ciudad Delgado', 6, 1, 'A', 'photo.png', 1),
('AD8319', 'Alejandro Dylan', 'Díaz Flores', '114183*10363*56o2-112163!118223/118223-10363/114183?', 'yaton2020@gmail.com', '1987-02-16', 'M', 'Ciudad Delgado', 10, 1, 'A', 'photo.png', 1),
('AF6686', 'Antonio Leonardo', 'Fernández López', '51y2-113173-113173?121253?67292!82452!71332/57p2*', 'yaton2020@gmail.com', '1988-01-01', 'M', 'Soyanpango', 6, 1, 'A', 'photo.png', 1),
('AG3433', 'Alejandro Juan Manuel', 'Gómez Flores', '10693-49l2-112163!9812!88512/68302!54F2?71332*', 'yaton2020@gmail.com', '1987-11-07', 'M', 'Soyanpango', 5, 1, 'A', 'photo.png', 1),
('ÁG3889', 'Álvaro Jorge', 'Gutiérrez Ferreyra', '49l2!114183*52A2*10583?76382*80432!67292*80432/', 'yaton2020@gmail.com', '1989-12-06', 'M', 'Ilopango', 11, 1, 'A', 'photo.png', 1),
('AG4952', 'Aaron Cesar', 'Gómez Gómez', '122263-9922/52A2/56o2?57p2*57p2*119233!109123/', 'yaton2020@gmail.com', '1987-02-16', 'M', 'Apopa', 10, 1, 'A', 'photo.png', 1),
('AG5462', 'Aaron Mauricio', 'González Pérez', '49l2!118223-114183?10473?79422?87502/87502?67292*74362/76382-71332*', 'yaton2020@gmail.com', '1988-10-11', 'M', 'Apopa', 3, 1, 'A', 'photo.png', 1),
('AJ3557', 'Agustin Eduardo', 'Juárez Sánchez', '122263*108113?107103!53L2*9812*113173?111153*57p2/', 'yaton2020@gmail.com', '1987-02-05', 'M', 'Soyanpango', 8, 1, 'A', 'photo.png', 1),
('AL1951', 'Aaron Juan Manuel', 'López Álvarez', '53L2-107103-10253-120243?48e2!56o2-113173*10253-', 'yaton2020@gmail.com', '1989-01-01', 'M', 'Ilopango', 8, 1, 'A', 'photo.png', 1),
('AM1481', 'Alejandro Mathew', 'Muñoz González', '108113?10693*116203*10473/79422?76382/66282?85482-', 'yaton2020@gmail.com', '1987-06-14', 'M', 'Ilopango', 11, 1, 'A', 'photo.png', 1),
('AM1638', 'Alexander Alexander', 'Martínez Gómez', '48e2/117213*108113?110133/87502?70322-88512-70322-', 'yaton2020@gmail.com', '1989-02-02', 'M', 'Apopa', 2, 1, 'A', 'photo.png', 1),
('AM3292', 'Adrían Cristobal', 'Medina Ortiz', '50a2!108113!51y2!57p2-49l2*75372/57p2-57p2?66282*71332*75372!', 'yaton2020@gmail.com', '1988-02-19', 'M', 'Soyanpango', 12, 1, 'A', 'photo.png', 1),
('ÁN9224', 'Ángel Luca', 'Núñez Peralta', '57p2?10033?49l2/121253-68302*68302?90532?57p2*', 'yaton2020@gmail.com', '1989-02-02', 'M', 'Ciudad Delgado', 2, 1, 'A', 'photo.png', 1),
('AP7669', 'Aaron Marcos', 'Peralta Ortiz', '10583/118223*118223?112163!9812?112163-120243-109123*', 'yaton2020@gmail.com', '1988-10-11', 'M', 'Ilopango', 3, 1, 'A', 'photo.png', 1),
('AP9214', 'Axel Dylan', 'Peralta Pereyra', '107103!9702/48e2*122263!76382/82452-90532?86492!', 'yaton2020@gmail.com', '1988-02-22', 'M', 'Soyanpango', 11, 1, 'A', 'photo.png', 1),
('AR5325', 'Alejandro Alexander', 'Romero Gutiérrez', '109123*52A2-113173/111153?115193?9922*120243!110133?', 'yaton2020@gmail.com', '1987-03-04', 'M', 'Ciudad Delgado', 5, 1, 'A', 'photo.png', 1),
('ÁR5923', 'Álvaro Francisco', 'Ramírez Pereyra', '9922-119233?9702*108113?86492!84472/66282!75372?', 'yaton2020@gmail.com', '1989-02-02', 'M', 'Apopa', 2, 1, 'A', 'photo.png', 1),
('AR6451', 'Antonio Joshua', 'Rodríguez Silva', '122263?51y2!115193/50a2/86492?56o2!55R2*74362/', 'yaton2020@gmail.com', '1989-07-02', 'M', 'Ilopango', 10, 1, 'A', 'photo.png', 1),
('AR6454', 'Agustin Jeronimo', 'Ríos Gómez', '10033-55R2?54F2!50a2*10473-57p2*10033*114183*', 'yaton2020@gmail.com', '1988-02-19', 'M', 'Soyanpango', 12, 1, 'A', 'photo.png', 1),
('AR7259', 'Andrés Samuel', 'Rodríguez Benítez', '10253?107103?10583?49l2/56o2-122263*9812!9812-', 'yaton2020@gmail.com', '1989-02-02', 'M', 'Soyanpango', 2, 1, 'A', 'photo.png', 1),
('AS1983', 'Aaron Juan David', 'Sosa Torres', '54F2?112163?10143/108113*10363!9812*55R2?115193!', 'yaton2020@gmail.com', '1987-09-22', 'M', 'Soyanpango', 1, 1, 'A', 'photo.png', 1),
('AS7999', 'Aaron Joshua', 'Sosa Suárez', '111153!118223!112163/10693?82452*86492-86492?85482!', 'yaton2020@gmail.com', '1989-05-02', 'M', 'Ilopango', 9, 1, 'A', 'photo.png', 1),
('ÁT4399', 'Álvaro Juan Sebastian', 'Torres Ledesma', '10473-10583*10583!56o2?53L2-67292*76382*70322?', 'yaton2020@gmail.com', '1987-02-17', 'M', 'Ilopango', 4, 1, 'A', 'photo.png', 1),
('AT5162', 'Aaron Gabriel', 'Torres Núñez', '10143?9702*10583/10583?48e2!86492-50a2?72342*', 'yaton2020@gmail.com', '1987-02-05', 'M', 'Apopa', 8, 1, 'A', 'photo.png', 1),
('AT6834', 'Aaron Ricardo', 'Torres Benítez', '50a2?107103/10143-57p2?78402?52A2!57p2/71332*', 'yaton2020@gmail.com', '1987-12-23', 'M', 'Soyanpango', 12, 1, 'A', 'photo.png', 1),
('AV1432', 'Antonio Rodrigo', 'Vega Torres', '114183!52A2!120243?10693*109123*52A2*115193!9812!', 'yaton2020@gmail.com', '1989-02-27', 'M', 'Ilopango', 6, 1, 'A', 'photo.png', 1),
('AV2194', 'Andrés Juan Manuel', 'Vera Moreno', '49l2*57p2/9702?48e2*117213!10033*115193/53L2/', 'yaton2020@gmail.com', '1987-04-25', 'M', 'Soyanpango', 7, 1, 'A', 'photo.png', 1),
('AV5191', 'Aaron Leonardo', 'Vázquez Ortiz', '108113*10253?57p2!51y2*114183!122263!53L2/109123-', 'yaton2020@gmail.com', '1987-02-05', 'M', 'Apopa', 8, 1, 'A', 'photo.png', 1),
('AV9782', 'Aaron Miguel', 'Vega Ríos', '10033*113173*56o2?51y2-9702/108113-118223/10473!', 'yaton2020@gmail.com', '1987-04-25', 'M', 'Ilopango', 7, 1, 'A', 'photo.png', 1),
('BA3564', 'Bruno Fernando', 'Acosta Vera', '48e2*52A2!110133!112163!57p2/48e2*51y2-110133/', 'yaton2020@gmail.com', '1989-02-08', 'M', 'Ilopango', 9, 1, 'A', 'photo.png', 1),
('BC3517', 'Benjamin Felipe', 'Castro Peralta', '50a2?117213!9922/53L2/82452*55R2-90532-69312!89522?77392-', 'yaton2020@gmail.com', '1987-02-17', 'M', 'Soyanpango', 4, 1, 'A', 'photo.png', 1),
('BC4314', 'Benjamin Mario', 'Cabrera Vázquez', '112163-10693/48e2-114183*10143/111153?112163-110133!', 'yaton2020@gmail.com', '1989-07-02', 'M', 'Ilopango', 10, 1, 'A', 'photo.png', 1),
('BG9639', 'Benjamin Juan Pablo', 'Gómez Molina', '10473*49l2*109123/118223*10583!10143?50a2-9812*', 'yaton2020@gmail.com', '1987-07-03', 'M', 'Ciudad Delgado', 4, 1, 'A', 'photo.png', 1),
('BH5175', 'Bautista Emiliano', 'Herrera Ojeda', '109123?10253!9922?55R2*56o2!109123*9922?10473!', 'yaton2020@gmail.com', '1989-12-06', 'M', 'Ciudad Delgado', 11, 1, 'A', 'photo.png', 1),
('BL2957', 'Bruno Javier', 'Ledesma Ortiz', '51y2/10143/109123/10583?81442*73352?81442-71332*', 'yaton2020@gmail.com', '1989-01-01', 'M', 'Ciudad Delgado', 8, 1, 'A', 'photo.png', 1),
('BM7119', 'Bruno Alexander', 'Martínez Domínguez', '10143?51y2/110133?53L2!113173?112163!55R2*53L2-', 'yaton2020@gmail.com', '1988-11-06', 'M', 'Soyanpango', 9, 1, 'A', 'photo.png', 1),
('BN8146', 'Benjamin Marcos', 'Núñez Pereyra', '10033?10583*9812!113173/86492/69312-74362/55R2?', 'yaton2020@gmail.com', '1989-10-26', 'M', 'Apopa', 6, 1, 'A', 'photo.png', 1),
('BO2759', 'Benjamin Diego', 'Ojeda Gómez', '115193*9702!117213?119233*10363?9702?113173*109123/', 'yaton2020@gmail.com', '1989-01-01', 'M', 'Soyanpango', 8, 1, 'A', 'photo.png', 1),
('BQ2628', 'Benjamin Diego', 'Quiroga Peralta', '113173?10143/112163-122263/74362!57p2-49l2/86492*', 'yaton2020@gmail.com', '1988-02-20', 'M', 'Ilopango', 5, 1, 'A', 'photo.png', 1),
('BR6494', 'Bruno Leonardo', 'Ramírez Vera', '112163-122263/54F2-117213?51y2!57p2*67292?78402/', 'yaton2020@gmail.com', '1989-07-02', 'M', 'Soyanpango', 10, 1, 'A', 'photo.png', 1),
('BR9523', 'Bruno Mateo', 'Rodríguez Vera', '109123-110133*109123/10473/122263!49l2-108113-55R2/', 'yaton2020@gmail.com', '1989-07-02', 'M', 'Ciudad Delgado', 3, 1, 'A', 'photo.png', 1),
('BS8367', 'Bruno Felipe', 'Suárez Carrizo', '109123*10143!10473*109123?87502*49l2/75372-69312-', 'yaton2020@gmail.com', '1987-06-14', 'M', 'Ilopango', 11, 1, 'A', 'photo.png', 1),
('BS9588', 'Bautista Alejandro', 'Sánchez Carrizo', '10583/50a2/116203-10363?51y2/120243-108113*10253*', 'yaton2020@gmail.com', '1987-09-22', 'M', 'Apopa', 1, 1, 'A', 'photo.png', 1),
('CA5153', 'Cristian Jonathan', 'Aguirre Ledesma', '10143!121253*10253/10583-49l2!81442!66282!77392!', 'yaton2020@gmail.com', '1987-06-14', 'M', 'Apopa', 11, 1, 'A', 'photo.png', 1),
('CC2413', 'Cesar Valentín', 'Castillo Cabrera', '52A2/10583-49l2!112163/56o2-50a2-53L2-71332?', 'yaton2020@gmail.com', '1987-02-21', 'M', 'Soyanpango', 3, 1, 'A', 'photo.png', 1),
('CD8339', 'Cristopher Luis', 'Domínguez Ojeda', '121253/121253/51y2?118223/54F2-10033?10693-108113!', 'yaton2020@gmail.com', '1987-03-04', 'M', 'Ilopango', 5, 1, 'A', 'photo.png', 1),
('CF7283', 'Cristobal Pedro', 'Flores González', '53L2!50a2-10583*50a2*86492/52A2?85482/67292-', 'yaton2020@gmail.com', '1988-02-05', 'M', 'Apopa', 7, 1, 'A', 'photo.png', 1),
('CG3314', 'Carlos Santiago', 'González Martínez', '9922!10363-10253/10143-112163*53L2?10583-55R2!', 'yaton2020@gmail.com', '1987-07-03', 'M', 'Ciudad Delgado', 4, 1, 'A', 'photo.png', 1),
('CG6284', 'Carlos Cristian', 'Gutiérrez Díaz', '9922*9702!56o2-54F2*10143?121253?10693/107103-', 'yaton2020@gmail.com', '1989-10-26', 'M', 'Apopa', 6, 1, 'A', 'photo.png', 1),
('CG6862', 'Cesar Jorge', 'Gutiérrez Rojas', '108113-10693-119233-111153-116203*10693-10253!9812*', 'yaton2020@gmail.com', '1987-06-14', 'M', 'Ciudad Delgado', 11, 1, 'A', 'photo.png', 1),
('CG7763', 'Cristian Kevin', 'González Luna', '118223-10693?116203?10693/77392-80432!49l2-52A2!78402?87502!90532!', 'yaton2020@gmail.com', '1987-12-23', 'M', 'Ilopango', 12, 1, 'A', 'photo.png', 1),
('CG8874', 'Cristopher Ángel', 'García Juárez', '120243-53L2-107103-112163!56o2/52A2/112163*108113?', 'yaton2020@gmail.com', '1987-07-03', 'M', 'Apopa', 4, 1, 'A', 'photo.png', 1),
('CL7913', 'Cristian Valentín', 'López Díaz', '118223?50a2-10033/111153*10583*53L2-51y2!109123/', 'yaton2020@gmail.com', '1987-03-04', 'M', 'Soyanpango', 5, 1, 'A', 'photo.png', 1),
('CL9294', 'Cristian Isaac', 'Luna Peralta', '120243*10253?50a2*51y2/74362/76382-83462*80432-81442/82452-', 'yaton2020@gmail.com', '1989-02-08', 'M', 'Ilopango', 9, 1, 'A', 'photo.png', 1),
('CL9634', 'Cristian Mario', 'Ledesma Aguirre', '122263*54F2-57p2*53L2!53L2-54F2*10143?118223*', 'yaton2020@gmail.com', '1989-02-02', 'M', 'Apopa', 2, 1, 'A', 'photo.png', 1),
('CM1768', 'Cristobal Martín', 'Muñoz Sosa', '48e2*110133?54F2*110133?10693!112163-53L2*10253!54F2-121253/', 'yaton2020@gmail.com', '1989-02-27', 'M', 'Apopa', 6, 1, 'A', 'photo.png', 1),
('CM6312', 'Cristopher Leonardo', 'Moreno Carrizo', '9702*108113/49l2-10143*77392!70322!66282*85482!', 'yaton2020@gmail.com', '1989-05-01', 'M', 'Ilopango', 12, 1, 'A', 'photo.png', 1),
('CP2577', 'Cristian Thiago', 'Ponce Morales', '52A2!107103*112163!48e2/81442/83462*74362!66282/', 'yaton2020@gmail.com', '1989-10-26', 'M', 'Ilopango', 6, 1, 'A', 'photo.png', 1),
('CP7116', 'Cristobal Joshua', 'Peralta Ojeda', '119233!50a2!112163/10143*48e2/117213-109123*120243*', 'yaton2020@gmail.com', '1987-06-14', 'M', 'Ciudad Delgado', 11, 1, 'A', 'photo.png', 1),
('CP7186', 'Cesar Bruno', 'Peralta Pérez', '10693?109123?51y2-54F2!80432!79422!78402/84472?', 'yaton2020@gmail.com', '1989-05-02', 'M', 'Ciudad Delgado', 9, 1, 'A', 'photo.png', 1),
('CR3815', 'Cristian Juan David', 'Ruiz Sosa', '54F2-10143*113173*57p2/70322!89522-76382-57p2*', 'yaton2020@gmail.com', '1988-02-05', 'M', 'Apopa', 7, 1, 'A', 'photo.png', 1),
('CV1817', 'Cristian Juan Pablo', 'Vera Ponce', '53L2?118223?10363?52A2*118223*10033?48e2-118223-', 'yaton2020@gmail.com', '1988-01-01', 'M', 'Ilopango', 6, 1, 'A', 'photo.png', 1),
('CV8946', 'Cristopher Ignacio', 'Vega Vera', '109123-114183*119233!10033!50a2-122263-57p2-56o2-', 'yaton2020@gmail.com', '1987-06-14', 'M', 'Ciudad Delgado', 11, 1, 'A', 'photo.png', 1),
('DA6344', 'Dylan Esteban', 'Acosta Cabrera', '10693/54F2-112163*48e2!9702-10473-54F2!57p2?', 'yaton2020@gmail.com', '1988-02-05', 'M', 'Apopa', 7, 1, 'A', 'photo.png', 1),
('DB4645', 'Diego Jorge', 'Benítez Romero', '9922?109123/122263/49l2-56o2!10583!48e2?114183*', 'yaton2020@gmail.com', '0000-00-00', 'M', 'Soyanpango', 1, 1, 'A', 'photo.png', 1),
('DC2479', 'Diego Rafael', 'Castro Torres', '56o2?122263?112163-114183*53L2?55R2?50a2*79422*', 'yaton2020@gmail.com', '1989-05-01', 'M', 'Ilopango', 12, 1, 'A', 'photo.png', 1),
('DC7557', 'David Guillermo', 'Castro Cabrera', '52A2*121253-10583!107103/57p2/84472/48e2!65272*', 'yaton2020@gmail.com', '1989-11-06', 'M', 'Apopa', 7, 1, 'A', 'photo.png', 1),
('DJ1737', 'David Joshua', 'Juárez Rodríguez', '9812?119233?118223*9922-116203-112163!57p2?56o2-', 'yaton2020@gmail.com', '1989-02-02', 'M', 'Ciudad Delgado', 2, 1, 'A', 'photo.png', 1),
('DM4228', 'David Mateo', 'Molina Ferreyra', '110133/10693?49l2/119233-110133/122263?51y2/111153!', 'yaton2020@gmail.com', '1989-12-06', 'M', 'Apopa', 11, 1, 'A', 'photo.png', 1),
('DR7348', 'Diego Axel', 'Romero González', '107103!109123*119233-10363?118223/52A2/51y2/10473!', 'yaton2020@gmail.com', '1989-02-02', 'M', 'Apopa', 2, 1, 'A', 'photo.png', 1),
('DR7596', 'Diego Ricardo', 'Rodríguez Romero', '48e2*54F2*108113!118223!10143?10693-10473*56o2?', 'yaton2020@gmail.com', '1987-02-05', 'M', 'Ilopango', 8, 1, 'A', 'photo.png', 1),
('DR7987', 'Daniel Agustin', 'Romero Silva', '10473-10693?107103*10693?51y2-49l2?67292?78402?', 'yaton2020@gmail.com', '1989-05-02', 'M', 'Apopa', 9, 1, 'A', 'photo.png', 1),
('DR8694', 'Diego Samuel', 'Ríos Muñoz', '10143?121253?113173*48e2*72342*48e2*74362-74362/', 'yaton2020@gmail.com', '1987-11-03', 'M', 'Apopa', 8, 1, 'A', 'photo.png', 1),
('DS5899', 'David Samuel', 'Silva Flores', '10473/119233?55R2?113173?108113-10473-49l2*57p2/', 'yaton2020@gmail.com', '1989-05-02', 'M', 'Ilopango', 9, 1, 'A', 'photo.png', 1),
('DV2282', 'Dylan Samuel', 'Vázquez Acosta', '114183*9812?113173/107103-112163-49l2*114183!108113!', 'yaton2020@gmail.com', '1987-02-21', 'M', 'Apopa', 3, 1, 'A', 'photo.png', 1),
('DV6321', 'Daniel Vicente', 'Vázquez Gómez', '116203*115193*111153-118223?71332-53L2*73352?67292?', 'yaton2020@gmail.com', '1988-02-05', 'M', 'Apopa', 7, 1, 'A', 'photo.png', 1),
('DV9275', 'David Aaron', 'Vega Carrizo', '120243*10033-10363-10583-120243?10033-10143/52A2!109123-10473-', 'yaton2020@gmail.com', '1989-02-02', 'M', 'Ciudad Delgado', 2, 1, 'A', 'photo.png', 1),
('EA1458', 'Esteban Álvaro', 'Acosta Moreno', '120243!10473-49l2*108113*10253*51y2!10253-55R2?', 'yaton2020@gmail.com', '1989-07-02', 'M', 'Ciudad Delgado', 10, 1, 'A', 'photo.png', 1),
('EA3693', 'Emmanuel Sergio', 'Acosta Moreno', '48e2*120243-10143-113173!89522-56o2-68302*81442-54F2!83462/', 'yaton2020@gmail.com', '1988-02-22', 'M', 'Ciudad Delgado', 11, 1, 'A', 'photo.png', 1),
('EA4795', 'Erick Álvaro', 'Acosta Aguirre', '120243?51y2-110133!57p2*75372/82452?73352!51y2-', 'yaton2020@gmail.com', '1987-02-09', 'M', 'Ilopango', 2, 1, 'A', 'photo.png', 1),
('EA6948', 'Eduardo Santiago', 'Aguirre Cabrera', '122263/51y2*117213!10363-66282/84472/53L2*75372?', 'yaton2020@gmail.com', '1987-06-14', 'M', 'Ilopango', 11, 1, 'A', 'photo.png', 1),
('EF1291', 'Emiliano Santiago', 'Fernández Rojas', '122263/111153?9702?57p2*74362!51y2-66282?71332*', 'yaton2020@gmail.com', '1987-10-03', 'M', 'Apopa', 4, 1, 'A', 'photo.png', 1),
('EF2321', 'Esteban Ignacio', 'Ferreyra Domínguez', '9812?56o2!116203*111153!79422*74362*52A2*81442*', 'yaton2020@gmail.com', '1988-01-01', 'M', 'Apopa', 6, 1, 'A', 'photo.png', 1),
('EH6526', 'Esteban Nicolás', 'Herrera Ponce', '10033/109123/10693*10583-10143!50a2?114183*10143/', 'yaton2020@gmail.com', '1987-02-16', 'M', 'Ciudad Delgado', 10, 1, 'A', 'photo.png', 1),
('EJ1516', 'Emmanuel Bruno', 'Juárez Godoy', '57p2!116203?53L2!113173?77392?69312/55R2!88512?', 'yaton2020@gmail.com', '1987-02-16', 'M', 'Apopa', 10, 1, 'A', 'photo.png', 1),
('EJ7742', 'Esteban Rafael', 'Juárez Martínez', '10033!114183!120243/9702*69312*79422?90532*71332?', 'yaton2020@gmail.com', '1989-05-01', 'M', 'Ciudad Delgado', 12, 1, 'A', 'photo.png', 1),
('EJ8759', 'Emiliano Jorge', 'Juárez Ojeda', '9922!113173?9922*108113!10693-9922?10473!10693/', 'yaton2020@gmail.com', '1988-02-22', 'M', 'Soyanpango', 11, 1, 'A', 'photo.png', 1),
('EL4666', 'Emmanuel Gabriel', 'Ledesma Aguirre', '9922?119233-49l2?9922-118223!49l2*116203!10473*', 'yaton2020@gmail.com', '1988-02-05', 'M', 'Soyanpango', 7, 1, 'A', 'photo.png', 1),
('EM7732', 'Emiliano Andrés', 'Medina Díaz', '57p2?115193?51y2!10693*114183-10473!10143-113173*', 'yaton2020@gmail.com', '1989-07-02', 'M', 'Apopa', 10, 1, 'A', 'photo.png', 1),
('EM8842', 'Emmanuel Maximiliano', 'Muñoz Benítez', '111153/110133-55R2-54F2!55R2!51y2?70322/51y2?', 'yaton2020@gmail.com', '1987-11-03', 'M', 'Apopa', 8, 1, 'A', 'photo.png', 1),
('EP2846', 'Emiliano Martín', 'Ponce Ruiz', '110133/117213/112163*10473*9922!121253!111153?117213-', 'yaton2020@gmail.com', '1988-11-06', 'M', 'Ilopango', 9, 1, 'A', 'photo.png', 1),
('EP4352', 'Eduardo Kevin', 'Pérez Ponce', '54F2*10033?113173*109123!110133/56o2?111153?10363/', 'yaton2020@gmail.com', '1987-11-02', 'M', 'Soyanpango', 2, 1, 'A', 'photo.png', 1),
('EP9486', 'Emiliano Isaac', 'Pérez Juárez', '111153-10693-48e2!111153?54F2-83462*76382*57p2-', 'yaton2020@gmail.com', '1989-11-06', 'M', 'Ciudad Delgado', 7, 1, 'A', 'photo.png', 1),
('ER1325', 'Emilio Joaquin', 'Romero Torres', '115193*51y2!121253*10033*108113-119233*10363?10253*', 'yaton2020@gmail.com', '1987-10-03', 'M', 'Apopa', 4, 1, 'A', 'photo.png', 1),
('ER1971', 'Emmanuel Miguel Angel', 'Ruiz Silva', '110133?121253/9812-51y2-10253*10143-56o2-52A2-', 'yaton2020@gmail.com', '1987-11-07', 'M', 'Ilopango', 5, 1, 'A', 'photo.png', 1),
('ER2461', 'Emilio Antonio', 'Ríos Benítez', '52A2!111153*9812/121253!118223*115193-111153-9922-', 'yaton2020@gmail.com', '1989-11-06', 'M', 'Ilopango', 7, 1, 'A', 'photo.png', 1),
('ER4698', 'Erick Nicolás', 'Romero García', '10693-52A2?54F2/56o2?56o2-114183*107103/113173*', 'yaton2020@gmail.com', '1989-05-01', 'M', 'Ciudad Delgado', 12, 1, 'A', 'photo.png', 1),
('ER8335', 'Eduardo Eduardo', 'Rojas Juárez', '10363-121253!48e2!110133/55R2*75372*88512?67292-', 'yaton2020@gmail.com', '1988-10-01', 'M', 'Soyanpango', 1, 1, 'A', 'photo.png', 1),
('ER8677', 'Erick Guillermo', 'Romero Molina', '49l2/120243?55R2!9812*10143!122263!10363*121253/', 'yaton2020@gmail.com', '1988-02-20', 'M', 'Ciudad Delgado', 5, 1, 'A', 'photo.png', 1),
('ES3336', 'Esteban Adrían', 'Sosa Pérez', '48e2!54F2-52A2!50a2?70322?72342!89522-81442-', 'yaton2020@gmail.com', '1987-02-21', 'M', 'Ilopango', 3, 1, 'A', 'photo.png', 1),
('ES9328', 'Eduardo Oscar', 'Sánchez Ferreyra', '121253?118223?117213-48e2*120243?118223!10693/10033!113173!114183-10363!', 'yaton2020@gmail.com', '1989-02-02', 'M', 'Apopa', 2, 1, 'A', 'photo.png', 1),
('ET6197', 'Eduardo Eduardo', 'Torres Vega', '109123?121253*120243/113173?78402*83462!75372!70322*', 'yaton2020@gmail.com', '1987-11-07', 'M', 'Ciudad Delgado', 5, 1, 'A', 'photo.png', 1),
('FB7737', 'Francisco Lucas', 'Benítez Vázquez', '122263!118223?48e2?52A2-10583-56o2!9702-107103!', 'yaton2020@gmail.com', '1988-02-20', 'M', 'Soyanpango', 5, 1, 'A', 'photo.png', 1),
('FC1423', 'Francisco Guillermo', 'Cabrera López', '107103/10253/107103/50a2-88512/54F2!66282*80432/', 'yaton2020@gmail.com', '1987-11-02', 'M', 'Ilopango', 2, 1, 'A', 'photo.png', 1),
('FD6561', 'Francisco Thiago', 'Díaz Cabrera', '121253?119233!10693*10033*57p2!107103-116203?114183!', 'yaton2020@gmail.com', '1987-12-23', 'M', 'Apopa', 12, 1, 'A', 'photo.png', 1),
('FL3514', 'Felipe Matías', 'López Molina', '54F2!122263*9922-108113!54F2!84472?67292?72342!', 'yaton2020@gmail.com', '1987-10-03', 'M', 'Soyanpango', 4, 1, 'A', 'photo.png', 1),
('FM6585', 'Fernando Pablo', 'Martínez Aguirre', '119233!57p2-54F2*109123?113173*55R2!119233!10363!', 'yaton2020@gmail.com', '1987-04-25', 'M', 'Soyanpango', 7, 1, 'A', 'photo.png', 1),
('FN9269', 'Francisco Valentín', 'Núñez López', '49l2/10363?108113?10033?72342-79422*79422-77392?77392-', 'yaton2020@gmail.com', '1989-10-26', 'M', 'Apopa', 6, 1, 'A', 'photo.png', 1),
('FP2126', 'Fernando Esteban', 'Peralta Pereyra', '10033*10253/118223-55R2?49l2/119233-56o2/107103?', 'yaton2020@gmail.com', '1987-02-17', 'M', 'Ilopango', 4, 1, 'A', 'photo.png', 1),
('FP9513', 'Francisco Luis', 'Peralta Acosta', '114183-9922?118223*49l2!10253?54F2*57p2-10363-', 'yaton2020@gmail.com', '1989-12-06', 'M', 'Apopa', 11, 1, 'A', 'photo.png', 1),
('FR8934', 'Francisco Diego', 'Rodríguez Luna', '119233-10363-53L2!115193!55R2/71332/75372/78402?', 'yaton2020@gmail.com', '1989-11-06', 'M', 'Ciudad Delgado', 7, 1, 'A', 'photo.png', 1),
('FT1489', 'Francisco Ángel', 'Torres Gómez', '10363-116203/48e2/118223-54F2!54F2*111153*116203/', 'yaton2020@gmail.com', '1988-02-05', 'M', 'Ilopango', 7, 1, 'A', 'photo.png', 1),
('FT9543', 'Fernando Jonathan', 'Torres Castro', '10693!120243?122263!57p2!50a2!72342!50a2*70322/71332!79422*', 'yaton2020@gmail.com', '0000-00-00', 'M', 'Ciudad Delgado', 1, 1, 'A', 'photo.png', 1),
('FV5372', 'Fernando Miguel', 'Vázquez Vázquez', '50a2?115193?113173?9922-87502*75372!57p2-74362*', 'yaton2020@gmail.com', '1989-02-08', 'M', 'Apopa', 9, 1, 'A', 'photo.png', 1),
('FV5729', 'Felipe Sergio', 'Vázquez Godoy', '10253-119233!56o2-51y2!109123-10033!10363*10583/', 'yaton2020@gmail.com', '1989-11-06', 'M', 'Soyanpango', 7, 1, 'A', 'photo.png', 1),
('GÁ5585', 'Gabriel Bruno', 'Álvarez Luna', '10253?119233!10033-53L2?113173*114183/120243-52A2?', 'yaton2020@gmail.com', '1988-02-19', 'M', 'Ilopango', 12, 1, 'A', 'photo.png', 1),
('GF9739', 'Guillermo Miguel Angel', 'Ferreyra Rojas', '110133-49l2!112163!54F2/76382?66282/87502*82452?', 'yaton2020@gmail.com', '1987-07-03', 'M', 'Ciudad Delgado', 4, 1, 'A', 'photo.png', 1),
('GG2548', 'Guillermo Simón', 'García Sosa', '49l2/10143/112163!108113/116203*9922!121253?53L2!', 'yaton2020@gmail.com', '1989-07-02', 'M', 'Ciudad Delgado', 10, 1, 'A', 'photo.png', 1),
('GG3259', 'Guillermo Andrés', 'García Rodríguez', '111153!112163?49l2/110133*9702!55R2?9702*56o2?', 'yaton2020@gmail.com', '1987-02-09', 'M', 'Soyanpango', 2, 1, 'A', 'photo.png', 1),
('GG5559', 'Gael Benjamin', 'Godoy González', '114183*10693/53L2*10253?109123*114183!10473*10143-', 'yaton2020@gmail.com', '1988-10-01', 'M', 'Ilopango', 1, 1, 'A', 'photo.png', 1),
('GL3842', 'Guillermo Maximiliano', 'López Díaz', '9702/9812-10583!10253?49l2*9922?48e2!120243-', 'yaton2020@gmail.com', '1988-02-20', 'M', 'Ciudad Delgado', 5, 1, 'A', 'photo.png', 1),
('GM2229', 'Gael Jeronimo', 'Muñoz García', '120243!10143/50a2*116203-10143*110133-10473/109123!', 'yaton2020@gmail.com', '1987-11-03', 'M', 'Ciudad Delgado', 8, 1, 'A', 'photo.png', 1),
('GM2599', 'Gael Cristopher', 'Martínez Fernández', '111153?49l2/10473?9702*54F2-9702/121253-110133!', 'yaton2020@gmail.com', '1988-10-11', 'M', 'Ciudad Delgado', 3, 1, 'A', 'photo.png', 1),
('GM3695', 'Gael Emiliano', 'Martínez Martínez', '54F2!48e2!116203/49l2-51y2*56o2*10143*56o2!', 'yaton2020@gmail.com', '1989-11-06', 'M', 'Ilopango', 7, 1, 'A', 'photo.png', 1),
('GR7387', 'Gabriel Agustin', 'Ríos Domínguez', '121253!10473?10253/117213/10473!107103/10253-9702/9702?57p2?9702?', 'yaton2020@gmail.com', '1987-02-21', 'M', 'Ciudad Delgado', 3, 1, 'A', 'photo.png', 1),
('GR8383', 'Gabriel Manuel', 'Ramírez Ledesma', '53L2-9812-9922?50a2?52A2?87502-75372/84472*', 'yaton2020@gmail.com', '1987-06-14', 'M', 'Soyanpango', 11, 1, 'A', 'photo.png', 1),
('GR8429', 'Gabriel Eduardo', 'Rojas Gutiérrez', '120243!119233*114183*48e2?50a2!9922!9922*10473/', 'yaton2020@gmail.com', '1987-06-14', 'M', 'Soyanpango', 11, 1, 'A', 'photo.png', 1),
('GR9232', 'Gabriel Isaac', 'Rojas Ferreyra', '112163?55R2?54F2*54F2*76382!86492?87502-79422*', 'yaton2020@gmail.com', '1989-02-08', 'M', 'Soyanpango', 9, 1, 'A', 'photo.png', 1),
('GR9663', 'Gael Lucas', 'Rodríguez Ruiz', '10253/119233?122263!57p2*10033*111153-53L2!107103*', 'yaton2020@gmail.com', '1987-06-14', 'M', 'Soyanpango', 11, 1, 'A', 'photo.png', 1),
('GV2633', 'Gabriel Santiago', 'Vega Benítez', '110133/10693?120243-56o2/107103!109123-116203!9922*', 'yaton2020@gmail.com', '1987-02-05', 'M', 'Ciudad Delgado', 8, 1, 'A', 'photo.png', 1),
('HP7681', 'Hugo Santiago', 'Peralta López', '107103*10253/10363/113173/52A2*68302?88512-72342*', 'yaton2020@gmail.com', '1989-02-02', 'M', 'Ilopango', 2, 1, 'A', 'photo.png', 1),
('IA3668', 'Iván Felipe', 'Aguirre Ramírez', '10253?54F2!55R2!113173-107103-9702?10473!10473!', 'yaton2020@gmail.com', '1988-10-01', 'M', 'Ciudad Delgado', 1, 1, 'A', 'photo.png', 1),
('IA8993', 'Iván Juan Sebastian', 'Aguirre Juárez', '10253?120243-56o2-114183*55R2/65272-52A2?84472/', 'yaton2020@gmail.com', '1987-11-07', 'M', 'Soyanpango', 5, 1, 'A', 'photo.png', 1),
('IB1332', 'Ignacio Simón', 'Benítez Díaz', '9922*114183*109123!51y2!79422!85482-76382/82452/', 'yaton2020@gmail.com', '1987-02-05', 'M', 'Apopa', 8, 1, 'A', 'photo.png', 1),
('IC9111', 'Isaac Juan Jose', 'Castillo Suárez', '10583/48e2/113173*10143?9812-52A2!10583/10363-', 'yaton2020@gmail.com', '1987-10-20', 'M', 'Soyanpango', 10, 1, 'A', 'photo.png', 1),
('IH1539', 'Iván Joshua', 'Herrera Cabrera', '109123*51y2-50a2/110133?118223!10363!54F2/120243*', 'yaton2020@gmail.com', '1989-05-01', 'M', 'Ilopango', 12, 1, 'A', 'photo.png', 1),
('IH4598', 'Isaac Gael', 'Herrera Ponce', '119233!52A2?10583?49l2*84472-74362?87502*67292!', 'yaton2020@gmail.com', '1989-05-01', 'M', 'Ilopango', 12, 1, 'A', 'photo.png', 1),
('IJ1129', 'Iván Samuel', 'Juárez Flores', '48e2*48e2?50a2!117213?10253-121253?108113!10033*', 'yaton2020@gmail.com', '1988-02-19', 'M', 'Soyanpango', 12, 1, 'A', 'photo.png', 1),
('IJ2434', 'Isaac Ángel', 'Juárez Carrizo', '114183?50a2/49l2*55R2*75372/54F2/88512*50a2!', 'yaton2020@gmail.com', '1989-02-08', 'M', 'Ciudad Delgado', 9, 1, 'A', 'photo.png', 1),
('IM4233', 'Ignacio Juan', 'Moreno Ojeda', '10583-109123/110133/10033/117213?49l2/50a2?116203/', 'yaton2020@gmail.com', '1989-05-01', 'M', 'Soyanpango', 12, 1, 'A', 'photo.png', 1),
('IP1554', 'Ignacio Luis', 'Pereyra Romero', '54F2?121253?117213-114183-49l2-80432/69312*52A2!', 'yaton2020@gmail.com', '1987-07-03', 'M', 'Soyanpango', 4, 1, 'A', 'photo.png', 1),
('IP4186', 'Ignacio Iván', 'Pereyra Rojas', '113173?54F2-114183?51y2?53L2?79422/49l2-67292-', 'yaton2020@gmail.com', '1988-10-11', 'M', 'Apopa', 3, 1, 'A', 'photo.png', 1),
('IP9464', 'Ignacio Agustin', 'Peralta Pérez', '120243!10693*109123!51y2/49l2-50a2-48e2*10363-', 'yaton2020@gmail.com', '1989-10-26', 'M', 'Soyanpango', 6, 1, 'A', 'photo.png', 1),
('IP9558', 'Isaac Luis', 'Pereyra Muñoz', '55R2*114183!10473-10033?85482*49l2-65272/53L2!', 'yaton2020@gmail.com', '1987-02-05', 'M', 'Ilopango', 8, 1, 'A', 'photo.png', 1),
('IQ8729', 'Iván Eduardo', 'Quiroga Molina', '54F2/55R2/118223!118223!52A2/53L2-120243/111153!', 'yaton2020@gmail.com', '1987-11-07', 'M', 'Soyanpango', 5, 1, 'A', 'photo.png', 1),
('IV6296', 'Ignacio Mathew', 'Vázquez Medina', '56o2!117213*54F2!10253!53L2-10363-10583?120243!', 'yaton2020@gmail.com', '1987-10-03', 'M', 'Apopa', 4, 1, 'A', 'photo.png', 1),
('IV9459', 'Ignacio Cesar', 'Vázquez Vera', '120243?110133?50a2/52A2!48e2-48e2!116203!111153/', 'yaton2020@gmail.com', '1987-07-03', 'M', 'Ciudad Delgado', 4, 1, 'A', 'photo.png', 1),
('JÁ1787', 'Juan David Mateo', 'Álvarez Núñez', '118223?119233?10583?9922*73352*82452/48e2/83462?', 'yaton2020@gmail.com', '1989-10-26', 'M', 'Soyanpango', 6, 1, 'A', 'photo.png', 1),
('JA2924', 'Juan David Thiago', 'Acosta Torres', '109123*122263-10473!54F2*109123-49l2!10693-111153/57p2?', 'yaton2020@gmail.com', '1989-02-02', 'M', 'Soyanpango', 2, 1, 'A', 'photo.png', 1),
('JA3561', 'Joaquin Oscar', 'Aguirre Acosta', '9922/9702!111153/49l2!112163/49l2-10253*113173/', 'yaton2020@gmail.com', '1989-02-02', 'M', 'Apopa', 2, 1, 'A', 'photo.png', 1),
('JA6681', 'Jonathan Julían', 'Acosta Suárez', '121253/118223!52A2!49l2/117213-114183/118223!10363?', 'yaton2020@gmail.com', '1988-10-01', 'M', 'Ciudad Delgado', 1, 1, 'A', 'photo.png', 1),
('JA6979', 'Juan Pablo Juan Pablo', 'Acosta Ponce', '10143?57p2-53L2/116203/50a2?51y2?56o2!115193!10583!9812-114183!', 'yaton2020@gmail.com', '1988-01-01', 'M', 'Apopa', 6, 1, 'A', 'photo.png', 1),
('JÁ7773', 'Juan Vicente', 'Álvarez Sosa', '109123*10143?114183-10693-122263/10253*10143-10473*', 'yaton2020@gmail.com', '1987-02-05', 'M', 'Ilopango', 8, 1, 'A', 'photo.png', 1),
('JA9221', 'Jorge Jeronimo', 'Aguirre Herrera', '112163/10363?53L2!109123!120243/113173?10473-10473/', 'yaton2020@gmail.com', '1987-02-16', 'M', 'Ciudad Delgado', 10, 1, 'A', 'photo.png', 1),
('JB7154', 'Juan Manuel', 'Benítez Gómez', '110133*10253*57p2!56o2?82452-53L2!88512!81442!', 'yaton2020@gmail.com', '1989-01-01', 'M', 'Apopa', 8, 1, 'A', 'photo.png', 1),
('JC1912', 'Juan Manuel Vicente', 'Carrizo Moreno', '10473-48e2-122263!56o2!55R2*52A2?55R2!116203-', 'yaton2020@gmail.com', '1987-02-17', 'M', 'Ilopango', 4, 1, 'A', 'photo.png', 1),
('JC7138', 'Juan David Oscar', 'Castillo Cabrera', '121253!51y2-10363/9922!9702/10693-56o2?9812!', 'yaton2020@gmail.com', '1987-06-14', 'M', 'Apopa', 11, 1, 'A', 'photo.png', 1),
('JC8281', 'Juan Sebastian Samuel', 'Cabrera Silva', '108113?10363-118223!9812?69312?67292-86492-82452*', 'yaton2020@gmail.com', '1987-11-03', 'M', 'Soyanpango', 8, 1, 'A', 'photo.png', 1),
('JF4522', 'Jonathan Pedro', 'Ferreyra Peralta', '10253/50a2/110133*114183?66282?86492/89522!80432/', 'yaton2020@gmail.com', '1988-02-19', 'M', 'Apopa', 12, 1, 'A', 'photo.png', 1),
('JF6695', 'Juan Sebastian David', 'Ferreyra Silva', '116203-50a2*50a2?119233*54F2*51y2*55R2?110133*', 'yaton2020@gmail.com', '1989-02-08', 'M', 'Ilopango', 9, 1, 'A', 'photo.png', 1),
('JF6817', 'Joaquin Juan Manuel', 'Fernández Morales', '121253/56o2*9812*114183-10033?122263?117213-10363-', 'yaton2020@gmail.com', '1988-10-11', 'M', 'Apopa', 3, 1, 'A', 'photo.png', 1),
('JF6956', 'Jonathan Ignacio', 'Flores Díaz', '118223/53L2-107103-117213-89522/50a2*72342*82452?', 'yaton2020@gmail.com', '1988-01-01', 'M', 'Ciudad Delgado', 6, 1, 'A', 'photo.png', 1),
('JF8851', 'Juan Jose Jorge', 'Fernández Vera', '117213?56o2/49l2*48e2!54F2?114183-55R2-114183/', 'yaton2020@gmail.com', '1987-02-16', 'M', 'Apopa', 10, 1, 'A', 'photo.png', 1),
('JF9166', 'Joshua Mathew', 'Flores Aguirre', '119233/116203*119233/55R2?68302!57p2*79422*72342*82452!', 'yaton2020@gmail.com', '1988-01-01', 'M', 'Ciudad Delgado', 6, 1, 'A', 'photo.png', 1),
('JG4856', 'Jesús Ignacio', 'Godoy Peralta', '48e2*118223*10253/10473!66282/70322!89522/77392!', 'yaton2020@gmail.com', '1987-06-14', 'M', 'Soyanpango', 11, 1, 'A', 'photo.png', 1),
('JG7323', 'Jose Emmanuel', 'Gómez Vega', '10693?112163?108113-53L2!77392*78402?49l2/70322?', 'yaton2020@gmail.com', '1987-02-09', 'M', 'Soyanpango', 2, 1, 'A', 'photo.png', 1),
('JG7617', 'Juan David Cristopher', 'García Moreno', '112163*9922/112163/121253*85482!49l2?68302-72342-', 'yaton2020@gmail.com', '1987-10-20', 'M', 'Ciudad Delgado', 10, 1, 'A', 'photo.png', 1),
('JG8253', 'Jose Agustin', 'García Benítez', '10143-10583*113173*10473/49l2*55R2-83462*70322*', 'yaton2020@gmail.com', '1989-02-08', 'M', 'Ciudad Delgado', 9, 1, 'A', 'photo.png', 1),
('JG8296', 'Juan Manuel Alejandro', 'Godoy López', '51y2-108113?10143!10363?48e2?9702!10143/121253-57p2!', 'yaton2020@gmail.com', '1987-02-09', 'M', 'Ciudad Delgado', 2, 1, 'A', 'photo.png', 1),
('JG8863', 'Joshua Cristian', 'Gutiérrez Vera', '57p2?10363?113173-122263*55R2?113173?114183-10473-', 'yaton2020@gmail.com', '1989-01-01', 'M', 'Ilopango', 8, 1, 'A', 'photo.png', 1),
('JH1242', 'Jonathan Agustin', 'Herrera Ruiz', '10583*107103-114183-9812-10583?118223!55R2*51y2?', 'yaton2020@gmail.com', '1988-11-06', 'M', 'Apopa', 9, 1, 'A', 'photo.png', 1),
('JJ2182', 'Jesús Francisco', 'Juárez Gómez', '110133!110133!107103!51y2-85482*77392-84472*70322!', 'yaton2020@gmail.com', '1987-03-04', 'M', 'Soyanpango', 5, 1, 'A', 'photo.png', 1),
('JJ5873', 'Juan Nicolás', 'Juárez Gutiérrez', '121253!117213!10693*114183*10363?108113!9812?107103/', 'yaton2020@gmail.com', '1987-12-23', 'M', 'Apopa', 12, 1, 'A', 'photo.png', 1),
('JJ8389', 'Julían Jesús', 'Juárez Carrizo', '10363/54F2!119233-10253-57p2*10143-112163!115193?', 'yaton2020@gmail.com', '1987-02-17', 'M', 'Ilopango', 4, 1, 'A', 'photo.png', 1),
('JL5461', 'Jonathan Bautista', 'Luna Sosa', '112163*121253/121253*10033*115193/111153*109123!111153/51y2*10363?114183*', 'yaton2020@gmail.com', '1988-02-05', 'M', 'Apopa', 7, 1, 'A', 'photo.png', 1),
('JL7274', 'Joshua Daniel', 'López Juárez', '50a2?10253?112163!108113/49l2*56o2-83462/85482*', 'yaton2020@gmail.com', '1988-10-01', 'M', 'Ilopango', 1, 1, 'A', 'photo.png', 1),
('JM1958', 'Juan David Valentín', 'Medina Vázquez', '118223/118223!107103/9922-51y2-66282*73352*66282*', 'yaton2020@gmail.com', '1987-03-04', 'M', 'Apopa', 5, 1, 'A', 'photo.png', 1),
('JM2892', 'Jeronimo Cesar', 'Medina Álvarez', '9702!9812-114183-10583!116203*55R2?52A2?111153?', 'yaton2020@gmail.com', '1987-11-07', 'M', 'Soyanpango', 5, 1, 'A', 'photo.png', 1),
('JM3769', 'Jesús Valentín', 'Medina Ríos', '107103/10363*52A2/10583!57p2-57p2*119233?119233-', 'yaton2020@gmail.com', '1988-02-19', 'M', 'Apopa', 12, 1, 'A', 'photo.png', 1),
('JM4873', 'Juan Manuel Ignacio', 'Martínez Ortiz', '116203/121253?120243*49l2*48e2?108113!108113*119233/', 'yaton2020@gmail.com', '1988-02-05', 'M', 'Ilopango', 7, 1, 'A', 'photo.png', 1),
('JM5279', 'Javier Mario', 'Martínez Cabrera', '10363/109123!116203*56o2/112163/52A2/108113?10253?', 'yaton2020@gmail.com', '1989-05-02', 'M', 'Ciudad Delgado', 9, 1, 'A', 'photo.png', 1),
('JM6166', 'Juan Pablo Alexander', 'Molina Torres', '120243*116203*57p2-114183-9922!49l2!110133-9702?', 'yaton2020@gmail.com', '1988-01-01', 'M', 'Ciudad Delgado', 6, 1, 'A', 'photo.png', 1),
('JM7153', 'Joshua Juan Manuel', 'Molina Gutiérrez', '9922/57p2!55R2!107103?108113*53L2!122263?113173*', 'yaton2020@gmail.com', '1987-02-09', 'M', 'Ilopango', 2, 1, 'A', 'photo.png', 1),
('JM9226', 'Juan Jose Ricardo', 'Medina López', '56o2?55R2*53L2!10033*54F2-9702!107103-121253-108113/111153-', 'yaton2020@gmail.com', '1987-07-03', 'M', 'Apopa', 4, 1, 'A', 'photo.png', 1),
('JO5431', 'Julían Luis', 'Ortiz Rodríguez', '10253?54F2/50a2!55R2-76382*75372?86492!57p2?', 'yaton2020@gmail.com', '1987-02-21', 'M', 'Apopa', 3, 1, 'A', 'photo.png', 1),
('JP1338', 'Juan Jose Mateo', 'Pereyra González', '108113-53L2?121253-112163?52A2*57p2-49l2*81442*', 'yaton2020@gmail.com', '1989-10-26', 'M', 'Ciudad Delgado', 6, 1, 'A', 'photo.png', 1),
('JP6494', 'Jonathan Pedro', 'Pérez Álvarez', '56o2?110133/111153!109123/54F2!10363-108113*113173?', 'yaton2020@gmail.com', '1987-02-05', 'M', 'Soyanpango', 8, 1, 'A', 'photo.png', 1),
('JP9542', 'Jesús Rafael', 'Pérez Flores', '107103-116203?49l2*10253-86492/49l2-87502*71332?85482/67292!55R2?', 'yaton2020@gmail.com', '1989-02-27', 'M', 'Soyanpango', 6, 1, 'A', 'photo.png', 1),
('JQ8827', 'Jeronimo Jorge', 'Quiroga Pérez', '10253-115193/57p2-51y2?85482!86492?87502-48e2-52A2/68302-70322?', 'yaton2020@gmail.com', '1989-02-02', 'M', 'Ciudad Delgado', 2, 1, 'A', 'photo.png', 1),
('JQ9587', 'Juan Jose Mathew', 'Quiroga López', '10143-120243*112163?113173/82452!74362!51y2/54F2-56o2/76382-', 'yaton2020@gmail.com', '1987-02-05', 'M', 'Soyanpango', 8, 1, 'A', 'photo.png', 1),
('JR2253', 'Jesús Vicente', 'Rojas Moreno', '107103*113173!118223/113173?73352-68302/74362?77392-', 'yaton2020@gmail.com', '1987-02-09', 'M', 'Apopa', 2, 1, 'A', 'photo.png', 1),
('JR2828', 'Julían Andrés', 'Rojas Pereyra', '122263?10033/10143?114183/67292!85482?48e2-70322-', 'yaton2020@gmail.com', '1988-02-22', 'M', 'Ciudad Delgado', 11, 1, 'A', 'photo.png', 1),
('JR3327', 'Jeronimo Alexander', 'Ríos Gutiérrez', '119233/10693/10693-109123*55R2-109123?109123!119233/', 'yaton2020@gmail.com', '1988-02-05', 'M', 'Ilopango', 7, 1, 'A', 'photo.png', 1),
('JR5157', 'Jorge Leonardo', 'Ruiz Benítez', '111153!51y2?113173!56o2*51y2-115193/121253!56o2/', 'yaton2020@gmail.com', '1989-07-02', 'M', 'Ciudad Delgado', 10, 1, 'A', 'photo.png', 1),
('JR6265', 'Juan Pablo Cristian', 'Romero Ramírez', '108113*10143?9702*9812?114183*9702*54F2/110133!', 'yaton2020@gmail.com', '1987-06-14', 'M', 'Apopa', 11, 1, 'A', 'photo.png', 1),
('JR7361', 'Joaquin Samuel', 'Ruiz Ponce', '112163-118223/122263?121253-116203!118223?48e2-51y2!', 'yaton2020@gmail.com', '1989-07-02', 'M', 'Ilopango', 10, 1, 'A', 'photo.png', 1),
('JR7753', 'Juan Sebastian Juan Jose', 'Ríos Ponce', '10033?10033/50a2-109123!109123!9922*57p2*114183*', 'yaton2020@gmail.com', '1988-02-19', 'M', 'Apopa', 12, 1, 'A', 'photo.png', 1),
('JR8381', 'Jose Ángel', 'Ruiz Domínguez', '119233*10363/10033/54F2*76382/75372*53L2/81442*', 'yaton2020@gmail.com', '1987-02-21', 'M', 'Soyanpango', 3, 1, 'A', 'photo.png', 1),
('JR8687', 'Juan Jose Simón', 'Ríos López', '54F2*119233/56o2*10473/111153/10583*10033?10363/', 'yaton2020@gmail.com', '1988-02-22', 'M', 'Ciudad Delgado', 11, 1, 'A', 'photo.png', 1),
('JR9444', 'Joshua Emiliano', 'Romero Torres', '55R2*114183?51y2!108113*83462/88512/67292-74362!', 'yaton2020@gmail.com', '1989-07-02', 'M', 'Apopa', 10, 1, 'A', 'photo.png', 1),
('JS1311', 'Juan Manuel Cristian', 'Suárez Morales', '107103*49l2!10143?10143*80432*53L2*78402!70322/', 'yaton2020@gmail.com', '1989-02-02', 'M', 'Soyanpango', 2, 1, 'A', 'photo.png', 1),
('JS1631', 'Jesús Juan Sebastian', 'Suárez Rojas', '113173?120243!116203*10253/79422!89522/56o2/87502!', 'yaton2020@gmail.com', '1988-01-01', 'M', 'Soyanpango', 6, 1, 'A', 'photo.png', 1),
('JS5228', 'Juan Matías', 'Sánchez Sosa', '10033-118223/109123?49l2*54F2/68302?87502*69312?', 'yaton2020@gmail.com', '1989-02-27', 'M', 'Ciudad Delgado', 6, 1, 'A', 'photo.png', 1),
('JS5299', 'Juan David Felipe', 'Sosa Pérez', '110133*110133!119233/10033!48e2*66282*74362?49l2-', 'yaton2020@gmail.com', '1988-11-06', 'M', 'Ilopango', 9, 1, 'A', 'photo.png', 1),
('JS7314', 'Javier Jorge', 'Sosa Molina', '53L2/113173*116203/9812/55R2?75372/56o2?56o2?', 'yaton2020@gmail.com', '1987-10-20', 'M', 'Soyanpango', 10, 1, 'A', 'photo.png', 1),
('JS9711', 'Juan Juan David', 'Silva Ponce', '9812/120243-10473?10363-111153-10473?119233-112163-10473!', 'yaton2020@gmail.com', '1988-02-19', 'M', 'Apopa', 12, 1, 'A', 'photo.png', 1),
('JT3175', 'Juan Jose Emmanuel', 'Torres Ramírez', '107103!108113/10143!114183/76382!57p2/79422/74362*', 'yaton2020@gmail.com', '1989-02-02', 'M', 'Apopa', 2, 1, 'A', 'photo.png', 1),
('JV1362', 'Javier Simón', 'Vera Fernández', '10143?57p2?54F2!56o2?73352/52A2/75372?69312!', 'yaton2020@gmail.com', '1989-05-01', 'M', 'Ciudad Delgado', 12, 1, 'A', 'photo.png', 1),
('JV6346', 'Julían Marcos', 'Vázquez López', '114183/10583-111153?48e2*108113?9922-10363?108113!', 'yaton2020@gmail.com', '1988-02-22', 'M', 'Ciudad Delgado', 11, 1, 'A', 'photo.png', 1),
('JV6732', 'Jorge Joaquin', 'Vera Domínguez', '121253-9922/9922*121253-50a2?71332!86492-55R2*72342/', 'yaton2020@gmail.com', '1987-10-20', 'M', 'Soyanpango', 10, 1, 'A', 'photo.png', 1),
('JV9236', 'Joshua Mateo', 'Vega Pérez', '51y2?109123*10693*57p2-81442/70322!72342-80432/87502*', 'yaton2020@gmail.com', '1987-02-21', 'M', 'Apopa', 3, 1, 'A', 'photo.png', 1),
('KÁ4733', 'Kevin Mathew', 'Álvarez Castillo', '10693?120243/10143-51y2-82452-82452!53L2?81442/', 'yaton2020@gmail.com', '0000-00-00', 'M', 'Ilopango', 1, 1, 'A', 'photo.png', 1),
('KL8952', 'Kevin Mateo', 'Luna Suárez', '9702!119233/51y2?115193-75372-52A2-72342*55R2?', 'yaton2020@gmail.com', '1987-04-25', 'M', 'Soyanpango', 7, 1, 'A', 'photo.png', 1),
('KM6618', 'Kevin Adrían', 'Moreno Fernández', '10033!53L2-49l2-114183*53L2/54F2!79422/66282*', 'yaton2020@gmail.com', '1988-10-11', 'M', 'Ciudad Delgado', 3, 1, 'A', 'photo.png', 1),
('KO6831', 'Kevin Lucas', 'Ortiz Ojeda', '10253*50a2?50a2!107103/70322-89522!49l2*83462!87502/81442?', 'yaton2020@gmail.com', '1987-02-05', 'M', 'Ilopango', 8, 1, 'A', 'photo.png', 1),
('LA2352', 'Luis Fernando', 'Aguirre Gómez', '118223-48e2/53L2/120243/71332/49l2!84472?81442/', 'yaton2020@gmail.com', '1987-04-25', 'M', 'Soyanpango', 7, 1, 'A', 'photo.png', 1),
('LB9832', 'Luis Mario', 'Benítez Ríos', '120243*10363?10583!114183-51y2?52A2-113173/56o2?', 'yaton2020@gmail.com', '1989-05-01', 'M', 'Soyanpango', 12, 1, 'A', 'photo.png', 1),
('LC2335', 'Leonardo Adrían', 'Carrizo Fernández', '122263?119233!113173*121253-79422?53L2/89522!87502/', 'yaton2020@gmail.com', '1989-02-08', 'M', 'Ilopango', 9, 1, 'A', 'photo.png', 1),
('LC4825', 'Lucas Marcos', 'Castro Aguirre', '10693!49l2*57p2?122263*10583!109123?53L2/10473-', 'yaton2020@gmail.com', '1987-02-21', 'M', 'Soyanpango', 3, 1, 'A', 'photo.png', 1),
('LC8432', 'Leonardo Mathew', 'Castillo Castillo', '115193/117213!115193/57p2*10143!110133?48e2/113173/', 'yaton2020@gmail.com', '1989-01-01', 'M', 'Soyanpango', 8, 1, 'A', 'photo.png', 1),
('LG3866', 'Luca Emilio', 'González García', '118223?114183!50a2!10253-50a2?120243-112163/114183/', 'yaton2020@gmail.com', '1988-01-01', 'M', 'Apopa', 6, 1, 'A', 'photo.png', 1),
('LM5852', 'Luis Mateo', 'Medina González', '9702?108113?9702*10143*74362?78402!51y2/73352?', 'yaton2020@gmail.com', '1987-09-22', 'M', 'Soyanpango', 1, 1, 'A', 'photo.png', 1),
('LM7791', 'Lucas Esteban', 'Muñoz Luna', '53L2-120243?118223-108113!121253*107103?114183?9702*', 'yaton2020@gmail.com', '1989-07-02', 'M', 'Ilopango', 3, 1, 'A', 'photo.png', 1),
('LM8535', 'Lucas Luis', 'Moreno Sánchez', '10583-109123?122263!10253?116203*57p2?10693/112163/', 'yaton2020@gmail.com', '1988-11-06', 'M', 'Apopa', 9, 1, 'A', 'photo.png', 1),
('LO5959', 'Lucas Agustin', 'Ortiz Martínez', '10693?53L2*10363-51y2?52A2*69312-90532-83462-', 'yaton2020@gmail.com', '1989-07-02', 'M', 'Ilopango', 3, 1, 'A', 'photo.png', 1),
('LP3696', 'Leonardo Ignacio', 'Ponce Molina', '120243*10143?118223!54F2*9812-113173/119233/10143-', 'yaton2020@gmail.com', '1989-02-02', 'M', 'Ciudad Delgado', 2, 1, 'A', 'photo.png', 1),
('LP6885', 'Luca Joaquin', 'Pereyra Ruiz', '10363!109123/114183!114183?119233/119233?119233/110133*', 'yaton2020@gmail.com', '1989-02-02', 'M', 'Ciudad Delgado', 2, 1, 'A', 'photo.png', 1),
('LP9455', 'Luis Carlos', 'Peralta Gómez', '52A2*115193?10693*56o2/118223-113173!10253!107103-', 'yaton2020@gmail.com', '1987-10-03', 'M', 'Ilopango', 4, 1, 'A', 'photo.png', 1),
('LQ3145', 'Lucas Guillermo', 'Quiroga Moreno', '114183/118223!117213!111153!112163?119233-118223-57p2/', 'yaton2020@gmail.com', '1987-02-05', 'M', 'Ciudad Delgado', 8, 1, 'A', 'photo.png', 1),
('LR3335', 'Luis Cristian', 'Rojas Silva', '119233-116203?9922/9812*116203/109123/9922-116203*10583?112163-', 'yaton2020@gmail.com', '1988-10-01', 'M', 'Apopa', 1, 1, 'A', 'photo.png', 1),
('LR6137', 'Leonardo Juan Manuel', 'Rodríguez Vega', '10363/117213-113173?9922!86492!57p2-50a2!68302?', 'yaton2020@gmail.com', '1987-11-07', 'M', 'Ilopango', 5, 1, 'A', 'photo.png', 1),
('LS1267', 'Leonardo Rodrigo', 'Silva Sosa', '10473/9922?10033/118223/10693/113173!118223*10693-', 'yaton2020@gmail.com', '1987-04-25', 'M', 'Ciudad Delgado', 7, 1, 'A', 'photo.png', 1),
('MA1436', 'Miguel Angel Isaac', 'Aguirre Cabrera', '121253?120243*10143-51y2!116203*9922?9812*57p2!', 'yaton2020@gmail.com', '1988-02-19', 'M', 'Apopa', 12, 1, 'A', 'photo.png', 1),
('MÁ5258', 'Mauricio Luca', 'Álvarez Pérez', '54F2?51y2-48e2/10143-54F2?85482*66282/53L2*', 'yaton2020@gmail.com', '1988-02-05', 'M', 'Ciudad Delgado', 7, 1, 'A', 'photo.png', 1),
('MA9567', 'Matías Anthony', 'Acosta Herrera', '112163?107103-120243!108113*77392-48e2?85482/83462!', 'yaton2020@gmail.com', '1987-02-21', 'M', 'Apopa', 3, 1, 'A', 'photo.png', 1),
('MA9739', 'Mauricio Juan', 'Acosta Rojas', '122263?121253-109123-10253-10143/50a2*107103/10363/', 'yaton2020@gmail.com', '1988-02-05', 'M', 'Ilopango', 7, 1, 'A', 'photo.png', 1),
('MC4456', 'Mario Juan Sebastian', 'Castro Sánchez', '10473/10693!108113/9922*10363?9812-116203!112163/', 'yaton2020@gmail.com', '1987-02-17', 'M', 'Apopa', 4, 1, 'A', 'photo.png', 1),
('MC8646', 'Mauricio Nicolás', 'Cabrera González', '108113/120243!53L2?114183!9702*9922*10473*10143/', 'yaton2020@gmail.com', '1987-11-02', 'M', 'Soyanpango', 2, 1, 'A', 'photo.png', 1),
('MD4436', 'Martín Lucas', 'Díaz Peralta', '116203/109123?9702?117213?89522?77392/57p2!80432*', 'yaton2020@gmail.com', '1988-10-01', 'M', 'Ciudad Delgado', 1, 1, 'A', 'photo.png', 1),
('MD9555', 'Miguel Angel Emiliano', 'Domínguez García', '107103/57p2-112163-117213!108113?54F2/10253?114183/', 'yaton2020@gmail.com', '1989-07-02', 'M', 'Ciudad Delgado', 3, 1, 'A', 'photo.png', 1),
('MF1821', 'Manuel Manuel', 'Ferreyra Rojas', '114183*112163-114183/10143?86492-66282-70322!79422-', 'yaton2020@gmail.com', '1987-11-03', 'M', 'Soyanpango', 8, 1, 'A', 'photo.png', 1),
('MF8216', 'Mathew Valentín', 'Ferreyra Luna', '10143*56o2*53L2/115193-67292?72342-83462/87502/', 'yaton2020@gmail.com', '1989-05-01', 'M', 'Ilopango', 12, 1, 'A', 'photo.png', 1),
('MG5738', 'Martín Juan Pablo', 'Gómez Martínez', '54F2!10473!118223*10583*53L2-48e2-114183*109123?', 'yaton2020@gmail.com', '1989-02-27', 'M', 'Apopa', 6, 1, 'A', 'photo.png', 0),
('MH6433', 'Matías Vicente', 'Herrera Ramírez', '120243!55R2-114183/116203-116203?108113?53L2?9922/', 'yaton2020@gmail.com', '1987-11-07', 'M', 'Apopa', 5, 1, 'A', 'photo.png', 1),
('MJ6199', 'Miguel Guillermo', 'Juárez Quiroga', '50a2/110133*116203!10253*80432/89522-86492?67292/', 'yaton2020@gmail.com', '1988-02-22', 'M', 'Apopa', 11, 1, 'A', 'photo.png', 1),
('ML9342', 'Martín Juan Sebastian', 'Luna Benítez', '108113!51y2!114183!57p2/10143?49l2!57p2-117213/', 'yaton2020@gmail.com', '1987-02-09', 'M', 'Ciudad Delgado', 2, 1, 'A', 'photo.png', 1),
('MM4383', 'Maximiliano Jorge', 'Medina Romero', '118223-10143/52A2*9922!54F2?66282/51y2*56o2*', 'yaton2020@gmail.com', '1987-11-07', 'M', 'Ilopango', 5, 1, 'A', 'photo.png', 1),
('MM4716', 'Mateo Axel', 'Morales Godoy', '116203*10363-109123*107103*54F2-56o2?57p2*49l2/111153-115193*', 'yaton2020@gmail.com', '1988-10-11', 'M', 'Ciudad Delgado', 3, 1, 'A', 'photo.png', 1),
('MM4921', 'Marcos Emiliano', 'Morales Ríos', '48e2*52A2/49l2*9812?86492!82452?68302/66282-', 'yaton2020@gmail.com', '0000-00-00', 'M', 'Ilopango', 1, 1, 'A', 'photo.png', 1),
('MN2956', 'Miguel Angel Miguel Angel', 'Núñez González', '117213-10033!119233*121253*119233-53L2*51y2?118223?', 'yaton2020@gmail.com', '1987-11-03', 'M', 'Ilopango', 8, 1, 'A', 'photo.png', 1),
('MO3283', 'Martín Juan', 'Ortiz Ojeda', '10473/53L2?10143!57p2!56o2!82452/89522-85482!', 'yaton2020@gmail.com', '1987-10-03', 'M', 'Ciudad Delgado', 4, 1, 'A', 'photo.png', 1),
('MP3665', 'Manuel Alexander', 'Pereyra Cabrera', '57p2*113173/10693/49l2?48e2?50a2*112163-53L2*', 'yaton2020@gmail.com', '1987-03-04', 'M', 'Apopa', 5, 1, 'A', 'photo.png', 1),
('MQ5455', 'Miguel Angel Jesús', 'Quiroga Castro', '121253*110133/50a2/10033!54F2!115193-10033/111153*', 'yaton2020@gmail.com', '1987-11-03', 'M', 'Ilopango', 8, 1, 'A', 'photo.png', 1),
('MR3799', 'Maximiliano Juan David', 'Rodríguez Ruiz', '119233?10253!10583-51y2!57p2/116203-116203-10363*', 'yaton2020@gmail.com', '1989-01-01', 'M', 'Apopa', 8, 1, 'A', 'photo.png', 1),
('MR6432', 'Miguel Angel Iván', 'Ramírez Castillo', '56o2*10033?119233-52A2?54F2/48e2!83462/71332/', 'yaton2020@gmail.com', '1987-06-14', 'M', 'Ciudad Delgado', 11, 1, 'A', 'photo.png', 1),
('MR6891', 'Matías Carlos', 'Ramírez Vázquez', '9812?120243/10143/112163!10143-10693?55R2/109123-', 'yaton2020@gmail.com', '0000-00-00', 'M', 'Ciudad Delgado', 1, 1, 'A', 'photo.png', 1),
('MR9215', 'Manuel Bruno', 'Ríos Cabrera', '122263!10033/48e2?122263*110133-10363*9922?56o2*115193-50a2!114183-', 'yaton2020@gmail.com', '1988-02-22', 'M', 'Ilopango', 11, 1, 'A', 'photo.png', 0),
('MS4199', 'Mateo Pablo', 'Sánchez Muñoz', '56o2-56o2*117213!117213/80432!74362*51y2!51y2?', 'yaton2020@gmail.com', '1987-07-03', 'M', 'Soyanpango', 4, 1, 'A', 'photo.png', 1),
('MS5346', 'Mathew Jesús', 'Sánchez Rojas', '117213?107103/119233!48e2-10363?114183!120243/10473?', 'yaton2020@gmail.com', '1988-02-19', 'M', 'Apopa', 12, 1, 'A', 'photo.png', 1),
('MS6856', 'Miguel David', 'Silva Ojeda', '54F2/122263/110133*50a2*121253?52A2*121253/110133?', 'yaton2020@gmail.com', '1987-10-20', 'M', 'Ilopango', 10, 1, 'A', 'photo.png', 1),
('MS8242', 'Matías Manuel', 'Sánchez Vega', '48e2!114183?107103*56o2?87502*81442!52A2/90532!', 'yaton2020@gmail.com', '0000-00-00', 'M', 'Soyanpango', 1, 1, 'A', 'photo.png', 1),
('MT4823', 'Matías Juan Pablo', 'Torres Gutiérrez', '49l2*50a2/113173-10363/51y2?119233!49l2/10033?', 'yaton2020@gmail.com', '1989-02-27', 'M', 'Ilopango', 6, 1, 'A', 'photo.png', 0),
('MV1492', 'Martín Juan Jose', 'Vega Quiroga', '10033!56o2?121253!10473-115193*114183-117213*112163/', 'yaton2020@gmail.com', '1988-02-19', 'M', 'Ciudad Delgado', 12, 1, 'A', 'photo.png', 1),
('MV3491', 'Matías Jonathan', 'Vázquez Pereyra', '111153-112163*51y2!113173*51y2/80432/84472-86492-', 'yaton2020@gmail.com', '1987-09-22', 'M', 'Ilopango', 1, 1, 'A', 'photo.png', 0),
('MV4899', 'Matías Alejandro', 'Vega Godoy', '120243-51y2?9922-120243-118223-55R2!56o2*110133/', 'yaton2020@gmail.com', '1987-12-23', 'M', 'Soyanpango', 12, 1, 'A', 'photo.png', 0),
('MV6472', 'Maximiliano Mateo', 'Vázquez Rojas', '121253*55R2?10363*111153?57p2?52A2/55R2*111153/9702/10033?108113/', 'yaton2020@gmail.com', '0000-00-00', 'M', 'Soyanpango', 1, 1, 'A', 'photo.png', 0),
('NL7389', 'Nicolás Jose', 'López Martínez', '51y2/121253/55R2!111153?119233!49l2!116203/52A2?', 'yaton2020@gmail.com', '1989-10-26', 'M', 'Soyanpango', 6, 1, 'A', 'photo.png', 0),
('NR2346', 'Nicolás Joaquin', 'Ríos Sánchez', '55R2?9702?57p2?112163?117213?10693*49l2/49l2!', 'yaton2020@gmail.com', '1988-10-11', 'M', 'Ciudad Delgado', 3, 1, 'A', 'photo.png', 1);
INSERT INTO `student` (`idStudent`, `name`, `lastName`, `password`, `email`, `birthdate`, `sex`, `residence`, `idSection`, `state`, `stateAcademic`, `photo`, `verified`) VALUES
('NR5288', 'Nicolás Thiago', 'Ruiz Luna', '122263!54F2!10473-50a2?56o2?117213-48e2?10693/', 'yaton2020@gmail.com', '1987-11-07', 'M', 'Apopa', 5, 1, 'A', 'photo.png', 1),
('OD7389', 'Oscar Jesús', 'Díaz Pérez', '51y2/49l2!122263!54F2?89522*80432-68302-66282-', 'yaton2020@gmail.com', '1987-03-04', 'M', 'Apopa', 5, 1, 'A', 'photo.png', 1),
('OO1499', 'Oscar Anthony', 'Ojeda Acosta', '108113*112163!116203!116203*49l2-120243?48e2-50a2-', 'yaton2020@gmail.com', '1989-07-02', 'M', 'Ciudad Delgado', 10, 1, 'A', 'photo.png', 1),
('OP9186', 'Oscar Joshua', 'Pereyra Ortiz', '10363!57p2*10253?119233*55R2?109123*9922/118223*', 'yaton2020@gmail.com', '1987-04-25', 'M', 'Ilopango', 7, 1, 'A', 'photo.png', 1),
('OR5469', 'Oscar Cristobal', 'Rojas Herrera', '10363/120243*50a2!53L2*73352/68302?71332-82452!', 'yaton2020@gmail.com', '1988-02-05', 'M', 'Ciudad Delgado', 7, 1, 'A', 'photo.png', 1),
('PÁ9139', 'Pablo Iván', 'Álvarez Gutiérrez', '56o2/54F2/116203*114183*90532/57p2!53L2!83462!', 'yaton2020@gmail.com', '1987-02-17', 'M', 'Ciudad Delgado', 4, 1, 'A', 'photo.png', 0),
('PC6556', 'Pablo Gael', 'Cabrera Sosa', '121253/9702!121253-112163!75372?68302-85482?74362-', 'yaton2020@gmail.com', '1989-07-02', 'M', 'Ilopango', 3, 1, 'A', 'photo.png', 1),
('PF2525', 'Pablo Lucas', 'Ferreyra Suárez', '119233?120243/108113-10693!56o2*72342*54F2!71332?', 'yaton2020@gmail.com', '1987-10-20', 'M', 'Ilopango', 10, 1, 'A', 'photo.png', 0),
('PG4466', 'Pedro Eduardo', 'Gutiérrez Romero', '54F2?113173!112163?50a2!89522/85482!69312!67292/', 'yaton2020@gmail.com', '1988-10-11', 'M', 'Ilopango', 3, 1, 'A', 'photo.png', 1),
('PJ6839', 'Pablo Lucas', 'Juárez Cabrera', '107103?10363-122263-114183/75372-57p2-72342!79422-', 'yaton2020@gmail.com', '1989-07-02', 'M', 'Ciudad Delgado', 10, 1, 'A', 'photo.png', 0),
('PO7218', 'Pedro Guillermo', 'Ojeda Sosa', '107103?10363/49l2?10583-51y2-72342*71332*57p2-', 'yaton2020@gmail.com', '0000-00-00', 'M', 'Soyanpango', 1, 1, 'A', 'photo.png', 0),
('PQ1759', 'Pedro Julían', 'Quiroga Herrera', '110133!117213/114183!111153?10693-49l2-57p2*9702*', 'yaton2020@gmail.com', '1989-05-01', 'M', 'Apopa', 12, 1, 'A', 'photo.png', 0),
('PV2487', 'Pedro Benjamin', 'Vega Domínguez', '118223!56o2-52A2*116203?79422?54F2-48e2!72342/', 'yaton2020@gmail.com', '1987-04-25', 'M', 'Ciudad Delgado', 7, 1, 'A', 'photo.png', 1),
('RA5176', 'Rafael Emmanuel', 'Aguirre Vera', '9922?113173!9922/10363!75372-69312*55R2?77392*', 'yaton2020@gmail.com', '1988-10-11', 'M', 'Ciudad Delgado', 3, 1, 'A', 'photo.png', 1),
('RD2532', 'Rodrigo Gael', 'Díaz Gómez', '116203?108113*53L2-119233-55R2!73352*48e2?78402!', 'yaton2020@gmail.com', '1987-04-25', 'M', 'Soyanpango', 7, 1, 'A', 'photo.png', 0),
('RG8592', 'Rafael Cristopher', 'Gutiérrez Ferreyra', '48e2/10253/110133!9922-86492*53L2!89522/53L2/', 'yaton2020@gmail.com', '1989-02-02', 'M', 'Ilopango', 2, 1, 'A', 'photo.png', 1),
('RH4492', 'Ricardo Dylan', 'Herrera Acosta', '110133!119233*110133-118223?65272/89522!72342-78402-', 'yaton2020@gmail.com', '1987-10-20', 'M', 'Ciudad Delgado', 10, 1, 'A', 'photo.png', 0),
('RL8513', 'Rodrigo Carlos', 'López Vega', '10143?52A2-122263-119233!54F2/10253/54F2!107103/', 'yaton2020@gmail.com', '1987-02-17', 'M', 'Soyanpango', 4, 1, 'A', 'photo.png', 0),
('RS9179', 'Ricardo Emmanuel', 'Suárez Ortiz', '122263-115193?10583/10253*51y2!10693-10363-114183*', 'yaton2020@gmail.com', '1989-02-02', 'M', 'Apopa', 2, 1, 'A', 'photo.png', 1),
('RV4421', 'Rafael Rodrigo', 'Vega Rojas', '117213?109123*53L2-122263-120243!108113*122263?10253/', 'yaton2020@gmail.com', '1989-07-02', 'M', 'Ciudad Delgado', 3, 1, 'A', 'photo.png', 1),
('RV4986', 'Rodrigo Erick', 'Vega Castro', '122263-53L2*9702*48e2?54F2!79422?78402?68302!', 'yaton2020@gmail.com', '1988-02-05', 'M', 'Apopa', 7, 1, 'A', 'photo.png', 0),
('RV5182', 'Rodrigo Nicolás', 'Vera Suárez', '51y2/110133*54F2*52A2!55R2*72342/78402!80432/', 'yaton2020@gmail.com', '1989-07-02', 'M', 'Soyanpango', 3, 1, 'A', 'photo.png', 1),
('SA1975', 'Santiago Matías', 'Acosta Díaz', '9812?55R2/10253/10473-52A2?77392?65272/54F2?', 'yaton2020@gmail.com', '1987-03-04', 'M', 'Ilopango', 5, 1, 'A', 'photo.png', 0),
('SA3991', 'Santiago Santiago', 'Acosta Díaz', '109123!111153-112163!10033?76382!83462?90532!66282/', 'yaton2020@gmail.com', '1988-02-05', 'M', 'Ilopango', 7, 1, 'A', 'photo.png', 0),
('SA9292', 'Santiago Agustin', 'Aguirre González', '111153-49l2*52A2?48e2!71332*51y2-81442?81442-', 'yaton2020@gmail.com', '1989-01-01', 'M', 'Ciudad Delgado', 8, 1, 'A', 'photo.png', 0),
('SC3163', 'Santiago Cesar', 'Carrizo Quiroga', '112163/54F2/112163!10033/49l2*107103*51y2*57p2/', 'yaton2020@gmail.com', '1989-11-06', 'M', 'Apopa', 7, 1, 'A', 'photo.png', 0),
('SC6342', 'Samuel Vicente', 'Castro Silva', '10253?9702!48e2!10253?82452!86492/67292*84472*', 'yaton2020@gmail.com', '1987-11-02', 'M', 'Ciudad Delgado', 2, 1, 'A', 'photo.png', 1),
('SF6611', 'Sergio Ángel', 'Ferreyra Ledesma', '110133?9702!116203?10473!76382?83462-80432!54F2*', 'yaton2020@gmail.com', '1987-10-03', 'M', 'Soyanpango', 4, 1, 'A', 'photo.png', 0),
('SF9413', 'Santiago Francisco', 'Ferreyra Juárez', '109123*54F2-10693?57p2/107103-108113-121253/113173/', 'yaton2020@gmail.com', '1989-02-27', 'M', 'Apopa', 6, 1, 'A', 'photo.png', 0),
('SG2151', 'Simón Antonio', 'García Muñoz', '117213!119233/109123/110133-79422!88512-76382-65272*', 'yaton2020@gmail.com', '1988-10-11', 'M', 'Apopa', 3, 1, 'A', 'photo.png', 0),
('SG3697', 'Santiago Ángel', 'García Ramírez', '10363*117213-10693*56o2/49l2!110133?116203/9812/', 'yaton2020@gmail.com', '1988-02-19', 'M', 'Apopa', 12, 1, 'A', 'photo.png', 0),
('SM2988', 'Santiago Daniel', 'Morales Luna', '56o2*114183-10693*111153*122263!107103*117213*118223-', 'yaton2020@gmail.com', '1987-02-21', 'M', 'Soyanpango', 3, 1, 'A', 'photo.png', 0),
('SM5922', 'Samuel Agustin', 'Morales Rodríguez', '48e2?10693!10143-119233-82452*89522-86492*78402!', 'yaton2020@gmail.com', '1987-10-03', 'M', 'Soyanpango', 4, 1, 'A', 'photo.png', 0),
('SN1921', 'Santiago Emmanuel', 'Núñez Godoy', '107103/113173/55R2!110133!51y2!70322!65272*67292?', 'yaton2020@gmail.com', '1987-09-22', 'M', 'Apopa', 1, 1, 'A', 'photo.png', 0),
('SN5436', 'Samuel Cesar', 'Núñez Gutiérrez', '114183-114183-115193*10253-107103-10363*53L2-116203!', 'yaton2020@gmail.com', '1987-02-09', 'M', 'Soyanpango', 2, 1, 'A', 'photo.png', 0),
('SP1535', 'Sergio Mario', 'Peralta Ruiz', '54F2-116203/122263*53L2!51y2!54F2/85482*52A2!', 'yaton2020@gmail.com', '1989-02-08', 'M', 'Soyanpango', 9, 1, 'A', 'photo.png', 1),
('SP6718', 'Santiago Jeronimo', 'Ponce Gómez', '117213!122263*112163?56o2/113173-109123?111153/122263!', 'yaton2020@gmail.com', '1988-10-11', 'M', 'Soyanpango', 3, 1, 'A', 'photo.png', 0),
('SR9236', 'Samuel Andrés', 'Rojas Castillo', '122263/118223*56o2-117213-54F2?116203*54F2?9922/', 'yaton2020@gmail.com', '1987-06-14', 'M', 'Ilopango', 11, 1, 'A', 'photo.png', 0),
('SS6823', 'Simón Benjamin', 'Sosa Gómez', '56o2-107103-56o2!108113/50a2?122263/9702?55R2!', 'yaton2020@gmail.com', '1989-05-02', 'M', 'Apopa', 9, 1, 'A', 'photo.png', 1),
('ST7337', 'Samuel Pedro', 'Torres Díaz', '108113/55R2!115193/111153-49l2-111153*55R2/10253-', 'yaton2020@gmail.com', '1988-02-22', 'M', 'Ilopango', 11, 1, 'A', 'photo.png', 0),
('TC8337', 'Tomás Juan', 'Castillo Sosa', '51y2-10473!52A2?112163?79422-56o2/50a2*57p2!', 'yaton2020@gmail.com', '1987-11-07', 'M', 'Soyanpango', 5, 1, 'A', 'photo.png', 0),
('TD6176', 'Tomás Rafael', 'Díaz Ortiz', '10143?119233?116203-114183/86492/66282!89522?75372?75372!', 'yaton2020@gmail.com', '1989-02-08', 'M', 'Ciudad Delgado', 9, 1, 'A', 'photo.png', 0),
('TF4321', 'Tomás Marcos', 'Ferreyra Castillo', '52A2-48e2/50a2!49l2-109123!10583*9922/9812-', 'yaton2020@gmail.com', '1989-02-02', 'M', 'Ciudad Delgado', 2, 1, 'A', 'photo.png', 0),
('TG6519', 'Thiago Álvaro', 'González Gutiérrez', '9702?10693-108113*120243?54F2*82452-88512/79422?', 'yaton2020@gmail.com', '1987-11-07', 'M', 'Ciudad Delgado', 5, 1, 'A', 'photo.png', 0),
('TM4163', 'Thiago Simón', 'Molina Pereyra', '50a2-57p2/114183-121253/82452-54F2*55R2/88512!', 'yaton2020@gmail.com', '1989-02-08', 'M', 'Ciudad Delgado', 9, 1, 'A', 'photo.png', 0),
('TM7295', 'Thiago Iván', 'Muñoz Silva', '57p2/120243*9922!10363/51y2?51y2*67292-83462/', 'yaton2020@gmail.com', '1989-02-08', 'M', 'Ciudad Delgado', 9, 1, 'A', 'photo.png', 0),
('TO1216', 'Tomás Oscar', 'Ojeda González', '9922!51y2!53L2?52A2!116203!112163?117213*10363-', 'yaton2020@gmail.com', '1989-02-02', 'M', 'Soyanpango', 2, 1, 'A', 'photo.png', 0),
('TP7975', 'Tomás Cristobal', 'Pérez Morales', '10693!10253-119233/57p2-9702?49l2-52A2!111153?', 'yaton2020@gmail.com', '1989-02-02', 'M', 'Ilopango', 2, 1, 'A', 'photo.png', 0),
('TR1521', 'Thiago Ricardo', 'Ramírez Torres', '108113*116203*119233-117213-87502/89522/55R2-71332?', 'yaton2020@gmail.com', '1987-03-04', 'M', 'Apopa', 5, 1, 'A', 'photo.png', 0),
('TS6665', 'Tomás Mathew', 'Sosa Gutiérrez', '109123?113173-114183!10363?74362-67292?71332*69312?', 'yaton2020@gmail.com', '1987-02-05', 'M', 'Ciudad Delgado', 8, 1, 'A', 'photo.png', 0),
('TV3337', 'Thiago Juan David', 'Vázquez Muñoz', '107103/120243-111153?112163!79422/76382-55R2?78402/', 'yaton2020@gmail.com', '1987-02-21', 'M', 'Ilopango', 3, 1, 'A', 'photo.png', 0),
('TV5391', 'Thiago Anthony', 'Vázquez Ortiz', '108113!121253/10583/10363!74362/73352/87502?57p2*', 'yaton2020@gmail.com', '1989-12-06', 'M', 'Apopa', 11, 1, 'A', 'photo.png', 0),
('TV6434', 'Thiago Álvaro', 'Vázquez Moreno', '55R2*50a2/122263-114183*54F2!48e2*71332!69312/', 'yaton2020@gmail.com', '1987-02-16', 'M', 'Ciudad Delgado', 10, 1, 'A', 'photo.png', 0),
('VM3416', 'Vicente Felipe', 'Moreno Ponce', '120243-9702-110133!50a2/10583-115193-52A2*109123/', 'yaton2020@gmail.com', '1987-11-03', 'M', 'Ilopango', 8, 1, 'A', 'photo.png', 0),
('VM5322', 'Vicente Bautista', 'Moreno Acosta', '120243?49l2-122263!117213-10033*9922/48e2/10363-', 'yaton2020@gmail.com', '1988-11-06', 'M', 'Ilopango', 9, 1, 'A', 'photo.png', 0),
('VP7753', 'Vicente Juan Sebastian', 'Pereyra Castro', '119233*48e2-107103*50a2/78402?88512*71332?69312*', 'yaton2020@gmail.com', '1989-05-01', 'M', 'Apopa', 12, 1, 'A', 'photo.png', 0),
('VV4812', 'Valentín Julían', 'Vera Ferreyra', '53L2*109123-120243?118223?78402?80432/87502-66282/', 'yaton2020@gmail.com', '1989-01-01', 'M', 'Ilopango', 8, 1, 'A', 'photo.png', 0);

-- --------------------------------------------------------

--
-- Estructura de tabla para la tabla `student_acc`
--

CREATE TABLE `student_acc` (
  `idAcc` int(11) NOT NULL,
  `idStudent` varchar(6) COLLATE utf8_spanish2_ci NOT NULL,
  `acc` float NOT NULL,
  `approved` tinyint(1) NOT NULL
) ENGINE=InnoDB DEFAULT CHARSET=utf8 COLLATE=utf8_spanish2_ci;

--
-- Volcado de datos para la tabla `student_acc`
--

INSERT INTO `student_acc` (`idAcc`, `idStudent`, `acc`, `approved`) VALUES
(1, 'AS1983', 3.94, 0),
(2, 'BS9588', 3.94, 0),
(3, 'DB4645', 3.94, 0),
(4, 'ER8335', 3.94, 0),
(5, 'FT9543', 3.94, 0),
(6, 'GG5559', 3.95, 0),
(7, 'IA3668', 3.97, 0),
(8, 'JA6681', 3.96, 0),
(9, 'JL7274', 3.98, 0),
(10, 'KÁ4733', 3.98, 0),
(11, 'LM5852', 3.98, 0),
(12, 'LR3335', 3.98, 0),
(13, 'MD4436', 3.98, 0),
(14, 'MM4921', 3.98, 0),
(15, 'MR6891', 3.98, 0),
(16, 'MS8242', 3.98, 0),
(17, 'AC5563', 4, 0),
(18, 'AM1638', 4.02, 0),
(19, 'ÁN9224', 4.02, 0),
(20, 'ÁR5923', 4.02, 0),
(21, 'AR7259', 4.02, 0),
(22, 'CL9634', 4.02, 0),
(23, 'DJ1737', 4.02, 0),
(24, 'DR7348', 4.02, 0),
(25, 'DV9275', 4.03, 0),
(26, 'EA4795', 4.02, 0),
(27, 'EP4352', 4.02, 0),
(28, 'ES9328', 4.02, 0),
(29, 'FC1423', 4, 0),
(30, 'GG3259', 4, 0),
(31, 'HP7681', 4, 0),
(32, 'JA2924', 4, 0),
(33, 'JA3561', 4, 0),
(34, 'JG7323', 4, 0),
(35, 'JG8296', 4, 0),
(36, 'JM7153', 3.99, 0),
(37, 'JQ8827', 3.99, 0),
(38, 'JR2253', 3.99, 0),
(39, 'JS1311', 3.99, 0),
(40, 'JT3175', 3.98, 0),
(41, 'LP3696', 3.99, 0),
(42, 'LP6885', 3.99, 0),
(43, 'MC8646', 3.99, 0),
(44, 'ML9342', 3.99, 0),
(45, 'RG8592', 3.99, 0),
(46, 'RS9179', 3.99, 0),
(47, 'SC6342', 3.99, 0),
(48, 'AG5462', 4, 0),
(49, 'AP7669', 4, 0),
(50, 'BR9523', 4, 0),
(51, 'CC2413', 4, 0),
(52, 'DV2282', 4, 0),
(53, 'ES3336', 4, 0),
(54, 'GM2599', 4, 0),
(55, 'GR7387', 4, 0),
(56, 'IP4186', 4, 0),
(57, 'JF6817', 4.01, 0),
(58, 'JO5431', 4, 0),
(59, 'JR8381', 4, 0),
(60, 'JV9236', 4, 0),
(61, 'KM6618', 4, 0),
(62, 'LC4825', 4, 0),
(63, 'LM7791', 4, 0),
(64, 'LO5959', 4, 0),
(65, 'MA9567', 4, 0),
(66, 'MD9555', 4, 0),
(67, 'MM4716', 4, 0),
(68, 'NR2346', 4, 0),
(69, 'PC6556', 4, 0),
(70, 'PG4466', 4, 0),
(71, 'RA5176', 4, 0),
(72, 'RV4421', 4, 0),
(73, 'RV5182', 4, 0),
(74, 'AC8372', 3.92, 0),
(75, 'ÁT4399', 3.92, 0),
(76, 'BC3517', 3.92, 0),
(77, 'BG9639', 3.93, 0),
(78, 'CG3314', 3.93, 0),
(79, 'CG8874', 3.93, 0),
(80, 'EF1291', 3.93, 0),
(81, 'ER1325', 3.94, 0),
(82, 'FL3514', 3.96, 0),
(83, 'FP2126', 3.96, 0),
(84, 'GF9739', 3.96, 0),
(85, 'IP1554', 3.97, 0),
(86, 'IV6296', 3.97, 0),
(87, 'IV9459', 3.97, 0),
(88, 'JC1912', 3.97, 0),
(89, 'JJ8389', 3.97, 0),
(90, 'JM9226', 3.97, 0),
(91, 'LP9455', 3.97, 0),
(92, 'MC4456', 3.97, 0),
(93, 'MO3283', 3.97, 0),
(94, 'MS4199', 3.97, 0),
(95, 'AG3433', 3.98, 0),
(96, 'AR5325', 3.98, 0),
(97, 'BQ2628', 3.98, 0),
(98, 'CD8339', 3.98, 0),
(99, 'CL7913', 3.98, 0),
(100, 'ER1971', 3.98, 0),
(101, 'ER8677', 4, 0),
(102, 'ET6197', 4.01, 0),
(103, 'FB7737', 4.01, 0),
(104, 'GL3842', 4.01, 0),
(105, 'IA8993', 4.01, 0),
(106, 'IQ8729', 4.01, 0),
(107, 'JJ2182', 4.01, 0),
(108, 'JM1958', 4.01, 0),
(109, 'JM2892', 4.01, 0),
(110, 'LR6137', 4.01, 0),
(111, 'MH6433', 4.01, 0),
(112, 'MM4383', 4.01, 0),
(113, 'MP3665', 4.01, 0),
(114, 'NR5288', 4.01, 0),
(115, 'OD7389', 4.01, 0),
(116, 'AC9757', 3.87, 0),
(117, 'AF6686', 3.89, 0),
(118, 'AV1432', 3.9, 0),
(119, 'BN8146', 3.9, 0),
(120, 'CG6284', 3.93, 0),
(121, 'CM1768', 3.93, 0),
(122, 'CP2577', 3.93, 0),
(123, 'CV1817', 3.96, 0),
(124, 'EF2321', 3.96, 0),
(125, 'FN9269', 3.96, 0),
(126, 'IP9464', 3.96, 0),
(127, 'JÁ1787', 3.96, 0),
(128, 'JA6979', 3.96, 0),
(129, 'JF6956', 3.96, 0),
(130, 'JF9166', 3.96, 0),
(131, 'JM6166', 3.96, 0),
(132, 'JP1338', 3.96, 0),
(133, 'JP9542', 3.96, 0),
(134, 'JS1631', 3.96, 0),
(135, 'JS5228', 3.96, 0),
(136, 'LG3866', 3.96, 0),
(137, 'AV2194', 3.97, 0),
(138, 'AV9782', 3.97, 0),
(139, 'CF7283', 3.97, 0),
(140, 'CR3815', 3.97, 0),
(141, 'DA6344', 3.97, 0),
(142, 'DC7557', 3.97, 0),
(143, 'DV6321', 3.98, 0),
(144, 'EL4666', 4, 0),
(145, 'EP9486', 4, 0),
(146, 'ER2461', 4, 0),
(147, 'FM6585', 4, 0),
(148, 'FR8934', 4.01, 0),
(149, 'FT1489', 4.01, 0),
(150, 'FV5729', 4.01, 0),
(151, 'GM3695', 4.01, 0),
(152, 'JL5461', 4.01, 0),
(153, 'JM4873', 4.01, 0),
(154, 'JR3327', 4.01, 0),
(155, 'KL8952', 4.01, 0),
(156, 'LA2352', 4.01, 0),
(157, 'LS1267', 4.01, 0),
(158, 'MÁ5258', 4.01, 0),
(159, 'MA9739', 4.01, 0),
(160, 'OP9186', 4.01, 0),
(161, 'OR5469', 4, 0),
(162, 'PV2487', 4.01, 0),
(163, 'AJ3557', 3.92, 0),
(164, 'AL1951', 3.92, 0),
(165, 'AT5162', 3.92, 0),
(166, 'AV5191', 3.92, 0),
(167, 'BL2957', 3.92, 0),
(168, 'BO2759', 3.94, 0),
(169, 'DR7596', 3.94, 0),
(170, 'DR8694', 3.94, 0),
(171, 'EM8842', 3.97, 0),
(172, 'GM2229', 3.97, 0),
(173, 'GV2633', 3.97, 0),
(174, 'IB1332', 3.97, 0),
(175, 'IP9558', 3.97, 0),
(176, 'JÁ7773', 3.97, 0),
(177, 'JB7154', 3.97, 0),
(178, 'JC8281', 3.97, 0),
(179, 'JG8863', 3.96, 0),
(180, 'JP6494', 3.97, 0),
(181, 'JQ9587', 3.97, 0),
(182, 'KO6831', 3.97, 0),
(183, 'LC8432', 3.97, 0),
(184, 'LQ3145', 3.97, 0),
(185, 'MF1821', 3.97, 0),
(186, 'MN2956', 3.97, 0),
(187, 'MQ5455', 3.98, 0),
(188, 'MR3799', 3.97, 0),
(189, 'AC5755', 3.94, 0),
(190, 'AS7999', 3.94, 0),
(191, 'BA3564', 3.98, 0),
(192, 'BM7119', 3.98, 0),
(193, 'CL9294', 3.98, 0),
(194, 'CP7186', 3.98, 0),
(195, 'DR7987', 3.98, 0),
(196, 'DS5899', 3.98, 0),
(197, 'EP2846', 3.98, 0),
(198, 'FV5372', 3.98, 0),
(199, 'GR9232', 3.98, 0),
(200, 'IJ2434', 3.98, 0),
(201, 'JF6695', 3.98, 0),
(202, 'JG8253', 3.98, 0),
(203, 'JH1242', 3.98, 0),
(204, 'JM5279', 3.98, 0),
(205, 'JS5299', 3.98, 0),
(206, 'LC2335', 3.98, 0),
(207, 'LM8535', 3.98, 0),
(208, 'SP1535', 3.98, 0),
(209, 'SS6823', 3.98, 0),
(210, 'AC4113', 4.03, 0),
(211, 'AM3292', 4.03, 0),
(212, 'AR6454', 4.03, 0),
(213, 'AT6834', 4.03, 0),
(214, 'CG7763', 4.03, 0),
(215, 'CM6312', 4.03, 0),
(216, 'DC2479', 4.03, 0),
(217, 'EJ7742', 4.03, 0),
(218, 'ER4698', 4.03, 0),
(219, 'FD6561', 4.03, 0),
(220, 'GÁ5585', 4.03, 0),
(221, 'IH1539', 4.03, 0),
(222, 'IH4598', 4.03, 0),
(223, 'IJ1129', 4.03, 0),
(224, 'IM4233', 4.03, 0),
(225, 'JF4522', 4.03, 0),
(226, 'JJ5873', 4.03, 0),
(227, 'JM3769', 4.03, 0),
(228, 'JR7753', 4.03, 0),
(229, 'JS9711', 4.03, 0),
(230, 'JV1362', 4.03, 0),
(231, 'LB9832', 4.03, 0),
(232, 'MA1436', 4.03, 0),
(233, 'MF8216', 4.03, 0),
(234, 'MS5346', 4.03, 0),
(235, 'MV1492', 4.03, 0),
(236, 'AD8319', 4.03, 0),
(237, 'AG4952', 4.03, 0),
(238, 'AR6451', 4.03, 0),
(239, 'BC4314', 4.03, 0),
(240, 'BR6494', 4.03, 0),
(241, 'EA1458', 4.03, 0),
(242, 'EH6526', 4.03, 0),
(243, 'EJ1516', 4.03, 0),
(244, 'EM7732', 4.03, 0),
(245, 'GG2548', 4.03, 0),
(246, 'IC9111', 4.03, 0),
(247, 'JA9221', 4.03, 0),
(248, 'JF8851', 4.03, 0),
(249, 'JG7617', 4.03, 0),
(250, 'JR5157', 4.03, 0),
(251, 'JR7361', 4.03, 0),
(252, 'JR9444', 4.03, 0),
(253, 'JS7314', 4.03, 0),
(254, 'JV6732', 4.03, 0),
(255, 'MS6856', 4.03, 0),
(256, 'OO1499', 4.03, 0),
(257, 'AA9176', 2, 0),
(258, 'ÁG3889', 2, 0),
(259, 'AM1481', 2, 0),
(260, 'AP9214', 2, 0),
(261, 'BH5175', 2, 0),
(262, 'BS8367', 2, 0),
(263, 'CA5153', 2, 0),
(264, 'CG6862', 2, 0),
(265, 'CP7116', 2, 0),
(266, 'CV8946', 2, 0),
(267, 'DM4228', 2, 0),
(268, 'EA3693', 2, 0),
(269, 'EA6948', 2, 0),
(270, 'EJ8759', 2, 0),
(271, 'FP9513', 2, 0),
(272, 'GR8383', 2, 0),
(273, 'GR8429', 2, 0),
(274, 'GR9663', 2, 0),
(275, 'JC7138', 2, 0),
(276, 'JG4856', 2, 0),
(277, 'JR2828', 2, 0),
(278, 'JR6265', 2, 0),
(279, 'JR8687', 2, 0),
(280, 'JV6346', 2, 0),
(281, 'MJ6199', 2, 0),
(282, 'MR6432', 2, 0);

-- --------------------------------------------------------

--
-- Estructura de tabla para la tabla `student_average`
--

CREATE TABLE `student_average` (
  `idAverage` int(11) NOT NULL,
  `idStudent` varchar(20) COLLATE utf8_spanish2_ci NOT NULL,
  `idPeriod` int(10) NOT NULL,
  `average` float NOT NULL,
  `approved` tinyint(1) NOT NULL
) ENGINE=InnoDB DEFAULT CHARSET=utf8 COLLATE=utf8_spanish2_ci;

--
-- Volcado de datos para la tabla `student_average`
--

INSERT INTO `student_average` (`idAverage`, `idStudent`, `idPeriod`, `average`, `approved`) VALUES
(1, 'AS1983', 1, 7.8, 1),
(2, 'BS9588', 1, 7.8, 1),
(3, 'DB4645', 1, 7.8, 1),
(4, 'ER8335', 1, 7.8, 1),
(5, 'FT9543', 1, 7.8, 1),
(6, 'GG5559', 1, 7.85, 1),
(7, 'IA3668', 1, 7.85, 1),
(8, 'JA6681', 1, 7.85, 1),
(9, 'JL7274', 1, 7.9, 1),
(10, 'KÁ4733', 1, 7.9, 1),
(11, 'LM5852', 1, 7.9, 1),
(12, 'LR3335', 1, 7.9, 1),
(13, 'MD4436', 1, 7.9, 1),
(14, 'MM4921', 1, 7.9, 1),
(15, 'MR6891', 1, 7.9, 1),
(16, 'MS8242', 1, 7.9, 1),
(17, 'AC5563', 1, 8, 1),
(18, 'AM1638', 1, 8.05, 1),
(19, 'ÁN9224', 1, 8.05, 1),
(20, 'ÁR5923', 1, 8.05, 1),
(21, 'AR7259', 1, 8.05, 1),
(22, 'CL9634', 1, 8.05, 1),
(23, 'DJ1737', 1, 8.05, 1),
(24, 'DR7348', 1, 8.05, 1),
(25, 'DV9275', 1, 8.1, 1),
(26, 'EA4795', 1, 8.05, 1),
(27, 'EP4352', 1, 8.05, 1),
(28, 'ES9328', 1, 8.05, 1),
(29, 'FC1423', 1, 8, 1),
(30, 'GG3259', 1, 8, 1),
(31, 'HP7681', 1, 8, 1),
(32, 'JA2924', 1, 8, 1),
(33, 'JA3561', 1, 8, 1),
(34, 'JG7323', 1, 8, 1),
(35, 'JG8296', 1, 8, 1),
(36, 'JM7153', 1, 7.95, 1),
(37, 'JQ8827', 1, 7.95, 1),
(38, 'JR2253', 1, 7.95, 1),
(39, 'JS1311', 1, 7.95, 1),
(40, 'JT3175', 1, 7.9, 1),
(41, 'LP3696', 1, 7.95, 1),
(42, 'LP6885', 1, 7.95, 1),
(43, 'MC8646', 1, 7.95, 1),
(44, 'ML9342', 1, 7.95, 1),
(45, 'RG8592', 1, 7.95, 1),
(46, 'RS9179', 1, 7.95, 1),
(47, 'SC6342', 1, 7.95, 1),
(48, 'AG5462', 1, 7.94, 1),
(49, 'AP7669', 1, 7.94, 1),
(50, 'BR9523', 1, 7.94, 1),
(51, 'CC2413', 1, 7.94, 1),
(52, 'DV2282', 1, 7.94, 1),
(53, 'ES3336', 1, 7.94, 1),
(54, 'GM2599', 1, 7.94, 1),
(55, 'GR7387', 1, 7.94, 1),
(56, 'IP4186', 1, 7.94, 1),
(57, 'JF6817', 1, 7.94, 1),
(58, 'JO5431', 1, 7.94, 1),
(59, 'JR8381', 1, 7.94, 1),
(60, 'JV9236', 1, 7.94, 1),
(61, 'KM6618', 1, 7.94, 1),
(62, 'LC4825', 1, 7.94, 1),
(63, 'LM7791', 1, 7.94, 1),
(64, 'LO5959', 1, 7.94, 1),
(65, 'MA9567', 1, 7.94, 1),
(66, 'MD9555', 1, 7.94, 1),
(67, 'MM4716', 1, 7.94, 1),
(68, 'NR2346', 1, 7.94, 1),
(69, 'PC6556', 1, 7.94, 1),
(70, 'PG4466', 1, 7.94, 1),
(71, 'RA5176', 1, 7.94, 1),
(72, 'RV4421', 1, 7.94, 1),
(73, 'RV5182', 1, 7.94, 1),
(74, 'AC8372', 1, 7.84, 1),
(75, 'ÁT4399', 1, 7.84, 1),
(76, 'BC3517', 1, 7.84, 1),
(77, 'BG9639', 1, 7.89, 1),
(78, 'CG3314', 1, 7.89, 1),
(79, 'CG8874', 1, 7.89, 1),
(80, 'EF1291', 1, 7.89, 1),
(81, 'ER1325', 1, 7.89, 1),
(82, 'FL3514', 1, 7.94, 1),
(83, 'FP2126', 1, 7.94, 1),
(84, 'GF9739', 1, 7.94, 1),
(85, 'IP1554', 1, 7.98, 1),
(86, 'IV6296', 1, 7.98, 1),
(87, 'IV9459', 1, 7.98, 1),
(88, 'JC1912', 1, 7.98, 1),
(89, 'JJ8389', 1, 7.98, 1),
(90, 'JM9226', 1, 7.98, 1),
(91, 'LP9455', 1, 7.98, 1),
(92, 'MC4456', 1, 7.98, 1),
(93, 'MO3283', 1, 7.98, 1),
(94, 'MS4199', 1, 7.98, 1),
(95, 'AG3433', 1, 7.93, 1),
(96, 'AR5325', 1, 7.93, 1),
(97, 'BQ2628', 1, 7.93, 1),
(98, 'CD8339', 1, 7.93, 1),
(99, 'CL7913', 1, 7.93, 1),
(100, 'ER1971', 1, 7.93, 1),
(101, 'ER8677', 1, 7.93, 1),
(102, 'ET6197', 1, 7.99, 1),
(103, 'FB7737', 1, 7.99, 1),
(104, 'GL3842', 1, 7.99, 1),
(105, 'IA8993', 1, 7.99, 1),
(106, 'IQ8729', 1, 7.99, 1),
(107, 'JJ2182', 1, 7.99, 1),
(108, 'JM1958', 1, 7.99, 1),
(109, 'JM2892', 1, 7.99, 1),
(110, 'LR6137', 1, 7.99, 1),
(111, 'MH6433', 1, 7.99, 1),
(112, 'MM4383', 1, 7.99, 1),
(113, 'MP3665', 1, 7.99, 1),
(114, 'NR5288', 1, 7.99, 1),
(115, 'OD7389', 1, 7.99, 1),
(116, 'AC9757', 1, 7.69, 1),
(117, 'AF6686', 1, 7.69, 1),
(118, 'AV1432', 1, 7.75, 1),
(119, 'BN8146', 1, 7.75, 1),
(120, 'CG6284', 1, 7.81, 1),
(121, 'CM1768', 1, 7.81, 1),
(122, 'CP2577', 1, 7.81, 1),
(123, 'CV1817', 1, 7.86, 1),
(124, 'EF2321', 1, 7.86, 1),
(125, 'FN9269', 1, 7.86, 1),
(126, 'IP9464', 1, 7.86, 1),
(127, 'JÁ1787', 1, 7.86, 1),
(128, 'JA6979', 1, 7.86, 1),
(129, 'JF6956', 1, 7.86, 1),
(130, 'JF9166', 1, 7.86, 1),
(131, 'JM6166', 1, 7.86, 1),
(132, 'JP1338', 1, 7.86, 1),
(133, 'JP9542', 1, 7.86, 1),
(134, 'JS1631', 1, 7.86, 1),
(135, 'JS5228', 1, 7.86, 1),
(136, 'LG3866', 1, 7.86, 1),
(137, 'AV2194', 1, 7.97, 1),
(138, 'AV9782', 1, 7.97, 1),
(139, 'CF7283', 1, 7.97, 1),
(140, 'CR3815', 1, 7.97, 1),
(141, 'DA6344', 1, 7.97, 1),
(142, 'DC7557', 1, 7.97, 1),
(143, 'DV6321', 1, 8.03, 1),
(144, 'EL4666', 1, 8.09, 1),
(145, 'EP9486', 1, 8.09, 1),
(146, 'ER2461', 1, 8.09, 1),
(147, 'FM6585', 1, 8.09, 1),
(148, 'FR8934', 1, 8.09, 1),
(149, 'FT1489', 1, 8.09, 1),
(150, 'FV5729', 1, 8.09, 1),
(151, 'GM3695', 1, 8.09, 1),
(152, 'JL5461', 1, 8.09, 1),
(153, 'JM4873', 1, 8.09, 1),
(154, 'JR3327', 1, 8.09, 1),
(155, 'KL8952', 1, 8.09, 1),
(156, 'LA2352', 1, 8.09, 1),
(157, 'LS1267', 1, 8.09, 1),
(158, 'MÁ5258', 1, 8.09, 1),
(159, 'MA9739', 1, 8.09, 1),
(160, 'OP9186', 1, 8.09, 1),
(161, 'OR5469', 1, 8.09, 1),
(162, 'PV2487', 1, 8.09, 1),
(163, 'AJ3557', 1, 7.93, 1),
(164, 'AL1951', 1, 7.93, 1),
(165, 'AT5162', 1, 7.93, 1),
(166, 'AV5191', 1, 7.93, 1),
(167, 'BL2957', 1, 7.93, 1),
(168, 'BO2759', 1, 7.99, 1),
(169, 'DR7596', 1, 7.99, 1),
(170, 'DR8694', 1, 7.99, 1),
(171, 'EM8842', 1, 7.99, 1),
(172, 'GM2229', 1, 7.99, 1),
(173, 'GV2633', 1, 7.99, 1),
(174, 'IB1332', 1, 7.99, 1),
(175, 'IP9558', 1, 7.99, 1),
(176, 'JÁ7773', 1, 7.99, 1),
(177, 'JB7154', 1, 7.99, 1),
(178, 'JC8281', 1, 7.99, 1),
(179, 'JG8863', 1, 7.99, 1),
(180, 'JP6494', 1, 7.99, 1),
(181, 'JQ9587', 1, 7.99, 1),
(182, 'KO6831', 1, 7.99, 1),
(183, 'LC8432', 1, 7.99, 1),
(184, 'LQ3145', 1, 7.99, 1),
(185, 'MF1821', 1, 7.99, 1),
(186, 'MN2956', 1, 7.99, 1),
(187, 'MQ5455', 1, 7.99, 1),
(188, 'MR3799', 1, 7.99, 1),
(189, 'AC5755', 1, 7.7, 1),
(190, 'AS7999', 1, 7.7, 1),
(191, 'BA3564', 1, 7.88, 1),
(192, 'BM7119', 1, 7.88, 1),
(193, 'CL9294', 1, 7.88, 1),
(194, 'CP7186', 1, 7.88, 1),
(195, 'DR7987', 1, 7.88, 1),
(196, 'DS5899', 1, 7.88, 1),
(197, 'EP2846', 1, 7.88, 1),
(198, 'FV5372', 1, 7.88, 1),
(199, 'GR9232', 1, 7.88, 1),
(200, 'IJ2434', 1, 7.88, 1),
(201, 'JF6695', 1, 7.88, 1),
(202, 'JG8253', 1, 7.88, 1),
(203, 'JH1242', 1, 7.88, 1),
(204, 'JM5279', 1, 7.88, 1),
(205, 'JS5299', 1, 7.88, 1),
(206, 'LC2335', 1, 7.88, 1),
(207, 'LM8535', 1, 7.88, 1),
(208, 'SP1535', 1, 7.88, 1),
(209, 'SS6823', 1, 7.88, 1),
(210, 'AC4113', 1, 8.05, 1),
(211, 'AM3292', 1, 8.05, 1),
(212, 'AR6454', 1, 8.05, 1),
(213, 'AT6834', 1, 8.05, 1),
(214, 'CG7763', 1, 8.05, 1),
(215, 'CM6312', 1, 8.05, 1),
(216, 'DC2479', 1, 8.05, 1),
(217, 'EJ7742', 1, 8.05, 1),
(218, 'ER4698', 1, 8.05, 1),
(219, 'FD6561', 1, 8.05, 1),
(220, 'GÁ5585', 1, 8.05, 1),
(221, 'IH1539', 1, 8.05, 1),
(222, 'IH4598', 1, 8.05, 1),
(223, 'IJ1129', 1, 8.05, 1),
(224, 'IM4233', 1, 8.05, 1),
(225, 'JF4522', 1, 8.05, 1),
(226, 'JJ5873', 1, 8.05, 1),
(227, 'JM3769', 1, 8.05, 1),
(228, 'JR7753', 1, 8.05, 1),
(229, 'JS9711', 1, 8.05, 1),
(230, 'JV1362', 1, 8.05, 1),
(231, 'LB9832', 1, 8.05, 1),
(232, 'MA1436', 1, 8.05, 1),
(233, 'MF8216', 1, 8.05, 1),
(234, 'MS5346', 1, 8.05, 1),
(235, 'MV1492', 1, 8.05, 1),
(236, 'AD8319', 1, 8.05, 1),
(237, 'AG4952', 1, 8.05, 1),
(238, 'AR6451', 1, 8.05, 1),
(239, 'BC4314', 1, 8.05, 1),
(240, 'BR6494', 1, 8.05, 1),
(241, 'EA1458', 1, 8.05, 1),
(242, 'EH6526', 1, 8.05, 1),
(243, 'EJ1516', 1, 8.05, 1),
(244, 'EM7732', 1, 8.05, 1),
(245, 'GG2548', 1, 8.05, 1),
(246, 'IC9111', 1, 8.05, 1),
(247, 'JA9221', 1, 8.05, 1),
(248, 'JF8851', 1, 8.05, 1),
(249, 'JG7617', 1, 8.05, 1),
(250, 'JR5157', 1, 8.05, 1),
(251, 'JR7361', 1, 8.05, 1),
(252, 'JR9444', 1, 8.05, 1),
(253, 'JS7314', 1, 8.05, 1),
(254, 'JV6732', 1, 8.05, 1),
(255, 'MS6856', 1, 8.05, 1),
(256, 'OO1499', 1, 8.05, 1),
(257, 'AS1983', 2, 7.95, 1),
(258, 'BS9588', 2, 7.95, 1),
(259, 'DB4645', 2, 7.95, 1),
(260, 'ER8335', 2, 7.95, 1),
(261, 'FT9543', 2, 7.95, 1),
(262, 'GG5559', 2, 7.95, 1),
(263, 'IA3668', 2, 8, 1),
(264, 'JA6681', 2, 8, 1),
(265, 'JL7274', 2, 8, 1),
(266, 'KÁ4733', 2, 8, 1),
(267, 'LM5852', 2, 8, 1),
(268, 'LR3335', 2, 8, 1),
(269, 'MD4436', 2, 8, 1),
(270, 'MM4921', 2, 8, 1),
(271, 'MR6891', 2, 8, 1),
(272, 'MS8242', 2, 8, 1),
(273, 'AC5563', 2, 8, 1),
(274, 'AM1638', 2, 8, 1),
(275, 'ÁN9224', 2, 8, 1),
(276, 'ÁR5923', 2, 8, 1),
(277, 'AR7259', 2, 8, 1),
(278, 'CL9634', 2, 8, 1),
(279, 'DJ1737', 2, 8, 1),
(280, 'DR7348', 2, 8, 1),
(281, 'DV9275', 2, 8, 1),
(282, 'EA4795', 2, 8, 1),
(283, 'EP4352', 2, 8, 1),
(284, 'ES9328', 2, 8, 1),
(285, 'FC1423', 2, 8, 1),
(286, 'GG3259', 2, 8, 1),
(287, 'HP7681', 2, 8, 1),
(288, 'JA2924', 2, 8, 1),
(289, 'JA3561', 2, 8, 1),
(290, 'JG7323', 2, 8, 1),
(291, 'JG8296', 2, 8, 1),
(292, 'JM7153', 2, 8, 1),
(293, 'JQ8827', 2, 8, 1),
(294, 'JR2253', 2, 8, 1),
(295, 'JS1311', 2, 8, 1),
(296, 'JT3175', 2, 8, 1),
(297, 'LP3696', 2, 8, 1),
(298, 'LP6885', 2, 8, 1),
(299, 'MC8646', 2, 8, 1),
(300, 'ML9342', 2, 8, 1),
(301, 'RG8592', 2, 8, 1),
(302, 'RS9179', 2, 8, 1),
(303, 'SC6342', 2, 8, 1),
(304, 'AG5462', 2, 8.04, 1),
(305, 'AP7669', 2, 8.04, 1),
(306, 'BR9523', 2, 8.04, 1),
(307, 'CC2413', 2, 8.04, 1),
(308, 'DV2282', 2, 8.04, 1),
(309, 'ES3336', 2, 8.04, 1),
(310, 'GM2599', 2, 8.04, 1),
(311, 'GR7387', 2, 8.04, 1),
(312, 'IP4186', 2, 8.04, 1),
(313, 'JF6817', 2, 8.09, 1),
(314, 'JO5431', 2, 8.04, 1),
(315, 'JR8381', 2, 8.04, 1),
(316, 'JV9236', 2, 8.04, 1),
(317, 'KM6618', 2, 8.04, 1),
(318, 'LC4825', 2, 8.04, 1),
(319, 'LM7791', 2, 8.04, 1),
(320, 'LO5959', 2, 8.04, 1),
(321, 'MA9567', 2, 8.04, 1),
(322, 'MD9555', 2, 8.04, 1),
(323, 'MM4716', 2, 8.04, 1),
(324, 'NR2346', 2, 8.04, 1),
(325, 'PC6556', 2, 8.04, 1),
(326, 'PG4466', 2, 8.04, 1),
(327, 'RA5176', 2, 8.04, 1),
(328, 'RV4421', 2, 8.04, 1),
(329, 'RV5182', 2, 8.04, 1),
(330, 'AC8372', 2, 7.84, 1),
(331, 'ÁT4399', 2, 7.84, 1),
(332, 'BC3517', 2, 7.84, 1),
(333, 'BG9639', 2, 7.84, 1),
(334, 'CG3314', 2, 7.84, 1),
(335, 'CG8874', 2, 7.84, 1),
(336, 'EF1291', 2, 7.84, 1),
(337, 'ER1325', 2, 7.89, 1),
(338, 'FL3514', 2, 7.89, 1),
(339, 'FP2126', 2, 7.89, 1),
(340, 'GF9739', 2, 7.89, 1),
(341, 'IP1554', 2, 7.89, 1),
(342, 'IV6296', 2, 7.89, 1),
(343, 'IV9459', 2, 7.89, 1),
(344, 'JC1912', 2, 7.89, 1),
(345, 'JJ8389', 2, 7.89, 1),
(346, 'JM9226', 2, 7.89, 1),
(347, 'LP9455', 2, 7.89, 1),
(348, 'MC4456', 2, 7.89, 1),
(349, 'MO3283', 2, 7.88, 1),
(350, 'MS4199', 2, 7.89, 1),
(351, 'AG3433', 2, 7.99, 1),
(352, 'AR5325', 2, 7.99, 1),
(353, 'BQ2628', 2, 7.99, 1),
(354, 'CD8339', 2, 7.99, 1),
(355, 'CL7913', 2, 7.99, 1),
(356, 'ER1971', 2, 7.99, 1),
(357, 'ER8677', 2, 8.05, 1),
(358, 'ET6197', 2, 8.05, 1),
(359, 'FB7737', 2, 8.05, 1),
(360, 'GL3842', 2, 8.05, 1),
(361, 'IA8993', 2, 8.05, 1),
(362, 'IQ8729', 2, 8.05, 1),
(363, 'JJ2182', 2, 8.05, 1),
(364, 'JM1958', 2, 8.05, 1),
(365, 'JM2892', 2, 8.05, 1),
(366, 'LR6137', 2, 8.05, 1),
(367, 'MH6433', 2, 8.05, 1),
(368, 'MM4383', 2, 8.05, 1),
(369, 'MP3665', 2, 8.05, 1),
(370, 'NR5288', 2, 8.05, 1),
(371, 'OD7389', 2, 8.05, 1),
(372, 'AC9757', 2, 7.8, 1),
(373, 'AF6686', 2, 7.86, 1),
(374, 'AV1432', 2, 7.86, 1),
(375, 'BN8146', 2, 7.86, 1),
(376, 'CG6284', 2, 7.92, 1),
(377, 'CM1768', 2, 7.92, 1),
(378, 'CP2577', 2, 7.92, 1),
(379, 'CV1817', 2, 7.98, 1),
(380, 'EF2321', 2, 7.98, 1),
(381, 'FN9269', 2, 7.98, 1),
(382, 'IP9464', 2, 7.98, 1),
(383, 'JÁ1787', 2, 7.98, 1),
(384, 'JA6979', 2, 7.98, 1),
(385, 'JF6956', 2, 7.98, 1),
(386, 'JF9166', 2, 7.98, 1),
(387, 'JM6166', 2, 7.98, 1),
(388, 'JP1338', 2, 7.98, 1),
(389, 'JP9542', 2, 7.98, 1),
(390, 'JS1631', 2, 7.98, 1),
(391, 'JS5228', 2, 7.98, 1),
(392, 'LG3866', 2, 7.98, 1),
(393, 'AV2194', 2, 7.9, 1),
(394, 'AV9782', 2, 7.9, 1),
(395, 'CF7283', 2, 7.9, 1),
(396, 'CR3815', 2, 7.9, 1),
(397, 'DA6344', 2, 7.9, 1),
(398, 'DC7557', 2, 7.9, 1),
(399, 'DV6321', 2, 7.9, 1),
(400, 'EL4666', 2, 7.9, 1),
(401, 'EP9486', 2, 7.9, 1),
(402, 'ER2461', 2, 7.9, 1),
(403, 'FM6585', 2, 7.9, 1),
(404, 'FR8934', 2, 7.96, 1),
(405, 'FT1489', 2, 7.96, 1),
(406, 'FV5729', 2, 7.96, 1),
(407, 'GM3695', 2, 7.96, 1),
(408, 'JL5461', 2, 7.96, 1),
(409, 'JM4873', 2, 7.96, 1),
(410, 'JR3327', 2, 7.96, 1),
(411, 'KL8952', 2, 7.96, 1),
(412, 'LA2352', 2, 7.96, 1),
(413, 'LS1267', 2, 7.96, 1),
(414, 'MÁ5258', 2, 7.96, 1),
(415, 'MA9739', 2, 7.96, 1),
(416, 'OP9186', 2, 7.96, 1),
(417, 'OR5469', 2, 7.9, 1),
(418, 'PV2487', 2, 7.96, 1),
(419, 'AJ3557', 2, 7.75, 1),
(420, 'AL1951', 2, 7.75, 1),
(421, 'AT5162', 2, 7.75, 1),
(422, 'AV5191', 2, 7.75, 1),
(423, 'BL2957', 2, 7.75, 1),
(424, 'BO2759', 2, 7.75, 1),
(425, 'DR7596', 2, 7.75, 1),
(426, 'DR8694', 2, 7.75, 1),
(427, 'EM8842', 2, 7.87, 1),
(428, 'GM2229', 2, 7.87, 1),
(429, 'GV2633', 2, 7.87, 1),
(430, 'IB1332', 2, 7.87, 1),
(431, 'IP9558', 2, 7.87, 1),
(432, 'JÁ7773', 2, 7.87, 1),
(433, 'JB7154', 2, 7.87, 1),
(434, 'JC8281', 2, 7.87, 1),
(435, 'JG8863', 2, 7.86, 1),
(436, 'JP6494', 2, 7.87, 1),
(437, 'JQ9587', 2, 7.87, 1),
(438, 'KO6831', 2, 7.87, 1),
(439, 'LC8432', 2, 7.87, 1),
(440, 'LQ3145', 2, 7.87, 1),
(441, 'MF1821', 2, 7.87, 1),
(442, 'MN2956', 2, 7.87, 1),
(443, 'MQ5455', 2, 7.93, 1),
(444, 'MR3799', 2, 7.87, 1),
(445, 'AC5755', 2, 8.05, 1),
(446, 'AS7999', 2, 8.05, 1),
(447, 'BA3564', 2, 8.05, 1),
(448, 'BM7119', 2, 8.05, 1),
(449, 'CL9294', 2, 8.05, 1),
(450, 'CP7186', 2, 8.05, 1),
(451, 'DR7987', 2, 8.05, 1),
(452, 'DS5899', 2, 8.05, 1),
(453, 'EP2846', 2, 8.05, 1),
(454, 'FV5372', 2, 8.05, 1),
(455, 'GR9232', 2, 8.05, 1),
(456, 'IJ2434', 2, 8.05, 1),
(457, 'JF6695', 2, 8.05, 1),
(458, 'JG8253', 2, 8.05, 1),
(459, 'JH1242', 2, 8.05, 1),
(460, 'JM5279', 2, 8.05, 1),
(461, 'JS5299', 2, 8.05, 1),
(462, 'LC2335', 2, 8.05, 1),
(463, 'LM8535', 2, 8.05, 1),
(464, 'SP1535', 2, 8.05, 1),
(465, 'SS6823', 2, 8.05, 1),
(466, 'AC4113', 2, 8.05, 1),
(467, 'AM3292', 2, 8.05, 1),
(468, 'AR6454', 2, 8.05, 1),
(469, 'AT6834', 2, 8.05, 1),
(470, 'CG7763', 2, 8.05, 1),
(471, 'CM6312', 2, 8.05, 1),
(472, 'DC2479', 2, 8.05, 1),
(473, 'EJ7742', 2, 8.05, 1),
(474, 'ER4698', 2, 8.05, 1),
(475, 'FD6561', 2, 8.05, 1),
(476, 'GÁ5585', 2, 8.05, 1),
(477, 'IH1539', 2, 8.05, 1),
(478, 'IH4598', 2, 8.05, 1),
(479, 'IJ1129', 2, 8.05, 1),
(480, 'IM4233', 2, 8.05, 1),
(481, 'JF4522', 2, 8.06, 1),
(482, 'JJ5873', 2, 8.05, 1),
(483, 'JM3769', 2, 8.05, 1),
(484, 'JR7753', 2, 8.05, 1),
(485, 'JS9711', 2, 8.05, 1),
(486, 'JV1362', 2, 8.05, 1),
(487, 'LB9832', 2, 8.05, 1),
(488, 'MA1436', 2, 8.05, 1),
(489, 'MF8216', 2, 8.05, 1),
(490, 'MS5346', 2, 8.05, 1),
(491, 'MV1492', 2, 8.05, 1),
(492, 'AD8319', 2, 8.05, 1),
(493, 'AG4952', 2, 8.05, 1),
(494, 'AR6451', 2, 8.05, 1),
(495, 'BC4314', 2, 8.05, 1),
(496, 'BR6494', 2, 8.05, 1),
(497, 'EA1458', 2, 8.05, 1),
(498, 'EH6526', 2, 8.05, 1),
(499, 'EJ1516', 2, 8.05, 1),
(500, 'EM7732', 2, 8.05, 1),
(501, 'GG2548', 2, 8.05, 1),
(502, 'IC9111', 2, 8.05, 1),
(503, 'JA9221', 2, 8.05, 1),
(504, 'JF8851', 2, 8.05, 1),
(505, 'JG7617', 2, 8.05, 1),
(506, 'JR5157', 2, 8.05, 1),
(507, 'JR7361', 2, 8.05, 1),
(508, 'JR9444', 2, 8.05, 1),
(509, 'JS7314', 2, 8.05, 1),
(510, 'JV6732', 2, 8.05, 1),
(511, 'MS6856', 2, 8.05, 1),
(512, 'OO1499', 2, 8.05, 1),
(513, 'AA9176', 2, 8, 1),
(514, 'ÁG3889', 2, 8, 1),
(515, 'AM1481', 2, 8, 1),
(516, 'AP9214', 2, 8, 1),
(517, 'BH5175', 2, 8, 1),
(518, 'BS8367', 2, 8, 1),
(519, 'CA5153', 2, 8, 1),
(520, 'CG6862', 2, 8, 1),
(521, 'CP7116', 2, 8, 1),
(522, 'CV8946', 2, 8, 1),
(523, 'DM4228', 2, 8, 1),
(524, 'EA3693', 2, 8, 1),
(525, 'EA6948', 2, 8, 1),
(526, 'EJ8759', 2, 8, 1),
(527, 'FP9513', 2, 8, 1),
(528, 'GR8383', 2, 8, 1),
(529, 'GR8429', 2, 8, 1),
(530, 'GR9663', 2, 8, 1),
(531, 'JC7138', 2, 8, 1),
(532, 'JG4856', 2, 8, 1),
(533, 'JR2828', 2, 8, 1),
(534, 'JR6265', 2, 8, 1),
(535, 'JR8687', 2, 8, 1),
(536, 'JV6346', 2, 8, 1),
(537, 'MJ6199', 2, 8, 1),
(538, 'MR6432', 2, 8, 1);

-- --------------------------------------------------------

--
-- Estructura de tabla para la tabla `subject`
--

CREATE TABLE `subject` (
  `idSubject` int(15) NOT NULL,
  `nameSubject` varchar(50) COLLATE utf8_spanish2_ci NOT NULL,
  `idTeacher` varchar(15) COLLATE utf8_spanish2_ci NOT NULL,
  `acronym` varchar(10) COLLATE utf8_spanish2_ci NOT NULL,
  `description` varchar(100) COLLATE utf8_spanish2_ci NOT NULL
) ENGINE=InnoDB DEFAULT CHARSET=utf8 COLLATE=utf8_spanish2_ci;

--
-- Volcado de datos para la tabla `subject`
--

INSERT INTO `subject` (`idSubject`, `nameSubject`, `idTeacher`, `acronym`, `description`) VALUES
(1, 'Estudios Sociales', 'D1754', 'SOC', 'El campo de los estudios sociales es un campo amplio y multidisciplinario que comprende las ciencias'),
(2, 'Lenguaje y Literatura', 'D1466', 'LN', 'El lenguaje y la literatura son los medios que la humanidad ha establecido para facilitar la comunic'),
(3, 'Metalurgia', 'D4198', 'MLA', 'Todos sobre los metales.'),
(4, 'Metalurgia II', 'D4198', 'MLA II', 'Procesos de Industrialización'),
(5, 'Lenguajes de Programación', 'D5587', 'LP', 'Bases de la programación'),
(6, 'Lenguajes de Programación II', 'D5587', 'LP II', 'Procesos de complejidad avanzados y manejo de datos estructurados.'),
(7, 'Automatización', 'D2182', 'AUT', 'Conceptos básicos de los procesos de automatización'),
(8, 'Automatización II', 'D2182', 'AUT II', 'Manejo de automatización de procesos a nivel industrial'),
(9, 'Circuitos Digitales', 'D4994', 'CD', 'Conceptos básicos sobre el desarrollo, composición y funcionalidad de los distintos componentes elec'),
(10, 'Circuitos Digitales II', 'D4994', 'CD II', 'Introducción a la programación de componentes electrónicos y circuitos integrados.'),
(11, 'Matemáticas', 'D3132', 'MAT', ' partir de axiomas y siguiendo razonamientos lógicos, las matemáticas analizan estructuras, magnitud'),
(12, 'Ciencias Físicas', 'D4994', 'CF', 'Entender la estructura de las leyes de la Física y tomar parte en el descubrimiento de nuevos fenóme'),
(13, 'Ciencias Biológicas', 'D2414', 'CB', 'Es la disciplina que tiene como foco de estudio a los organismos vivos y todo lo inherente a los mis'),
(14, 'Ciencias Químicas', 'D3132', 'CQ', 'Es la ciencia que estudia tanto la composición, la estructura y las propiedades de la materia como l'),
(15, 'Redes de Área Local', 'D1466', 'LAN', 'Introducción a las redes informáticas.'),
(16, 'Redes de Área Local II', 'D1466', 'LAN II', 'Composición de Redes locales y comunicación entre ellas.'),
(17, 'Redes de Área Amplia', 'D1754', 'WAN', 'Abstracción de redes y complexión de estas.'),
(18, 'Programación Orientada a Objetos', 'D6979', 'POO', 'Paradigma de programación POO'),
(19, 'Sistemas Digitales y Electrónicos', 'D9292', 'SDE', 'Estudio de los sistemas eléctricos y digitales que componen los automóviles.'),
(20, 'Lenguajes de Programación', 'D6151', 'LP', 'Programación avanzada de circuitos integrados.'),
(21, 'Automatización Avanzada', 'D4198', 'AUTA', 'Procesos avanzados y profesionales'),
(22, 'Estudios Sociales', 'D5991', 'SOC', 'El campo de los estudios sociales es un campo amplio y multidisciplinario que comprende las ciencias'),
(23, 'Lenguaje', 'D1466', 'LN', 'El lenguaje y la literatura son los medios que la humanidad ha establecido para facilitar la comunic'),
(24, 'Ciencias Biológicas', 'D2414', 'CB', 'Es la disciplina que tiene como foco de estudio a los organismos vivos y todo lo inherente a los mis'),
(25, 'Ciencias Físicas', 'D4994', 'CF', 'Entender la estructura de las leyes de la Física y tomar parte en el descubrimiento de nuevos fenóme'),
(26, 'Ciencias Químicas', 'D3132', 'CQ', 'Es la disciplina que tiene como foco de estudio a los organismos vivos y todo lo inherente a los mis'),
(27, 'Matemática', 'D3132', 'MAT', ' partir de axiomas y siguiendo razonamientos lógicos, las matemáticas analizan estructuras, magnitud');

-- --------------------------------------------------------

--
-- Estructura de tabla para la tabla `suspended`
--

CREATE TABLE `suspended` (
  `idSuspended` int(15) NOT NULL,
  `idStudent` varchar(15) COLLATE utf8_spanish2_ci NOT NULL,
  `StartDate` date NOT NULL,
  `EndDate` date NOT NULL,
  `idApplied_Code` int(15) NOT NULL,
  `state` tinyint(1) NOT NULL
) ENGINE=InnoDB DEFAULT CHARSET=utf8 COLLATE=utf8_spanish2_ci;

-- --------------------------------------------------------

--
-- Estructura de tabla para la tabla `teacher`
--

CREATE TABLE `teacher` (
  `idTeacher` varchar(15) COLLATE utf8_spanish2_ci NOT NULL,
  `name` varchar(85) COLLATE utf8_spanish2_ci NOT NULL,
  `lastName` varchar(85) COLLATE utf8_spanish2_ci NOT NULL,
  `dui` varchar(10) COLLATE utf8_spanish2_ci NOT NULL,
  `password` varchar(900) COLLATE utf8_spanish2_ci NOT NULL,
  `email` varchar(60) COLLATE utf8_spanish2_ci NOT NULL,
  `birthdate` date NOT NULL,
  `sex` varchar(1) COLLATE utf8_spanish2_ci NOT NULL,
  `profession` varchar(40) COLLATE utf8_spanish2_ci NOT NULL,
  `residence` varchar(100) COLLATE utf8_spanish2_ci NOT NULL,
  `phone` varchar(9) COLLATE utf8_spanish2_ci NOT NULL,
  `state` int(1) NOT NULL,
  `photo` varchar(150) COLLATE utf8_spanish2_ci NOT NULL
) ENGINE=InnoDB DEFAULT CHARSET=utf8 COLLATE=utf8_spanish2_ci;

--
-- Volcado de datos para la tabla `teacher`
--

INSERT INTO `teacher` (`idTeacher`, `name`, `lastName`, `dui`, `password`, `email`, `birthdate`, `sex`, `profession`, `residence`, `phone`, `state`, `photo`) VALUES
('D1466', 'Marco Elías', 'Montano', '32659874-8', '112163!55R2-53L2?48e2*112163-107103/109123!10253/', 'marco.montano@gmail.com', '1990-04-25', 'M', 'Licenciado en Seguridad Informática', 'Los Ángeles', '2154-6598', 1, 'photo.png'),
('D1754', 'Daniel Alejandro', 'Fuentes Lizama', '85214796-3', '115193!9702*9812/10143-10143-10143?', 'alejandrofuentes85@gmail.com', '1998-09-26', 'M', 'Ingeniero en Redes', 'Santa Tecla', '2255-7755', 1, 'D1754.jpg'),
('D2182', 'Josué Leonardo', 'Guevara Sanchez', '00005555-3', '55R2*49l2/10363/110133!10143?48e2/117213!111153-', 'yaton2020@gmail.com', '1990-09-29', 'M', 'Ing. Mecanico', 'San Salvador, Soyapango', '7002-2412', 1, 'photo.png'),
('D2414', 'Matilda Eleonor', 'Cruz Quintana', '12348174-5', '107103*9702?49l2/9922*49l2-85482!48e2/84472*', 'mat.cruz@gmail.com', '1980-04-09', 'F', 'Licenciada en Ciencias Naturales', 'Col. Los Ángeles', '65987421', 1, 'photo.png'),
('D3132', 'Vicentico Rodrigo', 'Bunbury Escalante', '09093311-1', '116203?113173*118223!109123*86492!86492*50a2!79422*', 'yaton2020@gmail.com', '1991-08-07', 'M', 'Ing. Químico', 'San Salvador, Soyapango', '7001-8001', 1, 'photo.png'),
('D4198', 'Valeria Ximena', 'Villafañe Sandoval', '00990099-3', '52A2/116203-53L2*10473!115193/116203-111153-55R2/', 'yaton2020@gmail.com', '1991-04-27', 'F', 'Ing. Industrial', 'San Salvador, Soyapango', '7271-1111', 1, 'photo.png'),
('D4994', 'Carlos Andres', 'Ayala Damasco', '00901234-4', '109123-111153?10033?120243/85482-86492!52A2!56o2*', 'yaton2020@gmail.com', '1981-01-31', 'M', 'Ing. Eléctrico', 'San Salvador, Soyapango', '7003-0005', 1, 'photo.png'),
('D5587', 'Camila Valentina', 'Sixtina Pinta', '00009993-8', '117213/109123?56o2/9812*81442*75372*65272!80432-', 'yaton2020@gmail.com', '1984-03-10', 'F', 'Ing. Sistema Informáticos', 'San Salvador, Soyapango', '7676-3434', 1, 'photo.png'),
('D5991', 'Isabel Juliana', 'Aguirre Suárez', '09022787-1', '110133?121253!9922/114183!49l2/79422!85482!72342!', 'yaton2020@gmail.com', '1990-10-20', 'F', 'Ing. Industrial', 'San Salvador, Ciudad Delgado', '7435-1100', 1, 'photo.png'),
('D6151', 'Kevin José', 'Aguilar Urquilla', '44440000-2', '9702/53L2/10143?49l2-10363-52A2/115193?10363*', 'yaton2020@gmail.com', '1998-04-11', 'M', 'Ing. Industrial', 'San Salvador, Soyapango', '7002-0001', 1, 'photo.png'),
('D6979', 'Ashley Agustina', 'Castro Rojas', '09098787-1', '10473?114183*56o2*9922?112163-57p2!55R2*113173?', 'yaton2020@gmail.com', '1982-01-15', 'F', 'Ing. Sistema Informáticos', 'San Salvador, Ciudad Delgado', '7878-1111', 1, 'photo.png'),
('D7647', 'Isabel Juliana', 'Aguirre Suárez', '33098787-1', '112163-114183!52A2/10583/72342!65272!65272?70322/68302!52A2/', 'yaton2020@gmail.com', '1988-06-25', 'F', 'Lic. Contaduría', 'San Salvador, Ciudad Delgado', '7778-7889', 1, 'photo.png'),
('D8495', 'Sara Victoria', 'Dulce Manzanar', '09123456-1', '49l2?120243!57p2/55R2/9702-110133!110133/10363/', 'yaton2020@gmail.com', '1988-03-19', 'F', 'Ing. Mecánica', 'San Salvador, Ciudad Delgado', '7801-1111', 1, 'photo.png'),
('D9292', 'Carla Vanessa', 'Silva Ortiz', '09038745-1', '108113-50a2?49l2/10253-113173?48e2/120243!10583!111153*', 'yaton2020@gmail.com', '1983-05-07', 'F', 'Ing. Mecánica', 'San Salvador, Ciudad Delgado', '7666-6789', 1, 'photo.png');

-- --------------------------------------------------------

--
-- Estructura de tabla para la tabla `teacher_schedule_d1466`
--

CREATE TABLE `teacher_schedule_d1466` (
  `idRegister` int(11) NOT NULL,
  `idScheduleInfo` int(11) NOT NULL
) ENGINE=InnoDB DEFAULT CHARSET=utf8 COLLATE=utf8_spanish2_ci;

--
-- Volcado de datos para la tabla `teacher_schedule_d1466`
--

INSERT INTO `teacher_schedule_d1466` (`idRegister`, `idScheduleInfo`) VALUES
(1, 1),
(2, 2),
(3, 3),
(4, 4),
(5, 5),
(6, 6),
(7, 7),
(8, 8),
(9, 9),
(10, 10),
(11, 11),
(12, 12),
(13, 13),
(14, 14),
(15, 15);

-- --------------------------------------------------------

--
-- Estructura de tabla para la tabla `teacher_schedule_d1754`
--

CREATE TABLE `teacher_schedule_d1754` (
  `idRegister` int(11) NOT NULL,
  `idScheduleInfo` int(11) NOT NULL
) ENGINE=InnoDB DEFAULT CHARSET=utf8 COLLATE=utf8_spanish2_ci;

--
-- Volcado de datos para la tabla `teacher_schedule_d1754`
--

INSERT INTO `teacher_schedule_d1754` (`idRegister`, `idScheduleInfo`) VALUES
(1, 16),
(2, 17),
(3, 18),
(4, 19),
(5, 20),
(6, 21),
(7, 22),
(8, 23),
(9, 24),
(10, 25),
(11, 26),
(12, 27),
(13, 28),
(14, 29),
(15, 30),
(16, 31),
(17, 32),
(18, 33);

-- --------------------------------------------------------

--
-- Estructura de tabla para la tabla `teacher_schedule_d2182`
--

CREATE TABLE `teacher_schedule_d2182` (
  `idRegister` int(11) NOT NULL,
  `idScheduleInfo` int(11) NOT NULL
) ENGINE=InnoDB DEFAULT CHARSET=utf8 COLLATE=utf8_spanish2_ci;

--
-- Volcado de datos para la tabla `teacher_schedule_d2182`
--

INSERT INTO `teacher_schedule_d2182` (`idRegister`, `idScheduleInfo`) VALUES
(1, 34),
(2, 35),
(3, 36),
(4, 37),
(5, 38),
(6, 39),
(7, 40),
(8, 41),
(9, 42),
(10, 43),
(11, 44),
(12, 45),
(13, 46),
(14, 47),
(15, 48),
(16, 49),
(17, 50),
(18, 51);

-- --------------------------------------------------------

--
-- Estructura de tabla para la tabla `teacher_schedule_d2414`
--

CREATE TABLE `teacher_schedule_d2414` (
  `idRegister` int(11) NOT NULL,
  `idScheduleInfo` int(11) NOT NULL
) ENGINE=InnoDB DEFAULT CHARSET=utf8 COLLATE=utf8_spanish2_ci;

--
-- Volcado de datos para la tabla `teacher_schedule_d2414`
--

INSERT INTO `teacher_schedule_d2414` (`idRegister`, `idScheduleInfo`) VALUES
(1, 52),
(2, 53),
(3, 54),
(4, 55),
(5, 56),
(6, 57),
(7, 58),
(8, 59),
(9, 60),
(10, 61),
(11, 62),
(12, 63),
(13, 64),
(14, 65),
(15, 66),
(16, 67),
(17, 68),
(18, 69),
(19, 70),
(20, 71),
(21, 72),
(22, 73),
(23, 74),
(24, 75);

-- --------------------------------------------------------

--
-- Estructura de tabla para la tabla `teacher_schedule_d3132`
--

CREATE TABLE `teacher_schedule_d3132` (
  `idRegister` int(11) NOT NULL,
  `idScheduleInfo` int(11) NOT NULL
) ENGINE=InnoDB DEFAULT CHARSET=utf8 COLLATE=utf8_spanish2_ci;

--
-- Volcado de datos para la tabla `teacher_schedule_d3132`
--

INSERT INTO `teacher_schedule_d3132` (`idRegister`, `idScheduleInfo`) VALUES
(1, 76),
(2, 77),
(3, 78),
(4, 79),
(5, 80),
(6, 81),
(7, 82),
(8, 83),
(9, 84),
(10, 85),
(11, 86),
(12, 87),
(13, 88),
(14, 89),
(15, 90),
(16, 91),
(17, 92),
(18, 93),
(19, 94),
(20, 95),
(21, 96),
(22, 97);

-- --------------------------------------------------------

--
-- Estructura de tabla para la tabla `teacher_schedule_d4198`
--

CREATE TABLE `teacher_schedule_d4198` (
  `idRegister` int(11) NOT NULL,
  `idScheduleInfo` int(11) NOT NULL
) ENGINE=InnoDB DEFAULT CHARSET=utf8 COLLATE=utf8_spanish2_ci;

--
-- Volcado de datos para la tabla `teacher_schedule_d4198`
--

INSERT INTO `teacher_schedule_d4198` (`idRegister`, `idScheduleInfo`) VALUES
(1, 98),
(2, 99),
(3, 100),
(4, 101),
(5, 102),
(6, 103),
(7, 104),
(8, 105),
(9, 106),
(10, 107),
(11, 108),
(12, 109),
(13, 110),
(14, 111),
(15, 112),
(16, 113),
(17, 114),
(18, 115),
(19, 116),
(20, 117),
(21, 118),
(22, 119),
(23, 120),
(24, 121),
(25, 122),
(26, 123),
(27, 124),
(28, 125),
(29, 126),
(30, 127),
(31, 128);

-- --------------------------------------------------------

--
-- Estructura de tabla para la tabla `teacher_schedule_d4994`
--

CREATE TABLE `teacher_schedule_d4994` (
  `idRegister` int(11) NOT NULL,
  `idScheduleInfo` int(11) NOT NULL
) ENGINE=InnoDB DEFAULT CHARSET=utf8 COLLATE=utf8_spanish2_ci;

--
-- Volcado de datos para la tabla `teacher_schedule_d4994`
--

INSERT INTO `teacher_schedule_d4994` (`idRegister`, `idScheduleInfo`) VALUES
(1, 129),
(2, 130),
(3, 131),
(4, 132),
(5, 133),
(6, 134),
(7, 135),
(8, 136),
(9, 137),
(10, 138),
(11, 139),
(12, 140),
(13, 141),
(14, 142),
(15, 143),
(16, 144),
(17, 145),
(18, 146),
(19, 147),
(20, 148),
(21, 149),
(22, 150),
(23, 151),
(24, 152);

-- --------------------------------------------------------

--
-- Estructura de tabla para la tabla `teacher_schedule_d5587`
--

CREATE TABLE `teacher_schedule_d5587` (
  `idRegister` int(11) NOT NULL,
  `idScheduleInfo` int(11) NOT NULL
) ENGINE=InnoDB DEFAULT CHARSET=utf8 COLLATE=utf8_spanish2_ci;

--
-- Volcado de datos para la tabla `teacher_schedule_d5587`
--

INSERT INTO `teacher_schedule_d5587` (`idRegister`, `idScheduleInfo`) VALUES
(1, 153),
(2, 154),
(3, 155),
(4, 156),
(5, 157),
(6, 158),
(7, 159),
(8, 160),
(9, 161),
(10, 162),
(11, 163),
(12, 164),
(13, 165),
(14, 166),
(15, 167),
(16, 168),
(17, 169),
(18, 170);

-- --------------------------------------------------------

--
-- Estructura de tabla para la tabla `teacher_schedule_d5991`
--

CREATE TABLE `teacher_schedule_d5991` (
  `idRegister` int(11) NOT NULL,
  `idScheduleInfo` int(11) NOT NULL
) ENGINE=InnoDB DEFAULT CHARSET=utf8 COLLATE=utf8_spanish2_ci;

--
-- Volcado de datos para la tabla `teacher_schedule_d5991`
--

INSERT INTO `teacher_schedule_d5991` (`idRegister`, `idScheduleInfo`) VALUES
(1, 225),
(2, 226),
(3, 227),
(4, 228),
(5, 229),
(6, 230),
(7, 231),
(8, 232),
(9, 233),
(10, 234),
(11, 235),
(12, 236),
(13, 237),
(14, 238),
(15, 239),
(16, 240),
(17, 241),
(18, 242),
(19, 243),
(20, 244),
(21, 245),
(22, 246);

-- --------------------------------------------------------

--
-- Estructura de tabla para la tabla `teacher_schedule_d6151`
--

CREATE TABLE `teacher_schedule_d6151` (
  `idRegister` int(11) NOT NULL,
  `idScheduleInfo` int(11) NOT NULL
) ENGINE=InnoDB DEFAULT CHARSET=utf8 COLLATE=utf8_spanish2_ci;

--
-- Volcado de datos para la tabla `teacher_schedule_d6151`
--

INSERT INTO `teacher_schedule_d6151` (`idRegister`, `idScheduleInfo`) VALUES
(1, 171),
(2, 172),
(3, 173),
(4, 174),
(5, 175),
(6, 176),
(7, 177),
(8, 178),
(9, 179),
(10, 180),
(11, 181),
(12, 182),
(13, 183),
(14, 184),
(15, 185),
(16, 186);

-- --------------------------------------------------------

--
-- Estructura de tabla para la tabla `teacher_schedule_d6979`
--

CREATE TABLE `teacher_schedule_d6979` (
  `idRegister` int(11) NOT NULL,
  `idScheduleInfo` int(11) NOT NULL
) ENGINE=InnoDB DEFAULT CHARSET=utf8 COLLATE=utf8_spanish2_ci;

--
-- Volcado de datos para la tabla `teacher_schedule_d6979`
--

INSERT INTO `teacher_schedule_d6979` (`idRegister`, `idScheduleInfo`) VALUES
(1, 187),
(2, 188),
(3, 189),
(4, 190),
(5, 191),
(6, 192),
(7, 193),
(8, 194),
(9, 195),
(10, 196),
(11, 197),
(12, 198),
(13, 199),
(14, 200);

-- --------------------------------------------------------

--
-- Estructura de tabla para la tabla `teacher_schedule_d9292`
--

CREATE TABLE `teacher_schedule_d9292` (
  `idRegister` int(11) NOT NULL,
  `idScheduleInfo` int(11) NOT NULL
) ENGINE=InnoDB DEFAULT CHARSET=utf8 COLLATE=utf8_spanish2_ci;

--
-- Volcado de datos para la tabla `teacher_schedule_d9292`
--

INSERT INTO `teacher_schedule_d9292` (`idRegister`, `idScheduleInfo`) VALUES
(1, 201),
(2, 202),
(3, 203),
(4, 204),
(5, 205),
(6, 206),
(7, 207),
(8, 208),
(9, 209),
(10, 210),
(11, 211),
(12, 212),
(13, 213),
(14, 214),
(15, 215),
(16, 216),
(17, 217),
(18, 218),
(19, 219),
(20, 220),
(21, 221),
(22, 222),
(23, 223),
(24, 224);

--
-- Índices para tablas volcadas
--

--
-- Indices de la tabla `accumulated_note`
--
ALTER TABLE `accumulated_note`
  ADD PRIMARY KEY (`idAccumulated`),
  ADD KEY `idSubject` (`idSubject`),
  ADD KEY `idStudent` (`idStudent`);

--
-- Indices de la tabla `applied_code`
--
ALTER TABLE `applied_code`
  ADD PRIMARY KEY (`idApplied_Code`),
  ADD KEY `idCode` (`idCode`),
  ADD KEY `idPeriod` (`idPeriod`);

--
-- Indices de la tabla `assistance`
--
ALTER TABLE `assistance`
  ADD PRIMARY KEY (`idAssistance`),
  ADD KEY `idStudent` (`idStudent`),
  ADD KEY `idSchedule` (`idSchedule`);

--
-- Indices de la tabla `averages`
--
ALTER TABLE `averages`
  ADD PRIMARY KEY (`idAverage`),
  ADD KEY `idSubject` (`idSubject`),
  ADD KEY `idStudent` (`idStudent`),
  ADD KEY `idPeriod` (`idPeriod`);

--
-- Indices de la tabla `code`
--
ALTER TABLE `code`
  ADD PRIMARY KEY (`idCode`),
  ADD KEY `type` (`type`),
  ADD KEY `category` (`category`);

--
-- Indices de la tabla `code_category`
--
ALTER TABLE `code_category`
  ADD PRIMARY KEY (`idCategory`);

--
-- Indices de la tabla `code_type`
--
ALTER TABLE `code_type`
  ADD PRIMARY KEY (`idType`);

--
-- Indices de la tabla `coordinator`
--
ALTER TABLE `coordinator`
  ADD PRIMARY KEY (`idCoor`);

--
-- Indices de la tabla `evaluation_profile`
--
ALTER TABLE `evaluation_profile`
  ADD PRIMARY KEY (`idProfile`),
  ADD KEY `nthPeriod` (`idPeriod`),
  ADD KEY `idSubject` (`idSubject`);

--
-- Indices de la tabla `gnrl_code`
--
ALTER TABLE `gnrl_code`
  ADD PRIMARY KEY (`id_GnrlCode`),
  ADD KEY `code_reference` (`code_reference`),
  ADD KEY `code_result` (`code_result`),
  ADD KEY `type_result` (`type_result`);

--
-- Indices de la tabla `gnrl_info`
--
ALTER TABLE `gnrl_info`
  ADD PRIMARY KEY (`id_Info`),
  ADD KEY `state_expulsed` (`expulsion_state`);

--
-- Indices de la tabla `grade`
--
ALTER TABLE `grade`
  ADD PRIMARY KEY (`idGrade`),
  ADD KEY `idProfile` (`idProfile`),
  ADD KEY `idStudent` (`idStudent`);

--
-- Indices de la tabla `justification`
--
ALTER TABLE `justification`
  ADD PRIMARY KEY (`idJustification`),
  ADD KEY `idAssistance` (`idAssistance`);

--
-- Indices de la tabla `justify_abscense`
--
ALTER TABLE `justify_abscense`
  ADD PRIMARY KEY (`idJustify`),
  ADD KEY `idCoor` (`idCoor`),
  ADD KEY `idTeacher` (`idTeacher`),
  ADD KEY `idStudent` (`idStudent`),
  ADD KEY `idGrade` (`idGrade`);

--
-- Indices de la tabla `justify_down`
--
ALTER TABLE `justify_down`
  ADD PRIMARY KEY (`idDown`);

--
-- Indices de la tabla `level`
--
ALTER TABLE `level`
  ADD PRIMARY KEY (`idLevel`);

--
-- Indices de la tabla `mandated`
--
ALTER TABLE `mandated`
  ADD PRIMARY KEY (`idMandated`),
  ADD KEY `idStudent` (`idStudent`);

--
-- Indices de la tabla `period`
--
ALTER TABLE `period`
  ADD PRIMARY KEY (`idPeriod`);

--
-- Indices de la tabla `permission`
--
ALTER TABLE `permission`
  ADD PRIMARY KEY (`idPermission`),
  ADD KEY `idStudent` (`idStudent`),
  ADD KEY `idSchedule` (`idSchedule`);

--
-- Indices de la tabla `permission_grade`
--
ALTER TABLE `permission_grade`
  ADD PRIMARY KEY (`idPermission_Grade`),
  ADD KEY `idCoor` (`idCoor`);

--
-- Indices de la tabla `pg_profiles`
--
ALTER TABLE `pg_profiles`
  ADD PRIMARY KEY (`idRP`),
  ADD KEY `idProfile` (`idProfile`),
  ADD KEY `idPermission` (`idPermission`);

--
-- Indices de la tabla `pg_students`
--
ALTER TABLE `pg_students`
  ADD PRIMARY KEY (`idRegisterPermission`),
  ADD KEY `idStudent` (`idStudent`),
  ADD KEY `idPermission` (`idPermission`);

--
-- Indices de la tabla `record`
--
ALTER TABLE `record`
  ADD PRIMARY KEY (`idRecord`),
  ADD KEY `idApplied_Code` (`idApplied_Code`),
  ADD KEY `idStudent` (`idStudent`);

--
-- Indices de la tabla `register_subject`
--
ALTER TABLE `register_subject`
  ADD PRIMARY KEY (`idRegisterSubject`),
  ADD KEY `idSubject` (`idSubject`),
  ADD KEY `idSection` (`idSection`);

--
-- Indices de la tabla `schedule_register`
--
ALTER TABLE `schedule_register`
  ADD PRIMARY KEY (`idS_Register`),
  ADD KEY `idSection` (`idSection`),
  ADD KEY `idSubject` (`idSubject`);

--
-- Indices de la tabla `schedule_teacher_gnrl_info`
--
ALTER TABLE `schedule_teacher_gnrl_info`
  ADD PRIMARY KEY (`idScheduleInfo`),
  ADD KEY `idTeacher` (`idTeacher`),
  ADD KEY `idS_Register` (`idS_Register`);

--
-- Indices de la tabla `section`
--
ALTER TABLE `section`
  ADD PRIMARY KEY (`idSection`),
  ADD KEY `idLevel` (`idLevel`),
  ADD KEY `specialtyName` (`idSpecialty`),
  ADD KEY `idTeacher` (`idTeacher`);

--
-- Indices de la tabla `section_schedule_1`
--
ALTER TABLE `section_schedule_1`
  ADD PRIMARY KEY (`idRegister`),
  ADD KEY `idScheduleRegister` (`idScheduleRegister`);

--
-- Indices de la tabla `section_schedule_2`
--
ALTER TABLE `section_schedule_2`
  ADD PRIMARY KEY (`idRegister`),
  ADD KEY `idScheduleRegister` (`idScheduleRegister`);

--
-- Indices de la tabla `section_schedule_3`
--
ALTER TABLE `section_schedule_3`
  ADD PRIMARY KEY (`idRegister`),
  ADD KEY `idScheduleRegister` (`idScheduleRegister`);

--
-- Indices de la tabla `section_schedule_4`
--
ALTER TABLE `section_schedule_4`
  ADD PRIMARY KEY (`idRegister`),
  ADD KEY `idScheduleRegister` (`idScheduleRegister`);

--
-- Indices de la tabla `section_schedule_5`
--
ALTER TABLE `section_schedule_5`
  ADD PRIMARY KEY (`idRegister`),
  ADD KEY `idScheduleRegister` (`idScheduleRegister`);

--
-- Indices de la tabla `section_schedule_6`
--
ALTER TABLE `section_schedule_6`
  ADD PRIMARY KEY (`idRegister`),
  ADD KEY `idScheduleRegister` (`idScheduleRegister`);

--
-- Indices de la tabla `section_schedule_7`
--
ALTER TABLE `section_schedule_7`
  ADD PRIMARY KEY (`idRegister`),
  ADD KEY `idScheduleRegister` (`idScheduleRegister`);

--
-- Indices de la tabla `section_schedule_8`
--
ALTER TABLE `section_schedule_8`
  ADD PRIMARY KEY (`idRegister`),
  ADD KEY `idScheduleRegister` (`idScheduleRegister`);

--
-- Indices de la tabla `section_schedule_9`
--
ALTER TABLE `section_schedule_9`
  ADD PRIMARY KEY (`idRegister`),
  ADD KEY `idScheduleRegister` (`idScheduleRegister`);

--
-- Indices de la tabla `section_schedule_10`
--
ALTER TABLE `section_schedule_10`
  ADD PRIMARY KEY (`idRegister`),
  ADD KEY `idScheduleRegister` (`idScheduleRegister`);

--
-- Indices de la tabla `section_schedule_11`
--
ALTER TABLE `section_schedule_11`
  ADD PRIMARY KEY (`idRegister`),
  ADD KEY `idScheduleRegister` (`idScheduleRegister`);

--
-- Indices de la tabla `section_schedule_12`
--
ALTER TABLE `section_schedule_12`
  ADD PRIMARY KEY (`idRegister`),
  ADD KEY `idScheduleRegister` (`idScheduleRegister`);

--
-- Indices de la tabla `specialty`
--
ALTER TABLE `specialty`
  ADD PRIMARY KEY (`idSpecialty`);

--
-- Indices de la tabla `state_academic`
--
ALTER TABLE `state_academic`
  ADD PRIMARY KEY (`idState`);

--
-- Indices de la tabla `student`
--
ALTER TABLE `student`
  ADD PRIMARY KEY (`idStudent`),
  ADD KEY `idSection` (`idSection`),
  ADD KEY `stateAcademic` (`stateAcademic`);

--
-- Indices de la tabla `student_acc`
--
ALTER TABLE `student_acc`
  ADD PRIMARY KEY (`idAcc`),
  ADD KEY `idStudent` (`idStudent`);

--
-- Indices de la tabla `student_average`
--
ALTER TABLE `student_average`
  ADD PRIMARY KEY (`idAverage`),
  ADD KEY `idStudent` (`idStudent`),
  ADD KEY `idPeriod` (`idPeriod`);

--
-- Indices de la tabla `subject`
--
ALTER TABLE `subject`
  ADD PRIMARY KEY (`idSubject`),
  ADD KEY `idTeacher` (`idTeacher`);

--
-- Indices de la tabla `suspended`
--
ALTER TABLE `suspended`
  ADD PRIMARY KEY (`idSuspended`),
  ADD KEY `idStudent` (`idStudent`),
  ADD KEY `idApplied_Code` (`idApplied_Code`);

--
-- Indices de la tabla `teacher`
--
ALTER TABLE `teacher`
  ADD PRIMARY KEY (`idTeacher`);

--
-- Indices de la tabla `teacher_schedule_d1466`
--
ALTER TABLE `teacher_schedule_d1466`
  ADD PRIMARY KEY (`idRegister`),
  ADD KEY `idScheduleInfo` (`idScheduleInfo`);

--
-- Indices de la tabla `teacher_schedule_d1754`
--
ALTER TABLE `teacher_schedule_d1754`
  ADD PRIMARY KEY (`idRegister`),
  ADD KEY `idScheduleInfo` (`idScheduleInfo`);

--
-- Indices de la tabla `teacher_schedule_d2182`
--
ALTER TABLE `teacher_schedule_d2182`
  ADD PRIMARY KEY (`idRegister`),
  ADD KEY `idScheduleInfo` (`idScheduleInfo`);

--
-- Indices de la tabla `teacher_schedule_d2414`
--
ALTER TABLE `teacher_schedule_d2414`
  ADD PRIMARY KEY (`idRegister`),
  ADD KEY `idScheduleInfo` (`idScheduleInfo`);

--
-- Indices de la tabla `teacher_schedule_d3132`
--
ALTER TABLE `teacher_schedule_d3132`
  ADD PRIMARY KEY (`idRegister`),
  ADD KEY `idScheduleInfo` (`idScheduleInfo`);

--
-- Indices de la tabla `teacher_schedule_d4198`
--
ALTER TABLE `teacher_schedule_d4198`
  ADD PRIMARY KEY (`idRegister`),
  ADD KEY `idScheduleInfo` (`idScheduleInfo`);

--
-- Indices de la tabla `teacher_schedule_d4994`
--
ALTER TABLE `teacher_schedule_d4994`
  ADD PRIMARY KEY (`idRegister`),
  ADD KEY `idScheduleInfo` (`idScheduleInfo`);

--
-- Indices de la tabla `teacher_schedule_d5587`
--
ALTER TABLE `teacher_schedule_d5587`
  ADD PRIMARY KEY (`idRegister`),
  ADD KEY `idScheduleInfo` (`idScheduleInfo`);

--
-- Indices de la tabla `teacher_schedule_d5991`
--
ALTER TABLE `teacher_schedule_d5991`
  ADD PRIMARY KEY (`idRegister`),
  ADD KEY `idScheduleInfo` (`idScheduleInfo`);

--
-- Indices de la tabla `teacher_schedule_d6151`
--
ALTER TABLE `teacher_schedule_d6151`
  ADD PRIMARY KEY (`idRegister`),
  ADD KEY `idScheduleInfo` (`idScheduleInfo`);

--
-- Indices de la tabla `teacher_schedule_d6979`
--
ALTER TABLE `teacher_schedule_d6979`
  ADD PRIMARY KEY (`idRegister`),
  ADD KEY `idScheduleInfo` (`idScheduleInfo`);

--
-- Indices de la tabla `teacher_schedule_d9292`
--
ALTER TABLE `teacher_schedule_d9292`
  ADD PRIMARY KEY (`idRegister`),
  ADD KEY `idScheduleInfo` (`idScheduleInfo`);

--
-- AUTO_INCREMENT de las tablas volcadas
--

--
-- AUTO_INCREMENT de la tabla `accumulated_note`
--
ALTER TABLE `accumulated_note`
  MODIFY `idAccumulated` int(15) NOT NULL AUTO_INCREMENT, AUTO_INCREMENT=1338;
--
-- AUTO_INCREMENT de la tabla `applied_code`
--
ALTER TABLE `applied_code`
  MODIFY `idApplied_Code` int(11) NOT NULL AUTO_INCREMENT;
--
-- AUTO_INCREMENT de la tabla `assistance`
--
ALTER TABLE `assistance`
  MODIFY `idAssistance` int(15) NOT NULL AUTO_INCREMENT, AUTO_INCREMENT=2;
--
-- AUTO_INCREMENT de la tabla `averages`
--
ALTER TABLE `averages`
  MODIFY `idAverage` int(20) NOT NULL AUTO_INCREMENT, AUTO_INCREMENT=2649;
--
-- AUTO_INCREMENT de la tabla `code`
--
ALTER TABLE `code`
  MODIFY `idCode` int(11) NOT NULL AUTO_INCREMENT, AUTO_INCREMENT=3;
--
-- AUTO_INCREMENT de la tabla `evaluation_profile`
--
ALTER TABLE `evaluation_profile`
  MODIFY `idProfile` int(15) NOT NULL AUTO_INCREMENT, AUTO_INCREMENT=163;
--
-- AUTO_INCREMENT de la tabla `gnrl_code`
--
ALTER TABLE `gnrl_code`
  MODIFY `id_GnrlCode` int(11) NOT NULL AUTO_INCREMENT, AUTO_INCREMENT=3;
--
-- AUTO_INCREMENT de la tabla `gnrl_info`
--
ALTER TABLE `gnrl_info`
  MODIFY `id_Info` int(15) NOT NULL AUTO_INCREMENT, AUTO_INCREMENT=2;
--
-- AUTO_INCREMENT de la tabla `grade`
--
ALTER TABLE `grade`
  MODIFY `idGrade` int(15) NOT NULL AUTO_INCREMENT, AUTO_INCREMENT=7945;
--
-- AUTO_INCREMENT de la tabla `justification`
--
ALTER TABLE `justification`
  MODIFY `idJustification` int(15) NOT NULL AUTO_INCREMENT, AUTO_INCREMENT=2;
--
-- AUTO_INCREMENT de la tabla `justify_abscense`
--
ALTER TABLE `justify_abscense`
  MODIFY `idJustify` int(15) NOT NULL AUTO_INCREMENT;
--
-- AUTO_INCREMENT de la tabla `justify_down`
--
ALTER TABLE `justify_down`
  MODIFY `idDown` int(10) NOT NULL AUTO_INCREMENT;
--
-- AUTO_INCREMENT de la tabla `level`
--
ALTER TABLE `level`
  MODIFY `idLevel` int(15) NOT NULL AUTO_INCREMENT, AUTO_INCREMENT=4;
--
-- AUTO_INCREMENT de la tabla `mandated`
--
ALTER TABLE `mandated`
  MODIFY `idMandated` int(15) NOT NULL AUTO_INCREMENT, AUTO_INCREMENT=283;
--
-- AUTO_INCREMENT de la tabla `period`
--
ALTER TABLE `period`
  MODIFY `idPeriod` int(15) NOT NULL AUTO_INCREMENT, AUTO_INCREMENT=3;
--
-- AUTO_INCREMENT de la tabla `permission`
--
ALTER TABLE `permission`
  MODIFY `idPermission` int(15) NOT NULL AUTO_INCREMENT;
--
-- AUTO_INCREMENT de la tabla `permission_grade`
--
ALTER TABLE `permission_grade`
  MODIFY `idPermission_Grade` int(15) NOT NULL AUTO_INCREMENT;
--
-- AUTO_INCREMENT de la tabla `pg_profiles`
--
ALTER TABLE `pg_profiles`
  MODIFY `idRP` int(15) NOT NULL AUTO_INCREMENT;
--
-- AUTO_INCREMENT de la tabla `pg_students`
--
ALTER TABLE `pg_students`
  MODIFY `idRegisterPermission` int(15) NOT NULL AUTO_INCREMENT;
--
-- AUTO_INCREMENT de la tabla `record`
--
ALTER TABLE `record`
  MODIFY `idRecord` int(11) NOT NULL AUTO_INCREMENT;
--
-- AUTO_INCREMENT de la tabla `register_subject`
--
ALTER TABLE `register_subject`
  MODIFY `idRegisterSubject` int(15) NOT NULL AUTO_INCREMENT, AUTO_INCREMENT=70;
--
-- AUTO_INCREMENT de la tabla `schedule_register`
--
ALTER TABLE `schedule_register`
  MODIFY `idS_Register` int(15) NOT NULL AUTO_INCREMENT, AUTO_INCREMENT=247;
--
-- AUTO_INCREMENT de la tabla `schedule_teacher_gnrl_info`
--
ALTER TABLE `schedule_teacher_gnrl_info`
  MODIFY `idScheduleInfo` int(15) NOT NULL AUTO_INCREMENT, AUTO_INCREMENT=247;
--
-- AUTO_INCREMENT de la tabla `section`
--
ALTER TABLE `section`
  MODIFY `idSection` int(15) NOT NULL AUTO_INCREMENT, AUTO_INCREMENT=13;
--
-- AUTO_INCREMENT de la tabla `section_schedule_1`
--
ALTER TABLE `section_schedule_1`
  MODIFY `idRegister` int(15) NOT NULL AUTO_INCREMENT, AUTO_INCREMENT=14;
--
-- AUTO_INCREMENT de la tabla `section_schedule_2`
--
ALTER TABLE `section_schedule_2`
  MODIFY `idRegister` int(15) NOT NULL AUTO_INCREMENT, AUTO_INCREMENT=21;
--
-- AUTO_INCREMENT de la tabla `section_schedule_3`
--
ALTER TABLE `section_schedule_3`
  MODIFY `idRegister` int(15) NOT NULL AUTO_INCREMENT, AUTO_INCREMENT=10;
--
-- AUTO_INCREMENT de la tabla `section_schedule_4`
--
ALTER TABLE `section_schedule_4`
  MODIFY `idRegister` int(15) NOT NULL AUTO_INCREMENT, AUTO_INCREMENT=20;
--
-- AUTO_INCREMENT de la tabla `section_schedule_5`
--
ALTER TABLE `section_schedule_5`
  MODIFY `idRegister` int(15) NOT NULL AUTO_INCREMENT, AUTO_INCREMENT=23;
--
-- AUTO_INCREMENT de la tabla `section_schedule_6`
--
ALTER TABLE `section_schedule_6`
  MODIFY `idRegister` int(15) NOT NULL AUTO_INCREMENT, AUTO_INCREMENT=33;
--
-- AUTO_INCREMENT de la tabla `section_schedule_7`
--
ALTER TABLE `section_schedule_7`
  MODIFY `idRegister` int(15) NOT NULL AUTO_INCREMENT, AUTO_INCREMENT=33;
--
-- AUTO_INCREMENT de la tabla `section_schedule_8`
--
ALTER TABLE `section_schedule_8`
  MODIFY `idRegister` int(15) NOT NULL AUTO_INCREMENT, AUTO_INCREMENT=29;
--
-- AUTO_INCREMENT de la tabla `section_schedule_9`
--
ALTER TABLE `section_schedule_9`
  MODIFY `idRegister` int(15) NOT NULL AUTO_INCREMENT, AUTO_INCREMENT=22;
--
-- AUTO_INCREMENT de la tabla `section_schedule_10`
--
ALTER TABLE `section_schedule_10`
  MODIFY `idRegister` int(15) NOT NULL AUTO_INCREMENT, AUTO_INCREMENT=17;
--
-- AUTO_INCREMENT de la tabla `section_schedule_11`
--
ALTER TABLE `section_schedule_11`
  MODIFY `idRegister` int(15) NOT NULL AUTO_INCREMENT, AUTO_INCREMENT=25;
--
-- AUTO_INCREMENT de la tabla `section_schedule_12`
--
ALTER TABLE `section_schedule_12`
  MODIFY `idRegister` int(15) NOT NULL AUTO_INCREMENT, AUTO_INCREMENT=11;
--
-- AUTO_INCREMENT de la tabla `specialty`
--
ALTER TABLE `specialty`
  MODIFY `idSpecialty` int(15) NOT NULL AUTO_INCREMENT, AUTO_INCREMENT=7;
--
-- AUTO_INCREMENT de la tabla `student_acc`
--
ALTER TABLE `student_acc`
  MODIFY `idAcc` int(11) NOT NULL AUTO_INCREMENT, AUTO_INCREMENT=283;
--
-- AUTO_INCREMENT de la tabla `student_average`
--
ALTER TABLE `student_average`
  MODIFY `idAverage` int(11) NOT NULL AUTO_INCREMENT, AUTO_INCREMENT=539;
--
-- AUTO_INCREMENT de la tabla `subject`
--
ALTER TABLE `subject`
  MODIFY `idSubject` int(15) NOT NULL AUTO_INCREMENT, AUTO_INCREMENT=28;
--
-- AUTO_INCREMENT de la tabla `suspended`
--
ALTER TABLE `suspended`
  MODIFY `idSuspended` int(15) NOT NULL AUTO_INCREMENT;
--
-- AUTO_INCREMENT de la tabla `teacher_schedule_d1466`
--
ALTER TABLE `teacher_schedule_d1466`
  MODIFY `idRegister` int(11) NOT NULL AUTO_INCREMENT, AUTO_INCREMENT=16;
--
-- AUTO_INCREMENT de la tabla `teacher_schedule_d1754`
--
ALTER TABLE `teacher_schedule_d1754`
  MODIFY `idRegister` int(11) NOT NULL AUTO_INCREMENT, AUTO_INCREMENT=19;
--
-- AUTO_INCREMENT de la tabla `teacher_schedule_d2182`
--
ALTER TABLE `teacher_schedule_d2182`
  MODIFY `idRegister` int(11) NOT NULL AUTO_INCREMENT, AUTO_INCREMENT=19;
--
-- AUTO_INCREMENT de la tabla `teacher_schedule_d2414`
--
ALTER TABLE `teacher_schedule_d2414`
  MODIFY `idRegister` int(11) NOT NULL AUTO_INCREMENT, AUTO_INCREMENT=25;
--
-- AUTO_INCREMENT de la tabla `teacher_schedule_d3132`
--
ALTER TABLE `teacher_schedule_d3132`
  MODIFY `idRegister` int(11) NOT NULL AUTO_INCREMENT, AUTO_INCREMENT=23;
--
-- AUTO_INCREMENT de la tabla `teacher_schedule_d4198`
--
ALTER TABLE `teacher_schedule_d4198`
  MODIFY `idRegister` int(11) NOT NULL AUTO_INCREMENT, AUTO_INCREMENT=32;
--
-- AUTO_INCREMENT de la tabla `teacher_schedule_d4994`
--
ALTER TABLE `teacher_schedule_d4994`
  MODIFY `idRegister` int(11) NOT NULL AUTO_INCREMENT, AUTO_INCREMENT=25;
--
-- AUTO_INCREMENT de la tabla `teacher_schedule_d5587`
--
ALTER TABLE `teacher_schedule_d5587`
  MODIFY `idRegister` int(11) NOT NULL AUTO_INCREMENT, AUTO_INCREMENT=19;
--
-- AUTO_INCREMENT de la tabla `teacher_schedule_d5991`
--
ALTER TABLE `teacher_schedule_d5991`
  MODIFY `idRegister` int(11) NOT NULL AUTO_INCREMENT, AUTO_INCREMENT=23;
--
-- AUTO_INCREMENT de la tabla `teacher_schedule_d6151`
--
ALTER TABLE `teacher_schedule_d6151`
  MODIFY `idRegister` int(11) NOT NULL AUTO_INCREMENT, AUTO_INCREMENT=17;
--
-- AUTO_INCREMENT de la tabla `teacher_schedule_d6979`
--
ALTER TABLE `teacher_schedule_d6979`
  MODIFY `idRegister` int(11) NOT NULL AUTO_INCREMENT, AUTO_INCREMENT=15;
--
-- AUTO_INCREMENT de la tabla `teacher_schedule_d9292`
--
ALTER TABLE `teacher_schedule_d9292`
  MODIFY `idRegister` int(11) NOT NULL AUTO_INCREMENT, AUTO_INCREMENT=25;
--
-- Restricciones para tablas volcadas
--

--
-- Filtros para la tabla `accumulated_note`
--
ALTER TABLE `accumulated_note`
  ADD CONSTRAINT `accumulated_note_ibfk_1` FOREIGN KEY (`idSubject`) REFERENCES `subject` (`idSubject`),
  ADD CONSTRAINT `accumulated_note_ibfk_2` FOREIGN KEY (`idStudent`) REFERENCES `student` (`idStudent`);

--
-- Filtros para la tabla `applied_code`
--
ALTER TABLE `applied_code`
  ADD CONSTRAINT `applied_code_ibfk_1` FOREIGN KEY (`idCode`) REFERENCES `code` (`idCode`),
  ADD CONSTRAINT `applied_code_ibfk_2` FOREIGN KEY (`idPeriod`) REFERENCES `period` (`idPeriod`);

--
-- Filtros para la tabla `assistance`
--
ALTER TABLE `assistance`
  ADD CONSTRAINT `assistance_ibfk_1` FOREIGN KEY (`idStudent`) REFERENCES `student` (`idStudent`),
  ADD CONSTRAINT `assistance_ibfk_2` FOREIGN KEY (`idSchedule`) REFERENCES `schedule_register` (`idS_Register`);

--
-- Filtros para la tabla `averages`
--
ALTER TABLE `averages`
  ADD CONSTRAINT `averages_ibfk_1` FOREIGN KEY (`idSubject`) REFERENCES `subject` (`idSubject`),
  ADD CONSTRAINT `averages_ibfk_2` FOREIGN KEY (`idStudent`) REFERENCES `student` (`idStudent`),
  ADD CONSTRAINT `averages_ibfk_3` FOREIGN KEY (`idPeriod`) REFERENCES `period` (`idPeriod`);

--
-- Filtros para la tabla `code`
--
ALTER TABLE `code`
  ADD CONSTRAINT `code_ibfk_1` FOREIGN KEY (`type`) REFERENCES `code_type` (`idType`),
  ADD CONSTRAINT `code_ibfk_2` FOREIGN KEY (`category`) REFERENCES `code_category` (`idCategory`);

--
-- Filtros para la tabla `evaluation_profile`
--
ALTER TABLE `evaluation_profile`
  ADD CONSTRAINT `evaluation_profile_ibfk_1` FOREIGN KEY (`idPeriod`) REFERENCES `period` (`idPeriod`),
  ADD CONSTRAINT `evaluation_profile_ibfk_2` FOREIGN KEY (`idSubject`) REFERENCES `subject` (`idSubject`);

--
-- Filtros para la tabla `gnrl_code`
--
ALTER TABLE `gnrl_code`
  ADD CONSTRAINT `gnrl_code_ibfk_1` FOREIGN KEY (`code_reference`) REFERENCES `code_type` (`idType`),
  ADD CONSTRAINT `gnrl_code_ibfk_3` FOREIGN KEY (`type_result`) REFERENCES `code_type` (`idType`),
  ADD CONSTRAINT `gnrl_code_ibfk_4` FOREIGN KEY (`code_result`) REFERENCES `code` (`idCode`);

--
-- Filtros para la tabla `gnrl_info`
--
ALTER TABLE `gnrl_info`
  ADD CONSTRAINT `gnrl_info_ibfk_1` FOREIGN KEY (`expulsion_state`) REFERENCES `state_academic` (`idState`);

--
-- Filtros para la tabla `grade`
--
ALTER TABLE `grade`
  ADD CONSTRAINT `grade_ibfk_1` FOREIGN KEY (`idProfile`) REFERENCES `evaluation_profile` (`idProfile`),
  ADD CONSTRAINT `grade_ibfk_2` FOREIGN KEY (`idStudent`) REFERENCES `student` (`idStudent`);

--
-- Filtros para la tabla `justification`
--
ALTER TABLE `justification`
  ADD CONSTRAINT `justification_ibfk_1` FOREIGN KEY (`idAssistance`) REFERENCES `assistance` (`idAssistance`);

--
-- Filtros para la tabla `justify_abscense`
--
ALTER TABLE `justify_abscense`
  ADD CONSTRAINT `justify_abscense_ibfk_1` FOREIGN KEY (`idCoor`) REFERENCES `coordinator` (`idCoor`),
  ADD CONSTRAINT `justify_abscense_ibfk_2` FOREIGN KEY (`idTeacher`) REFERENCES `teacher` (`idTeacher`),
  ADD CONSTRAINT `justify_abscense_ibfk_3` FOREIGN KEY (`idStudent`) REFERENCES `student` (`idStudent`),
  ADD CONSTRAINT `justify_abscense_ibfk_4` FOREIGN KEY (`idGrade`) REFERENCES `grade` (`idGrade`);

--
-- Filtros para la tabla `mandated`
--
ALTER TABLE `mandated`
  ADD CONSTRAINT `mandated_ibfk_1` FOREIGN KEY (`idStudent`) REFERENCES `student` (`idStudent`);

--
-- Filtros para la tabla `permission`
--
ALTER TABLE `permission`
  ADD CONSTRAINT `permission_ibfk_1` FOREIGN KEY (`idStudent`) REFERENCES `student` (`idStudent`),
  ADD CONSTRAINT `permission_ibfk_2` FOREIGN KEY (`idSchedule`) REFERENCES `schedule_register` (`idS_Register`);

--
-- Filtros para la tabla `pg_profiles`
--
ALTER TABLE `pg_profiles`
  ADD CONSTRAINT `pg_profiles_ibfk_1` FOREIGN KEY (`idProfile`) REFERENCES `evaluation_profile` (`idProfile`),
  ADD CONSTRAINT `pg_profiles_ibfk_2` FOREIGN KEY (`idPermission`) REFERENCES `permission_grade` (`idPermission_Grade`);

--
-- Filtros para la tabla `pg_students`
--
ALTER TABLE `pg_students`
  ADD CONSTRAINT `pg_students_ibfk_1` FOREIGN KEY (`idStudent`) REFERENCES `student` (`idStudent`),
  ADD CONSTRAINT `pg_students_ibfk_2` FOREIGN KEY (`idPermission`) REFERENCES `permission_grade` (`idPermission_Grade`);

--
-- Filtros para la tabla `record`
--
ALTER TABLE `record`
  ADD CONSTRAINT `record_ibfk_1` FOREIGN KEY (`idApplied_Code`) REFERENCES `applied_code` (`idApplied_Code`),
  ADD CONSTRAINT `record_ibfk_2` FOREIGN KEY (`idStudent`) REFERENCES `student` (`idStudent`);

--
-- Filtros para la tabla `register_subject`
--
ALTER TABLE `register_subject`
  ADD CONSTRAINT `register_subject_ibfk_1` FOREIGN KEY (`idSection`) REFERENCES `section` (`idSection`),
  ADD CONSTRAINT `register_subject_ibfk_2` FOREIGN KEY (`idSubject`) REFERENCES `subject` (`idSubject`);

--
-- Filtros para la tabla `schedule_register`
--
ALTER TABLE `schedule_register`
  ADD CONSTRAINT `schedule_register_ibfk_1` FOREIGN KEY (`idSubject`) REFERENCES `subject` (`idSubject`),
  ADD CONSTRAINT `schedule_register_ibfk_2` FOREIGN KEY (`idSection`) REFERENCES `section` (`idSection`);

--
-- Filtros para la tabla `schedule_teacher_gnrl_info`
--
ALTER TABLE `schedule_teacher_gnrl_info`
  ADD CONSTRAINT `schedule_teacher_gnrl_info_ibfk_1` FOREIGN KEY (`idS_Register`) REFERENCES `schedule_register` (`idS_Register`),
  ADD CONSTRAINT `schedule_teacher_gnrl_info_ibfk_2` FOREIGN KEY (`idTeacher`) REFERENCES `teacher` (`idTeacher`);

--
-- Filtros para la tabla `section`
--
ALTER TABLE `section`
  ADD CONSTRAINT `section_ibfk_1` FOREIGN KEY (`idLevel`) REFERENCES `level` (`idLevel`),
  ADD CONSTRAINT `section_ibfk_2` FOREIGN KEY (`idSpecialty`) REFERENCES `specialty` (`idSpecialty`),
  ADD CONSTRAINT `section_ibfk_3` FOREIGN KEY (`idTeacher`) REFERENCES `teacher` (`idTeacher`);

--
-- Filtros para la tabla `section_schedule_1`
--
ALTER TABLE `section_schedule_1`
  ADD CONSTRAINT `section_schedule_1_ibfk_1` FOREIGN KEY (`idScheduleRegister`) REFERENCES `schedule_register` (`idS_Register`);

--
-- Filtros para la tabla `section_schedule_2`
--
ALTER TABLE `section_schedule_2`
  ADD CONSTRAINT `section_schedule_2_ibfk_1` FOREIGN KEY (`idScheduleRegister`) REFERENCES `schedule_register` (`idS_Register`);

--
-- Filtros para la tabla `section_schedule_3`
--
ALTER TABLE `section_schedule_3`
  ADD CONSTRAINT `section_schedule_3_ibfk_1` FOREIGN KEY (`idScheduleRegister`) REFERENCES `schedule_register` (`idS_Register`);

--
-- Filtros para la tabla `section_schedule_4`
--
ALTER TABLE `section_schedule_4`
  ADD CONSTRAINT `section_schedule_4_ibfk_1` FOREIGN KEY (`idScheduleRegister`) REFERENCES `schedule_register` (`idS_Register`);

--
-- Filtros para la tabla `section_schedule_5`
--
ALTER TABLE `section_schedule_5`
  ADD CONSTRAINT `section_schedule_5_ibfk_1` FOREIGN KEY (`idScheduleRegister`) REFERENCES `schedule_register` (`idS_Register`);

--
-- Filtros para la tabla `section_schedule_6`
--
ALTER TABLE `section_schedule_6`
  ADD CONSTRAINT `section_schedule_6_ibfk_1` FOREIGN KEY (`idScheduleRegister`) REFERENCES `schedule_register` (`idS_Register`);

--
-- Filtros para la tabla `section_schedule_7`
--
ALTER TABLE `section_schedule_7`
  ADD CONSTRAINT `section_schedule_7_ibfk_1` FOREIGN KEY (`idScheduleRegister`) REFERENCES `schedule_register` (`idS_Register`);

--
-- Filtros para la tabla `section_schedule_8`
--
ALTER TABLE `section_schedule_8`
  ADD CONSTRAINT `section_schedule_8_ibfk_1` FOREIGN KEY (`idScheduleRegister`) REFERENCES `schedule_register` (`idS_Register`);

--
-- Filtros para la tabla `section_schedule_9`
--
ALTER TABLE `section_schedule_9`
  ADD CONSTRAINT `section_schedule_9_ibfk_1` FOREIGN KEY (`idScheduleRegister`) REFERENCES `schedule_register` (`idS_Register`);

--
-- Filtros para la tabla `section_schedule_10`
--
ALTER TABLE `section_schedule_10`
  ADD CONSTRAINT `section_schedule_10_ibfk_1` FOREIGN KEY (`idScheduleRegister`) REFERENCES `schedule_register` (`idS_Register`);

--
-- Filtros para la tabla `section_schedule_11`
--
ALTER TABLE `section_schedule_11`
  ADD CONSTRAINT `section_schedule_11_ibfk_1` FOREIGN KEY (`idScheduleRegister`) REFERENCES `schedule_register` (`idS_Register`);

--
-- Filtros para la tabla `section_schedule_12`
--
ALTER TABLE `section_schedule_12`
  ADD CONSTRAINT `section_schedule_12_ibfk_1` FOREIGN KEY (`idScheduleRegister`) REFERENCES `schedule_register` (`idS_Register`);

--
-- Filtros para la tabla `student`
--
ALTER TABLE `student`
  ADD CONSTRAINT `student_ibfk_1` FOREIGN KEY (`idSection`) REFERENCES `section` (`idSection`),
  ADD CONSTRAINT `student_ibfk_2` FOREIGN KEY (`stateAcademic`) REFERENCES `state_academic` (`idState`);

--
-- Filtros para la tabla `student_acc`
--
ALTER TABLE `student_acc`
  ADD CONSTRAINT `student_acc_ibfk_1` FOREIGN KEY (`idStudent`) REFERENCES `student` (`idStudent`);

--
-- Filtros para la tabla `student_average`
--
ALTER TABLE `student_average`
  ADD CONSTRAINT `student_average_ibfk_1` FOREIGN KEY (`idStudent`) REFERENCES `student` (`idStudent`),
  ADD CONSTRAINT `student_average_ibfk_2` FOREIGN KEY (`idPeriod`) REFERENCES `period` (`idPeriod`);

--
-- Filtros para la tabla `subject`
--
ALTER TABLE `subject`
  ADD CONSTRAINT `subject_ibfk_1` FOREIGN KEY (`idTeacher`) REFERENCES `teacher` (`idTeacher`);

--
-- Filtros para la tabla `suspended`
--
ALTER TABLE `suspended`
  ADD CONSTRAINT `suspended_ibfk_2` FOREIGN KEY (`idStudent`) REFERENCES `student` (`idStudent`),
  ADD CONSTRAINT `suspended_ibfk_3` FOREIGN KEY (`idApplied_Code`) REFERENCES `applied_code` (`idApplied_Code`);

--
-- Filtros para la tabla `teacher_schedule_d1466`
--
ALTER TABLE `teacher_schedule_d1466`
  ADD CONSTRAINT `teacher_schedule_D1466_ibfk_1` FOREIGN KEY (`idScheduleInfo`) REFERENCES `schedule_teacher_gnrl_info` (`idScheduleInfo`);

--
-- Filtros para la tabla `teacher_schedule_d1754`
--
ALTER TABLE `teacher_schedule_d1754`
  ADD CONSTRAINT `teacher_schedule_D1754_ibfk_1` FOREIGN KEY (`idScheduleInfo`) REFERENCES `schedule_teacher_gnrl_info` (`idScheduleInfo`);

--
-- Filtros para la tabla `teacher_schedule_d2182`
--
ALTER TABLE `teacher_schedule_d2182`
  ADD CONSTRAINT `teacher_schedule_D2182_ibfk_1` FOREIGN KEY (`idScheduleInfo`) REFERENCES `schedule_teacher_gnrl_info` (`idScheduleInfo`);

--
-- Filtros para la tabla `teacher_schedule_d2414`
--
ALTER TABLE `teacher_schedule_d2414`
  ADD CONSTRAINT `teacher_schedule_D2414_ibfk_1` FOREIGN KEY (`idScheduleInfo`) REFERENCES `schedule_teacher_gnrl_info` (`idScheduleInfo`);

--
-- Filtros para la tabla `teacher_schedule_d3132`
--
ALTER TABLE `teacher_schedule_d3132`
  ADD CONSTRAINT `teacher_schedule_D3132_ibfk_1` FOREIGN KEY (`idScheduleInfo`) REFERENCES `schedule_teacher_gnrl_info` (`idScheduleInfo`);

--
-- Filtros para la tabla `teacher_schedule_d4198`
--
ALTER TABLE `teacher_schedule_d4198`
  ADD CONSTRAINT `teacher_schedule_D4198_ibfk_1` FOREIGN KEY (`idScheduleInfo`) REFERENCES `schedule_teacher_gnrl_info` (`idScheduleInfo`);

--
-- Filtros para la tabla `teacher_schedule_d4994`
--
ALTER TABLE `teacher_schedule_d4994`
  ADD CONSTRAINT `teacher_schedule_D4994_ibfk_1` FOREIGN KEY (`idScheduleInfo`) REFERENCES `schedule_teacher_gnrl_info` (`idScheduleInfo`);

--
-- Filtros para la tabla `teacher_schedule_d5587`
--
ALTER TABLE `teacher_schedule_d5587`
  ADD CONSTRAINT `teacher_schedule_D5587_ibfk_1` FOREIGN KEY (`idScheduleInfo`) REFERENCES `schedule_teacher_gnrl_info` (`idScheduleInfo`);

--
-- Filtros para la tabla `teacher_schedule_d5991`
--
ALTER TABLE `teacher_schedule_d5991`
  ADD CONSTRAINT `teacher_schedule_D5991_ibfk_1` FOREIGN KEY (`idScheduleInfo`) REFERENCES `schedule_teacher_gnrl_info` (`idScheduleInfo`);

--
-- Filtros para la tabla `teacher_schedule_d6151`
--
ALTER TABLE `teacher_schedule_d6151`
  ADD CONSTRAINT `teacher_schedule_D6151_ibfk_1` FOREIGN KEY (`idScheduleInfo`) REFERENCES `schedule_teacher_gnrl_info` (`idScheduleInfo`);

--
-- Filtros para la tabla `teacher_schedule_d6979`
--
ALTER TABLE `teacher_schedule_d6979`
  ADD CONSTRAINT `teacher_schedule_D6979_ibfk_1` FOREIGN KEY (`idScheduleInfo`) REFERENCES `schedule_teacher_gnrl_info` (`idScheduleInfo`);

--
-- Filtros para la tabla `teacher_schedule_d9292`
--
ALTER TABLE `teacher_schedule_d9292`
  ADD CONSTRAINT `teacher_schedule_D9292_ibfk_1` FOREIGN KEY (`idScheduleInfo`) REFERENCES `schedule_teacher_gnrl_info` (`idScheduleInfo`);

/*!40101 SET CHARACTER_SET_CLIENT=@OLD_CHARACTER_SET_CLIENT */;
/*!40101 SET CHARACTER_SET_RESULTS=@OLD_CHARACTER_SET_RESULTS */;
/*!40101 SET COLLATION_CONNECTION=@OLD_COLLATION_CONNECTION */;
